Date,Category,Filename,Filepath,Hashtags,Caption,Languages,Publish_Timestamp
20-03-2025 10:00,White,KadhalThinamThinam008.png,https://github.com/mr-php20/amiableWrites/blob/main/White/KadhalThinamThinam008.png?raw=true,"#amiablewrites #kadhalthinamthinam #meendumorkadhalmazhai #karpanaiyokadhalvasam #peachhouseperson #arivalan

#TamilKavithai #TamilPoetry #TamilLovePoems #KadhalKavithai #RomanticKavithai #TamilKadhal #KadhalPoetry #TamilQuotes #TamilKadhalKavithaigal #RomanticQuotes #TamilKavithaigal #TamilLoveQuotes #TamilSadQuotes #TamilThathuvangal #TamilKavidhai #TamilPoems #TamilKavithaikal #TamilLoveStory #PoetryInTamil #LoveInTamil #TamilRomanticQuotes #TamilInstaPoetry #TamilQuoteLovers #InstaKavithai #KadhalInstagram","Save this poem as your little love reminder to brighten your day. If it touched your heart, leave a ❤, and share it with someone who needs to hear this. Let's spread love... save it, share it!

இக்கவிதையை உங்கள் நாளை சிறப்பாக்கும் காதல் நினைவாக சேமியுங்கள். இதன் உணர்வுகள் உங்கள் இதயத்தை தழுவி இருந்தால், ❤ கொடுக்கவும், இதை உணர வேண்டியவருடன் பகிரவும். காதலை பரப்புவோம்... சேமியுங்கள், பகிருங்கள்!","Tamil, English",1742445000
21-03-2025 10:00,Black,KadhalThinamThinam041.png,https://github.com/mr-php20/amiableWrites/blob/main/Black/KadhalThinamThinam041.png?raw=true,"#amiablewrites #kadhalthinamthinam #meendumorkadhalmazhai #karpanaiyokadhalvasam #peachhouseperson #arivalan

#TamilKavithai #TamilPoetry #TamilLovePoems #KadhalKavithai #RomanticKavithai #TamilKadhal #KadhalPoetry #TamilQuotes #TamilKadhalKavithaigal #RomanticQuotes #TamilKavithaigal #TamilLoveQuotes #TamilSadQuotes #TamilThathuvangal #TamilKavidhai #TamilPoems #TamilKavithaikal #TamilLoveStory #PoetryInTamil #LoveInTamil #TamilRomanticQuotes #TamilInstaPoetry #TamilQuoteLovers #InstaKavithai #KadhalInstagram","Save this poem as your little love reminder to brighten your day. If it touched your heart, leave a ❤, and share it with someone who needs to hear this. Let's spread love... save it, share it!

இக்கவிதையை உங்கள் நாளை சிறப்பாக்கும் காதல் நினைவாக சேமியுங்கள். இதன் உணர்வுகள் உங்கள் இதயத்தை தழுவி இருந்தால், ❤ கொடுக்கவும், இதை உணர வேண்டியவருடன் பகிரவும். காதலை பரப்புவோம்... சேமியுங்கள், பகிருங்கள்!","Tamil, English",1742531400
22-03-2025 10:00,Color,0000_Violet_KadhalThinamThinam203.png,https://github.com/mr-php20/amiableWrites/blob/main/Spectrum/0000_Violet_KadhalThinamThinam203.png?raw=true,"#amiablewrites #kadhalthinamthinam #meendumorkadhalmazhai #karpanaiyokadhalvasam #peachhouseperson #arivalan

#TamilKavithai #TamilPoetry #TamilLovePoems #KadhalKavithai #RomanticKavithai #TamilKadhal #KadhalPoetry #TamilQuotes #TamilKadhalKavithaigal #RomanticQuotes #TamilKavithaigal #TamilLoveQuotes #TamilSadQuotes #TamilThathuvangal #TamilKavidhai #TamilPoems #TamilKavithaikal #TamilLoveStory #PoetryInTamil #LoveInTamil #TamilRomanticQuotes #TamilInstaPoetry #TamilQuoteLovers #InstaKavithai #KadhalInstagram","Save this poem as your little love reminder to brighten your day. If it touched your heart, leave a ❤, and share it with someone who needs to hear this. Let's spread love... save it, share it!

இக்கவிதையை உங்கள் நாளை சிறப்பாக்கும் காதல் நினைவாக சேமியுங்கள். இதன் உணர்வுகள் உங்கள் இதயத்தை தழுவி இருந்தால், ❤ கொடுக்கவும், இதை உணர வேண்டியவருடன் பகிரவும். காதலை பரப்புவோம்... சேமியுங்கள், பகிருங்கள்!","Tamil, English",1742617800
23-03-2025 10:00,White,KadhalThinamThinam084.png,https://github.com/mr-php20/amiableWrites/blob/main/White/KadhalThinamThinam084.png?raw=true,"#amiablewrites #kadhalthinamthinam #meendumorkadhalmazhai #karpanaiyokadhalvasam #peachhouseperson #arivalan

#TamilKavithai #TamilPoetry #TamilLovePoems #KadhalKavithai #RomanticKavithai #TamilKadhal #KadhalPoetry #TamilQuotes #TamilKadhalKavithaigal #RomanticQuotes #TamilKavithaigal #TamilLoveQuotes #TamilSadQuotes #TamilThathuvangal #TamilKavidhai #TamilPoems #TamilKavithaikal #TamilLoveStory #PoetryInTamil #LoveInTamil #TamilRomanticQuotes #TamilInstaPoetry #TamilQuoteLovers #InstaKavithai #KadhalInstagram","Save this poem as your little love reminder to brighten your day. If it touched your heart, leave a ❤, and share it with someone who needs to hear this. Let's spread love... save it, share it!

இக்கவிதையை உங்கள் நாளை சிறப்பாக்கும் காதல் நினைவாக சேமியுங்கள். இதன் உணர்வுகள் உங்கள் இதயத்தை தழுவி இருந்தால், ❤ கொடுக்கவும், இதை உணர வேண்டியவருடன் பகிரவும். காதலை பரப்புவோம்... சேமியுங்கள், பகிருங்கள்!","Tamil, English",1742704200
24-03-2025 10:00,Black,KadhalThinamThinam076.png,https://github.com/mr-php20/amiableWrites/blob/main/Black/KadhalThinamThinam076.png?raw=true,"#amiablewrites #kadhalthinamthinam #meendumorkadhalmazhai #karpanaiyokadhalvasam #peachhouseperson #arivalan

#TamilKavithai #TamilPoetry #TamilLovePoems #KadhalKavithai #RomanticKavithai #TamilKadhal #KadhalPoetry #TamilQuotes #TamilKadhalKavithaigal #RomanticQuotes #TamilKavithaigal #TamilLoveQuotes #TamilSadQuotes #TamilThathuvangal #TamilKavidhai #TamilPoems #TamilKavithaikal #TamilLoveStory #PoetryInTamil #LoveInTamil #TamilRomanticQuotes #TamilInstaPoetry #TamilQuoteLovers #InstaKavithai #KadhalInstagram","Save this poem as your little love reminder to brighten your day. If it touched your heart, leave a ❤, and share it with someone who needs to hear this. Let's spread love... save it, share it!

இக்கவிதையை உங்கள் நாளை சிறப்பாக்கும் காதல் நினைவாக சேமியுங்கள். இதன் உணர்வுகள் உங்கள் இதயத்தை தழுவி இருந்தால், ❤ கொடுக்கவும், இதை உணர வேண்டியவருடன் பகிரவும். காதலை பரப்புவோம்... சேமியுங்கள், பகிருங்கள்!","Tamil, English",1742790600
25-03-2025 10:00,Color,0001_Violet_KadhalThinamThinam295.png,https://github.com/mr-php20/amiableWrites/blob/main/Spectrum/0001_Violet_KadhalThinamThinam295.png?raw=true,"#amiablewrites #kadhalthinamthinam #meendumorkadhalmazhai #karpanaiyokadhalvasam #peachhouseperson #arivalan

#TamilKavithai #TamilPoetry #TamilLovePoems #KadhalKavithai #RomanticKavithai #TamilKadhal #KadhalPoetry #TamilQuotes #TamilKadhalKavithaigal #RomanticQuotes #TamilKavithaigal #TamilLoveQuotes #TamilSadQuotes #TamilThathuvangal #TamilKavidhai #TamilPoems #TamilKavithaikal #TamilLoveStory #PoetryInTamil #LoveInTamil #TamilRomanticQuotes #TamilInstaPoetry #TamilQuoteLovers #InstaKavithai #KadhalInstagram","Save this poem as your little love reminder to brighten your day. If it touched your heart, leave a ❤, and share it with someone who needs to hear this. Let's spread love... save it, share it!

இக்கவிதையை உங்கள் நாளை சிறப்பாக்கும் காதல் நினைவாக சேமியுங்கள். இதன் உணர்வுகள் உங்கள் இதயத்தை தழுவி இருந்தால், ❤ கொடுக்கவும், இதை உணர வேண்டியவருடன் பகிரவும். காதலை பரப்புவோம்... சேமியுங்கள், பகிருங்கள்!","Tamil, English",1742877000
26-03-2025 10:00,White,KadhalThinamThinam089.png,https://github.com/mr-php20/amiableWrites/blob/main/White/KadhalThinamThinam089.png?raw=true,"#amiablewrites #kadhalthinamthinam #meendumorkadhalmazhai #karpanaiyokadhalvasam #peachhouseperson #arivalan

#TamilKavithai #TamilPoetry #TamilLovePoems #KadhalKavithai #RomanticKavithai #TamilKadhal #KadhalPoetry #TamilQuotes #TamilKadhalKavithaigal #RomanticQuotes #TamilKavithaigal #TamilLoveQuotes #TamilSadQuotes #TamilThathuvangal #TamilKavidhai #TamilPoems #TamilKavithaikal #TamilLoveStory #PoetryInTamil #LoveInTamil #TamilRomanticQuotes #TamilInstaPoetry #TamilQuoteLovers #InstaKavithai #KadhalInstagram","Save this poem as your little love reminder to brighten your day. If it touched your heart, leave a ❤, and share it with someone who needs to hear this. Let's spread love... save it, share it!

இக்கவிதையை உங்கள் நாளை சிறப்பாக்கும் காதல் நினைவாக சேமியுங்கள். இதன் உணர்வுகள் உங்கள் இதயத்தை தழுவி இருந்தால், ❤ கொடுக்கவும், இதை உணர வேண்டியவருடன் பகிரவும். காதலை பரப்புவோம்... சேமியுங்கள், பகிருங்கள்!","Tamil, English",1742963400
27-03-2025 10:00,Black,KadhalThinamThinam079.png,https://github.com/mr-php20/amiableWrites/blob/main/Black/KadhalThinamThinam079.png?raw=true,"#amiablewrites #kadhalthinamthinam #meendumorkadhalmazhai #karpanaiyokadhalvasam #peachhouseperson #arivalan

#TamilKavithai #TamilPoetry #TamilLovePoems #KadhalKavithai #RomanticKavithai #TamilKadhal #KadhalPoetry #TamilQuotes #TamilKadhalKavithaigal #RomanticQuotes #TamilKavithaigal #TamilLoveQuotes #TamilSadQuotes #TamilThathuvangal #TamilKavidhai #TamilPoems #TamilKavithaikal #TamilLoveStory #PoetryInTamil #LoveInTamil #TamilRomanticQuotes #TamilInstaPoetry #TamilQuoteLovers #InstaKavithai #KadhalInstagram","Save this poem as your little love reminder to brighten your day. If it touched your heart, leave a ❤, and share it with someone who needs to hear this. Let's spread love... save it, share it!

இக்கவிதையை உங்கள் நாளை சிறப்பாக்கும் காதல் நினைவாக சேமியுங்கள். இதன் உணர்வுகள் உங்கள் இதயத்தை தழுவி இருந்தால், ❤ கொடுக்கவும், இதை உணர வேண்டியவருடன் பகிரவும். காதலை பரப்புவோம்... சேமியுங்கள், பகிருங்கள்!","Tamil, English",1743049800
28-03-2025 10:00,Color,0002_Violet_KadhalThinamThinam129.png,https://github.com/mr-php20/amiableWrites/blob/main/Spectrum/0002_Violet_KadhalThinamThinam129.png?raw=true,"#amiablewrites #kadhalthinamthinam #meendumorkadhalmazhai #karpanaiyokadhalvasam #peachhouseperson #arivalan

#TamilKavithai #TamilPoetry #TamilLovePoems #KadhalKavithai #RomanticKavithai #TamilKadhal #KadhalPoetry #TamilQuotes #TamilKadhalKavithaigal #RomanticQuotes #TamilKavithaigal #TamilLoveQuotes #TamilSadQuotes #TamilThathuvangal #TamilKavidhai #TamilPoems #TamilKavithaikal #TamilLoveStory #PoetryInTamil #LoveInTamil #TamilRomanticQuotes #TamilInstaPoetry #TamilQuoteLovers #InstaKavithai #KadhalInstagram","Save this poem as your little love reminder to brighten your day. If it touched your heart, leave a ❤, and share it with someone who needs to hear this. Let's spread love... save it, share it!

இக்கவிதையை உங்கள் நாளை சிறப்பாக்கும் காதல் நினைவாக சேமியுங்கள். இதன் உணர்வுகள் உங்கள் இதயத்தை தழுவி இருந்தால், ❤ கொடுக்கவும், இதை உணர வேண்டியவருடன் பகிரவும். காதலை பரப்புவோம்... சேமியுங்கள், பகிருங்கள்!","Tamil, English",1743136200
29-03-2025 10:00,White,KadhalThinamThinam091.png,https://github.com/mr-php20/amiableWrites/blob/main/White/KadhalThinamThinam091.png?raw=true,"#amiablewrites #kadhalthinamthinam #meendumorkadhalmazhai #karpanaiyokadhalvasam #peachhouseperson #arivalan

#TamilKavithai #TamilPoetry #TamilLovePoems #KadhalKavithai #RomanticKavithai #TamilKadhal #KadhalPoetry #TamilQuotes #TamilKadhalKavithaigal #RomanticQuotes #TamilKavithaigal #TamilLoveQuotes #TamilSadQuotes #TamilThathuvangal #TamilKavidhai #TamilPoems #TamilKavithaikal #TamilLoveStory #PoetryInTamil #LoveInTamil #TamilRomanticQuotes #TamilInstaPoetry #TamilQuoteLovers #InstaKavithai #KadhalInstagram","Save this poem as your little love reminder to brighten your day. If it touched your heart, leave a ❤, and share it with someone who needs to hear this. Let's spread love... save it, share it!

இக்கவிதையை உங்கள் நாளை சிறப்பாக்கும் காதல் நினைவாக சேமியுங்கள். இதன் உணர்வுகள் உங்கள் இதயத்தை தழுவி இருந்தால், ❤ கொடுக்கவும், இதை உணர வேண்டியவருடன் பகிரவும். காதலை பரப்புவோம்... சேமியுங்கள், பகிருங்கள்!","Tamil, English",1743222600
30-03-2025 10:00,Black,KadhalThinamThinam085.png,https://github.com/mr-php20/amiableWrites/blob/main/Black/KadhalThinamThinam085.png?raw=true,"#amiablewrites #kadhalthinamthinam #meendumorkadhalmazhai #karpanaiyokadhalvasam #peachhouseperson #arivalan

#TamilKavithai #TamilPoetry #TamilLovePoems #KadhalKavithai #RomanticKavithai #TamilKadhal #KadhalPoetry #TamilQuotes #TamilKadhalKavithaigal #RomanticQuotes #TamilKavithaigal #TamilLoveQuotes #TamilSadQuotes #TamilThathuvangal #TamilKavidhai #TamilPoems #TamilKavithaikal #TamilLoveStory #PoetryInTamil #LoveInTamil #TamilRomanticQuotes #TamilInstaPoetry #TamilQuoteLovers #InstaKavithai #KadhalInstagram","Save this poem as your little love reminder to brighten your day. If it touched your heart, leave a ❤, and share it with someone who needs to hear this. Let's spread love... save it, share it!

இக்கவிதையை உங்கள் நாளை சிறப்பாக்கும் காதல் நினைவாக சேமியுங்கள். இதன் உணர்வுகள் உங்கள் இதயத்தை தழுவி இருந்தால், ❤ கொடுக்கவும், இதை உணர வேண்டியவருடன் பகிரவும். காதலை பரப்புவோம்... சேமியுங்கள், பகிருங்கள்!","Tamil, English",1743309000
31-03-2025 10:00,Color,0003_Indigo_KadhalThinamThinam354.png,https://github.com/mr-php20/amiableWrites/blob/main/Spectrum/0003_Indigo_KadhalThinamThinam354.png?raw=true,"#amiablewrites #kadhalthinamthinam #meendumorkadhalmazhai #karpanaiyokadhalvasam #peachhouseperson #arivalan

#TamilKavithai #TamilPoetry #TamilLovePoems #KadhalKavithai #RomanticKavithai #TamilKadhal #KadhalPoetry #TamilQuotes #TamilKadhalKavithaigal #RomanticQuotes #TamilKavithaigal #TamilLoveQuotes #TamilSadQuotes #TamilThathuvangal #TamilKavidhai #TamilPoems #TamilKavithaikal #TamilLoveStory #PoetryInTamil #LoveInTamil #TamilRomanticQuotes #TamilInstaPoetry #TamilQuoteLovers #InstaKavithai #KadhalInstagram","Save this poem as your little love reminder to brighten your day. If it touched your heart, leave a ❤, and share it with someone who needs to hear this. Let's spread love... save it, share it!

இக்கவிதையை உங்கள் நாளை சிறப்பாக்கும் காதல் நினைவாக சேமியுங்கள். இதன் உணர்வுகள் உங்கள் இதயத்தை தழுவி இருந்தால், ❤ கொடுக்கவும், இதை உணர வேண்டியவருடன் பகிரவும். காதலை பரப்புவோம்... சேமியுங்கள், பகிருங்கள்!","Tamil, English",1743395400
01-04-2025 10:00,White,KadhalThinamThinam096.png,https://github.com/mr-php20/amiableWrites/blob/main/White/KadhalThinamThinam096.png?raw=true,"#amiablewrites #kadhalthinamthinam #meendumorkadhalmazhai #karpanaiyokadhalvasam #peachhouseperson #arivalan

#TamilKavithai #TamilPoetry #TamilLovePoems #KadhalKavithai #RomanticKavithai #TamilKadhal #KadhalPoetry #TamilQuotes #TamilKadhalKavithaigal #RomanticQuotes #TamilKavithaigal #TamilLoveQuotes #TamilSadQuotes #TamilThathuvangal #TamilKavidhai #TamilPoems #TamilKavithaikal #TamilLoveStory #PoetryInTamil #LoveInTamil #TamilRomanticQuotes #TamilInstaPoetry #TamilQuoteLovers #InstaKavithai #KadhalInstagram","Save this poem as your little love reminder to brighten your day. If it touched your heart, leave a ❤, and share it with someone who needs to hear this. Let's spread love... save it, share it!

இக்கவிதையை உங்கள் நாளை சிறப்பாக்கும் காதல் நினைவாக சேமியுங்கள். இதன் உணர்வுகள் உங்கள் இதயத்தை தழுவி இருந்தால், ❤ கொடுக்கவும், இதை உணர வேண்டியவருடன் பகிரவும். காதலை பரப்புவோம்... சேமியுங்கள், பகிருங்கள்!","Tamil, English",1743481800
02-04-2025 10:00,Black,KadhalThinamThinam088.png,https://github.com/mr-php20/amiableWrites/blob/main/Black/KadhalThinamThinam088.png?raw=true,"#amiablewrites #kadhalthinamthinam #meendumorkadhalmazhai #karpanaiyokadhalvasam #peachhouseperson #arivalan

#TamilKavithai #TamilPoetry #TamilLovePoems #KadhalKavithai #RomanticKavithai #TamilKadhal #KadhalPoetry #TamilQuotes #TamilKadhalKavithaigal #RomanticQuotes #TamilKavithaigal #TamilLoveQuotes #TamilSadQuotes #TamilThathuvangal #TamilKavidhai #TamilPoems #TamilKavithaikal #TamilLoveStory #PoetryInTamil #LoveInTamil #TamilRomanticQuotes #TamilInstaPoetry #TamilQuoteLovers #InstaKavithai #KadhalInstagram","Save this poem as your little love reminder to brighten your day. If it touched your heart, leave a ❤, and share it with someone who needs to hear this. Let's spread love... save it, share it!

இக்கவிதையை உங்கள் நாளை சிறப்பாக்கும் காதல் நினைவாக சேமியுங்கள். இதன் உணர்வுகள் உங்கள் இதயத்தை தழுவி இருந்தால், ❤ கொடுக்கவும், இதை உணர வேண்டியவருடன் பகிரவும். காதலை பரப்புவோம்... சேமியுங்கள், பகிருங்கள்!","Tamil, English",1743568200
03-04-2025 10:00,Color,0004_Indigo_KadhalThinamThinam339.png,https://github.com/mr-php20/amiableWrites/blob/main/Spectrum/0004_Indigo_KadhalThinamThinam339.png?raw=true,"#amiablewrites #kadhalthinamthinam #meendumorkadhalmazhai #karpanaiyokadhalvasam #peachhouseperson #arivalan

#TamilKavithai #TamilPoetry #TamilLovePoems #KadhalKavithai #RomanticKavithai #TamilKadhal #KadhalPoetry #TamilQuotes #TamilKadhalKavithaigal #RomanticQuotes #TamilKavithaigal #TamilLoveQuotes #TamilSadQuotes #TamilThathuvangal #TamilKavidhai #TamilPoems #TamilKavithaikal #TamilLoveStory #PoetryInTamil #LoveInTamil #TamilRomanticQuotes #TamilInstaPoetry #TamilQuoteLovers #InstaKavithai #KadhalInstagram","Save this poem as your little love reminder to brighten your day. If it touched your heart, leave a ❤, and share it with someone who needs to hear this. Let's spread love... save it, share it!

இக்கவிதையை உங்கள் நாளை சிறப்பாக்கும் காதல் நினைவாக சேமியுங்கள். இதன் உணர்வுகள் உங்கள் இதயத்தை தழுவி இருந்தால், ❤ கொடுக்கவும், இதை உணர வேண்டியவருடன் பகிரவும். காதலை பரப்புவோம்... சேமியுங்கள், பகிருங்கள்!","Tamil, English",1743654600
04-04-2025 10:00,White,KadhalThinamThinam099.png,https://github.com/mr-php20/amiableWrites/blob/main/White/KadhalThinamThinam099.png?raw=true,"#amiablewrites #kadhalthinamthinam #meendumorkadhalmazhai #karpanaiyokadhalvasam #peachhouseperson #arivalan

#TamilKavithai #TamilPoetry #TamilLovePoems #KadhalKavithai #RomanticKavithai #TamilKadhal #KadhalPoetry #TamilQuotes #TamilKadhalKavithaigal #RomanticQuotes #TamilKavithaigal #TamilLoveQuotes #TamilSadQuotes #TamilThathuvangal #TamilKavidhai #TamilPoems #TamilKavithaikal #TamilLoveStory #PoetryInTamil #LoveInTamil #TamilRomanticQuotes #TamilInstaPoetry #TamilQuoteLovers #InstaKavithai #KadhalInstagram","Save this poem as your little love reminder to brighten your day. If it touched your heart, leave a ❤, and share it with someone who needs to hear this. Let's spread love... save it, share it!

இக்கவிதையை உங்கள் நாளை சிறப்பாக்கும் காதல் நினைவாக சேமியுங்கள். இதன் உணர்வுகள் உங்கள் இதயத்தை தழுவி இருந்தால், ❤ கொடுக்கவும், இதை உணர வேண்டியவருடன் பகிரவும். காதலை பரப்புவோம்... சேமியுங்கள், பகிருங்கள்!","Tamil, English",1743741000
05-04-2025 10:00,Black,KadhalThinamThinam090.png,https://github.com/mr-php20/amiableWrites/blob/main/Black/KadhalThinamThinam090.png?raw=true,"#amiablewrites #kadhalthinamthinam #meendumorkadhalmazhai #karpanaiyokadhalvasam #peachhouseperson #arivalan

#TamilKavithai #TamilPoetry #TamilLovePoems #KadhalKavithai #RomanticKavithai #TamilKadhal #KadhalPoetry #TamilQuotes #TamilKadhalKavithaigal #RomanticQuotes #TamilKavithaigal #TamilLoveQuotes #TamilSadQuotes #TamilThathuvangal #TamilKavidhai #TamilPoems #TamilKavithaikal #TamilLoveStory #PoetryInTamil #LoveInTamil #TamilRomanticQuotes #TamilInstaPoetry #TamilQuoteLovers #InstaKavithai #KadhalInstagram","Save this poem as your little love reminder to brighten your day. If it touched your heart, leave a ❤, and share it with someone who needs to hear this. Let's spread love... save it, share it!

இக்கவிதையை உங்கள் நாளை சிறப்பாக்கும் காதல் நினைவாக சேமியுங்கள். இதன் உணர்வுகள் உங்கள் இதயத்தை தழுவி இருந்தால், ❤ கொடுக்கவும், இதை உணர வேண்டியவருடன் பகிரவும். காதலை பரப்புவோம்... சேமியுங்கள், பகிருங்கள்!","Tamil, English",1743827400
06-04-2025 10:00,Color,0005_Indigo_KadhalThinamThinam163.png,https://github.com/mr-php20/amiableWrites/blob/main/Spectrum/0005_Indigo_KadhalThinamThinam163.png?raw=true,"#amiablewrites #kadhalthinamthinam #meendumorkadhalmazhai #karpanaiyokadhalvasam #peachhouseperson #arivalan

#TamilKavithai #TamilPoetry #TamilLovePoems #KadhalKavithai #RomanticKavithai #TamilKadhal #KadhalPoetry #TamilQuotes #TamilKadhalKavithaigal #RomanticQuotes #TamilKavithaigal #TamilLoveQuotes #TamilSadQuotes #TamilThathuvangal #TamilKavidhai #TamilPoems #TamilKavithaikal #TamilLoveStory #PoetryInTamil #LoveInTamil #TamilRomanticQuotes #TamilInstaPoetry #TamilQuoteLovers #InstaKavithai #KadhalInstagram","Save this poem as your little love reminder to brighten your day. If it touched your heart, leave a ❤, and share it with someone who needs to hear this. Let's spread love... save it, share it!

இக்கவிதையை உங்கள் நாளை சிறப்பாக்கும் காதல் நினைவாக சேமியுங்கள். இதன் உணர்வுகள் உங்கள் இதயத்தை தழுவி இருந்தால், ❤ கொடுக்கவும், இதை உணர வேண்டியவருடன் பகிரவும். காதலை பரப்புவோம்... சேமியுங்கள், பகிருங்கள்!","Tamil, English",1743913800
07-04-2025 10:00,White,KadhalThinamThinam105.png,https://github.com/mr-php20/amiableWrites/blob/main/White/KadhalThinamThinam105.png?raw=true,"#amiablewrites #kadhalthinamthinam #meendumorkadhalmazhai #karpanaiyokadhalvasam #peachhouseperson #arivalan

#TamilKavithai #TamilPoetry #TamilLovePoems #KadhalKavithai #RomanticKavithai #TamilKadhal #KadhalPoetry #TamilQuotes #TamilKadhalKavithaigal #RomanticQuotes #TamilKavithaigal #TamilLoveQuotes #TamilSadQuotes #TamilThathuvangal #TamilKavidhai #TamilPoems #TamilKavithaikal #TamilLoveStory #PoetryInTamil #LoveInTamil #TamilRomanticQuotes #TamilInstaPoetry #TamilQuoteLovers #InstaKavithai #KadhalInstagram","Save this poem as your little love reminder to brighten your day. If it touched your heart, leave a ❤, and share it with someone who needs to hear this. Let's spread love... save it, share it!

இக்கவிதையை உங்கள் நாளை சிறப்பாக்கும் காதல் நினைவாக சேமியுங்கள். இதன் உணர்வுகள் உங்கள் இதயத்தை தழுவி இருந்தால், ❤ கொடுக்கவும், இதை உணர வேண்டியவருடன் பகிரவும். காதலை பரப்புவோம்... சேமியுங்கள், பகிருங்கள்!","Tamil, English",1744000200
08-04-2025 10:00,Black,KadhalThinamThinam092.png,https://github.com/mr-php20/amiableWrites/blob/main/Black/KadhalThinamThinam092.png?raw=true,"#amiablewrites #kadhalthinamthinam #meendumorkadhalmazhai #karpanaiyokadhalvasam #peachhouseperson #arivalan

#TamilKavithai #TamilPoetry #TamilLovePoems #KadhalKavithai #RomanticKavithai #TamilKadhal #KadhalPoetry #TamilQuotes #TamilKadhalKavithaigal #RomanticQuotes #TamilKavithaigal #TamilLoveQuotes #TamilSadQuotes #TamilThathuvangal #TamilKavidhai #TamilPoems #TamilKavithaikal #TamilLoveStory #PoetryInTamil #LoveInTamil #TamilRomanticQuotes #TamilInstaPoetry #TamilQuoteLovers #InstaKavithai #KadhalInstagram","Save this poem as your little love reminder to brighten your day. If it touched your heart, leave a ❤, and share it with someone who needs to hear this. Let's spread love... save it, share it!

இக்கவிதையை உங்கள் நாளை சிறப்பாக்கும் காதல் நினைவாக சேமியுங்கள். இதன் உணர்வுகள் உங்கள் இதயத்தை தழுவி இருந்தால், ❤ கொடுக்கவும், இதை உணர வேண்டியவருடன் பகிரவும். காதலை பரப்புவோம்... சேமியுங்கள், பகிருங்கள்!","Tamil, English",1744086600
09-04-2025 10:00,Color,0006_Indigo_KadhalThinamThinam199.png,https://github.com/mr-php20/amiableWrites/blob/main/Spectrum/0006_Indigo_KadhalThinamThinam199.png?raw=true,"#amiablewrites #kadhalthinamthinam #meendumorkadhalmazhai #karpanaiyokadhalvasam #peachhouseperson #arivalan

#TamilKavithai #TamilPoetry #TamilLovePoems #KadhalKavithai #RomanticKavithai #TamilKadhal #KadhalPoetry #TamilQuotes #TamilKadhalKavithaigal #RomanticQuotes #TamilKavithaigal #TamilLoveQuotes #TamilSadQuotes #TamilThathuvangal #TamilKavidhai #TamilPoems #TamilKavithaikal #TamilLoveStory #PoetryInTamil #LoveInTamil #TamilRomanticQuotes #TamilInstaPoetry #TamilQuoteLovers #InstaKavithai #KadhalInstagram","Save this poem as your little love reminder to brighten your day. If it touched your heart, leave a ❤, and share it with someone who needs to hear this. Let's spread love... save it, share it!

இக்கவிதையை உங்கள் நாளை சிறப்பாக்கும் காதல் நினைவாக சேமியுங்கள். இதன் உணர்வுகள் உங்கள் இதயத்தை தழுவி இருந்தால், ❤ கொடுக்கவும், இதை உணர வேண்டியவருடன் பகிரவும். காதலை பரப்புவோம்... சேமியுங்கள், பகிருங்கள்!","Tamil, English",1744173000
10-04-2025 10:00,White,KadhalThinamThinam109.png,https://github.com/mr-php20/amiableWrites/blob/main/White/KadhalThinamThinam109.png?raw=true,"#amiablewrites #kadhalthinamthinam #meendumorkadhalmazhai #karpanaiyokadhalvasam #peachhouseperson #arivalan

#TamilKavithai #TamilPoetry #TamilLovePoems #KadhalKavithai #RomanticKavithai #TamilKadhal #KadhalPoetry #TamilQuotes #TamilKadhalKavithaigal #RomanticQuotes #TamilKavithaigal #TamilLoveQuotes #TamilSadQuotes #TamilThathuvangal #TamilKavidhai #TamilPoems #TamilKavithaikal #TamilLoveStory #PoetryInTamil #LoveInTamil #TamilRomanticQuotes #TamilInstaPoetry #TamilQuoteLovers #InstaKavithai #KadhalInstagram","Save this poem as your little love reminder to brighten your day. If it touched your heart, leave a ❤, and share it with someone who needs to hear this. Let's spread love... save it, share it!

இக்கவிதையை உங்கள் நாளை சிறப்பாக்கும் காதல் நினைவாக சேமியுங்கள். இதன் உணர்வுகள் உங்கள் இதயத்தை தழுவி இருந்தால், ❤ கொடுக்கவும், இதை உணர வேண்டியவருடன் பகிரவும். காதலை பரப்புவோம்... சேமியுங்கள், பகிருங்கள்!","Tamil, English",1744259400
11-04-2025 10:00,Black,KadhalThinamThinam093.png,https://github.com/mr-php20/amiableWrites/blob/main/Black/KadhalThinamThinam093.png?raw=true,"#amiablewrites #kadhalthinamthinam #meendumorkadhalmazhai #karpanaiyokadhalvasam #peachhouseperson #arivalan

#TamilKavithai #TamilPoetry #TamilLovePoems #KadhalKavithai #RomanticKavithai #TamilKadhal #KadhalPoetry #TamilQuotes #TamilKadhalKavithaigal #RomanticQuotes #TamilKavithaigal #TamilLoveQuotes #TamilSadQuotes #TamilThathuvangal #TamilKavidhai #TamilPoems #TamilKavithaikal #TamilLoveStory #PoetryInTamil #LoveInTamil #TamilRomanticQuotes #TamilInstaPoetry #TamilQuoteLovers #InstaKavithai #KadhalInstagram","Save this poem as your little love reminder to brighten your day. If it touched your heart, leave a ❤, and share it with someone who needs to hear this. Let's spread love... save it, share it!

இக்கவிதையை உங்கள் நாளை சிறப்பாக்கும் காதல் நினைவாக சேமியுங்கள். இதன் உணர்வுகள் உங்கள் இதயத்தை தழுவி இருந்தால், ❤ கொடுக்கவும், இதை உணர வேண்டியவருடன் பகிரவும். காதலை பரப்புவோம்... சேமியுங்கள், பகிருங்கள்!","Tamil, English",1744345800
12-04-2025 10:00,Color,0007_Indigo_KadhalThinamThinam304.png,https://github.com/mr-php20/amiableWrites/blob/main/Spectrum/0007_Indigo_KadhalThinamThinam304.png?raw=true,"#amiablewrites #kadhalthinamthinam #meendumorkadhalmazhai #karpanaiyokadhalvasam #peachhouseperson #arivalan

#TamilKavithai #TamilPoetry #TamilLovePoems #KadhalKavithai #RomanticKavithai #TamilKadhal #KadhalPoetry #TamilQuotes #TamilKadhalKavithaigal #RomanticQuotes #TamilKavithaigal #TamilLoveQuotes #TamilSadQuotes #TamilThathuvangal #TamilKavidhai #TamilPoems #TamilKavithaikal #TamilLoveStory #PoetryInTamil #LoveInTamil #TamilRomanticQuotes #TamilInstaPoetry #TamilQuoteLovers #InstaKavithai #KadhalInstagram","Save this poem as your little love reminder to brighten your day. If it touched your heart, leave a ❤, and share it with someone who needs to hear this. Let's spread love... save it, share it!

இக்கவிதையை உங்கள் நாளை சிறப்பாக்கும் காதல் நினைவாக சேமியுங்கள். இதன் உணர்வுகள் உங்கள் இதயத்தை தழுவி இருந்தால், ❤ கொடுக்கவும், இதை உணர வேண்டியவருடன் பகிரவும். காதலை பரப்புவோம்... சேமியுங்கள், பகிருங்கள்!","Tamil, English",1744432200
13-04-2025 10:00,White,KadhalThinamThinam113.png,https://github.com/mr-php20/amiableWrites/blob/main/White/KadhalThinamThinam113.png?raw=true,"#amiablewrites #kadhalthinamthinam #meendumorkadhalmazhai #karpanaiyokadhalvasam #peachhouseperson #arivalan

#TamilKavithai #TamilPoetry #TamilLovePoems #KadhalKavithai #RomanticKavithai #TamilKadhal #KadhalPoetry #TamilQuotes #TamilKadhalKavithaigal #RomanticQuotes #TamilKavithaigal #TamilLoveQuotes #TamilSadQuotes #TamilThathuvangal #TamilKavidhai #TamilPoems #TamilKavithaikal #TamilLoveStory #PoetryInTamil #LoveInTamil #TamilRomanticQuotes #TamilInstaPoetry #TamilQuoteLovers #InstaKavithai #KadhalInstagram","Save this poem as your little love reminder to brighten your day. If it touched your heart, leave a ❤, and share it with someone who needs to hear this. Let's spread love... save it, share it!

இக்கவிதையை உங்கள் நாளை சிறப்பாக்கும் காதல் நினைவாக சேமியுங்கள். இதன் உணர்வுகள் உங்கள் இதயத்தை தழுவி இருந்தால், ❤ கொடுக்கவும், இதை உணர வேண்டியவருடன் பகிரவும். காதலை பரப்புவோம்... சேமியுங்கள், பகிருங்கள்!","Tamil, English",1744518600
14-04-2025 10:00,Black,KadhalThinamThinam098.png,https://github.com/mr-php20/amiableWrites/blob/main/Black/KadhalThinamThinam098.png?raw=true,"#amiablewrites #kadhalthinamthinam #meendumorkadhalmazhai #karpanaiyokadhalvasam #peachhouseperson #arivalan

#TamilKavithai #TamilPoetry #TamilLovePoems #KadhalKavithai #RomanticKavithai #TamilKadhal #KadhalPoetry #TamilQuotes #TamilKadhalKavithaigal #RomanticQuotes #TamilKavithaigal #TamilLoveQuotes #TamilSadQuotes #TamilThathuvangal #TamilKavidhai #TamilPoems #TamilKavithaikal #TamilLoveStory #PoetryInTamil #LoveInTamil #TamilRomanticQuotes #TamilInstaPoetry #TamilQuoteLovers #InstaKavithai #KadhalInstagram","Save this poem as your little love reminder to brighten your day. If it touched your heart, leave a ❤, and share it with someone who needs to hear this. Let's spread love... save it, share it!

இக்கவிதையை உங்கள் நாளை சிறப்பாக்கும் காதல் நினைவாக சேமியுங்கள். இதன் உணர்வுகள் உங்கள் இதயத்தை தழுவி இருந்தால், ❤ கொடுக்கவும், இதை உணர வேண்டியவருடன் பகிரவும். காதலை பரப்புவோம்... சேமியுங்கள், பகிருங்கள்!","Tamil, English",1744605000
15-04-2025 10:00,Color,0008_Indigo_KadhalThinamThinam111.png,https://github.com/mr-php20/amiableWrites/blob/main/Spectrum/0008_Indigo_KadhalThinamThinam111.png?raw=true,"#amiablewrites #kadhalthinamthinam #meendumorkadhalmazhai #karpanaiyokadhalvasam #peachhouseperson #arivalan

#TamilKavithai #TamilPoetry #TamilLovePoems #KadhalKavithai #RomanticKavithai #TamilKadhal #KadhalPoetry #TamilQuotes #TamilKadhalKavithaigal #RomanticQuotes #TamilKavithaigal #TamilLoveQuotes #TamilSadQuotes #TamilThathuvangal #TamilKavidhai #TamilPoems #TamilKavithaikal #TamilLoveStory #PoetryInTamil #LoveInTamil #TamilRomanticQuotes #TamilInstaPoetry #TamilQuoteLovers #InstaKavithai #KadhalInstagram","Save this poem as your little love reminder to brighten your day. If it touched your heart, leave a ❤, and share it with someone who needs to hear this. Let's spread love... save it, share it!

இக்கவிதையை உங்கள் நாளை சிறப்பாக்கும் காதல் நினைவாக சேமியுங்கள். இதன் உணர்வுகள் உங்கள் இதயத்தை தழுவி இருந்தால், ❤ கொடுக்கவும், இதை உணர வேண்டியவருடன் பகிரவும். காதலை பரப்புவோம்... சேமியுங்கள், பகிருங்கள்!","Tamil, English",1744691400
16-04-2025 10:00,White,KadhalThinamThinam122.png,https://github.com/mr-php20/amiableWrites/blob/main/White/KadhalThinamThinam122.png?raw=true,"#amiablewrites #kadhalthinamthinam #meendumorkadhalmazhai #karpanaiyokadhalvasam #peachhouseperson #arivalan

#TamilKavithai #TamilPoetry #TamilLovePoems #KadhalKavithai #RomanticKavithai #TamilKadhal #KadhalPoetry #TamilQuotes #TamilKadhalKavithaigal #RomanticQuotes #TamilKavithaigal #TamilLoveQuotes #TamilSadQuotes #TamilThathuvangal #TamilKavidhai #TamilPoems #TamilKavithaikal #TamilLoveStory #PoetryInTamil #LoveInTamil #TamilRomanticQuotes #TamilInstaPoetry #TamilQuoteLovers #InstaKavithai #KadhalInstagram","Save this poem as your little love reminder to brighten your day. If it touched your heart, leave a ❤, and share it with someone who needs to hear this. Let's spread love... save it, share it!

இக்கவிதையை உங்கள் நாளை சிறப்பாக்கும் காதல் நினைவாக சேமியுங்கள். இதன் உணர்வுகள் உங்கள் இதயத்தை தழுவி இருந்தால், ❤ கொடுக்கவும், இதை உணர வேண்டியவருடன் பகிரவும். காதலை பரப்புவோம்... சேமியுங்கள், பகிருங்கள்!","Tamil, English",1744777800
17-04-2025 10:00,Black,KadhalThinamThinam100.png,https://github.com/mr-php20/amiableWrites/blob/main/Black/KadhalThinamThinam100.png?raw=true,"#amiablewrites #kadhalthinamthinam #meendumorkadhalmazhai #karpanaiyokadhalvasam #peachhouseperson #arivalan

#TamilKavithai #TamilPoetry #TamilLovePoems #KadhalKavithai #RomanticKavithai #TamilKadhal #KadhalPoetry #TamilQuotes #TamilKadhalKavithaigal #RomanticQuotes #TamilKavithaigal #TamilLoveQuotes #TamilSadQuotes #TamilThathuvangal #TamilKavidhai #TamilPoems #TamilKavithaikal #TamilLoveStory #PoetryInTamil #LoveInTamil #TamilRomanticQuotes #TamilInstaPoetry #TamilQuoteLovers #InstaKavithai #KadhalInstagram","Save this poem as your little love reminder to brighten your day. If it touched your heart, leave a ❤, and share it with someone who needs to hear this. Let's spread love... save it, share it!

இக்கவிதையை உங்கள் நாளை சிறப்பாக்கும் காதல் நினைவாக சேமியுங்கள். இதன் உணர்வுகள் உங்கள் இதயத்தை தழுவி இருந்தால், ❤ கொடுக்கவும், இதை உணர வேண்டியவருடன் பகிரவும். காதலை பரப்புவோம்... சேமியுங்கள், பகிருங்கள்!","Tamil, English",1744864200
18-04-2025 10:00,Color,0009_Indigo_KadhalThinamThinam288.png,https://github.com/mr-php20/amiableWrites/blob/main/Spectrum/0009_Indigo_KadhalThinamThinam288.png?raw=true,"#amiablewrites #kadhalthinamthinam #meendumorkadhalmazhai #karpanaiyokadhalvasam #peachhouseperson #arivalan

#TamilKavithai #TamilPoetry #TamilLovePoems #KadhalKavithai #RomanticKavithai #TamilKadhal #KadhalPoetry #TamilQuotes #TamilKadhalKavithaigal #RomanticQuotes #TamilKavithaigal #TamilLoveQuotes #TamilSadQuotes #TamilThathuvangal #TamilKavidhai #TamilPoems #TamilKavithaikal #TamilLoveStory #PoetryInTamil #LoveInTamil #TamilRomanticQuotes #TamilInstaPoetry #TamilQuoteLovers #InstaKavithai #KadhalInstagram","Save this poem as your little love reminder to brighten your day. If it touched your heart, leave a ❤, and share it with someone who needs to hear this. Let's spread love... save it, share it!

இக்கவிதையை உங்கள் நாளை சிறப்பாக்கும் காதல் நினைவாக சேமியுங்கள். இதன் உணர்வுகள் உங்கள் இதயத்தை தழுவி இருந்தால், ❤ கொடுக்கவும், இதை உணர வேண்டியவருடன் பகிரவும். காதலை பரப்புவோம்... சேமியுங்கள், பகிருங்கள்!","Tamil, English",1744950600
19-04-2025 10:00,White,KadhalThinamThinam124.png,https://github.com/mr-php20/amiableWrites/blob/main/White/KadhalThinamThinam124.png?raw=true,"#amiablewrites #kadhalthinamthinam #meendumorkadhalmazhai #karpanaiyokadhalvasam #peachhouseperson #arivalan

#TamilKavithai #TamilPoetry #TamilLovePoems #KadhalKavithai #RomanticKavithai #TamilKadhal #KadhalPoetry #TamilQuotes #TamilKadhalKavithaigal #RomanticQuotes #TamilKavithaigal #TamilLoveQuotes #TamilSadQuotes #TamilThathuvangal #TamilKavidhai #TamilPoems #TamilKavithaikal #TamilLoveStory #PoetryInTamil #LoveInTamil #TamilRomanticQuotes #TamilInstaPoetry #TamilQuoteLovers #InstaKavithai #KadhalInstagram","Save this poem as your little love reminder to brighten your day. If it touched your heart, leave a ❤, and share it with someone who needs to hear this. Let's spread love... save it, share it!

இக்கவிதையை உங்கள் நாளை சிறப்பாக்கும் காதல் நினைவாக சேமியுங்கள். இதன் உணர்வுகள் உங்கள் இதயத்தை தழுவி இருந்தால், ❤ கொடுக்கவும், இதை உணர வேண்டியவருடன் பகிரவும். காதலை பரப்புவோம்... சேமியுங்கள், பகிருங்கள்!","Tamil, English",1745037000
20-04-2025 10:00,Black,KadhalThinamThinam101.png,https://github.com/mr-php20/amiableWrites/blob/main/Black/KadhalThinamThinam101.png?raw=true,"#amiablewrites #kadhalthinamthinam #meendumorkadhalmazhai #karpanaiyokadhalvasam #peachhouseperson #arivalan

#TamilKavithai #TamilPoetry #TamilLovePoems #KadhalKavithai #RomanticKavithai #TamilKadhal #KadhalPoetry #TamilQuotes #TamilKadhalKavithaigal #RomanticQuotes #TamilKavithaigal #TamilLoveQuotes #TamilSadQuotes #TamilThathuvangal #TamilKavidhai #TamilPoems #TamilKavithaikal #TamilLoveStory #PoetryInTamil #LoveInTamil #TamilRomanticQuotes #TamilInstaPoetry #TamilQuoteLovers #InstaKavithai #KadhalInstagram","Save this poem as your little love reminder to brighten your day. If it touched your heart, leave a ❤, and share it with someone who needs to hear this. Let's spread love... save it, share it!

இக்கவிதையை உங்கள் நாளை சிறப்பாக்கும் காதல் நினைவாக சேமியுங்கள். இதன் உணர்வுகள் உங்கள் இதயத்தை தழுவி இருந்தால், ❤ கொடுக்கவும், இதை உணர வேண்டியவருடன் பகிரவும். காதலை பரப்புவோம்... சேமியுங்கள், பகிருங்கள்!","Tamil, English",1745123400
21-04-2025 10:00,Color,0010_Indigo_KadhalThinamThinam114.png,https://github.com/mr-php20/amiableWrites/blob/main/Spectrum/0010_Indigo_KadhalThinamThinam114.png?raw=true,"#amiablewrites #kadhalthinamthinam #meendumorkadhalmazhai #karpanaiyokadhalvasam #peachhouseperson #arivalan

#TamilKavithai #TamilPoetry #TamilLovePoems #KadhalKavithai #RomanticKavithai #TamilKadhal #KadhalPoetry #TamilQuotes #TamilKadhalKavithaigal #RomanticQuotes #TamilKavithaigal #TamilLoveQuotes #TamilSadQuotes #TamilThathuvangal #TamilKavidhai #TamilPoems #TamilKavithaikal #TamilLoveStory #PoetryInTamil #LoveInTamil #TamilRomanticQuotes #TamilInstaPoetry #TamilQuoteLovers #InstaKavithai #KadhalInstagram","Save this poem as your little love reminder to brighten your day. If it touched your heart, leave a ❤, and share it with someone who needs to hear this. Let's spread love... save it, share it!

இக்கவிதையை உங்கள் நாளை சிறப்பாக்கும் காதல் நினைவாக சேமியுங்கள். இதன் உணர்வுகள் உங்கள் இதயத்தை தழுவி இருந்தால், ❤ கொடுக்கவும், இதை உணர வேண்டியவருடன் பகிரவும். காதலை பரப்புவோம்... சேமியுங்கள், பகிருங்கள்!","Tamil, English",1745209800
22-04-2025 10:00,White,KadhalThinamThinam125.png,https://github.com/mr-php20/amiableWrites/blob/main/White/KadhalThinamThinam125.png?raw=true,"#amiablewrites #kadhalthinamthinam #meendumorkadhalmazhai #karpanaiyokadhalvasam #peachhouseperson #arivalan

#TamilKavithai #TamilPoetry #TamilLovePoems #KadhalKavithai #RomanticKavithai #TamilKadhal #KadhalPoetry #TamilQuotes #TamilKadhalKavithaigal #RomanticQuotes #TamilKavithaigal #TamilLoveQuotes #TamilSadQuotes #TamilThathuvangal #TamilKavidhai #TamilPoems #TamilKavithaikal #TamilLoveStory #PoetryInTamil #LoveInTamil #TamilRomanticQuotes #TamilInstaPoetry #TamilQuoteLovers #InstaKavithai #KadhalInstagram","Save this poem as your little love reminder to brighten your day. If it touched your heart, leave a ❤, and share it with someone who needs to hear this. Let's spread love... save it, share it!

இக்கவிதையை உங்கள் நாளை சிறப்பாக்கும் காதல் நினைவாக சேமியுங்கள். இதன் உணர்வுகள் உங்கள் இதயத்தை தழுவி இருந்தால், ❤ கொடுக்கவும், இதை உணர வேண்டியவருடன் பகிரவும். காதலை பரப்புவோம்... சேமியுங்கள், பகிருங்கள்!","Tamil, English",1745296200
23-04-2025 10:00,Black,KadhalThinamThinam110.png,https://github.com/mr-php20/amiableWrites/blob/main/Black/KadhalThinamThinam110.png?raw=true,"#amiablewrites #kadhalthinamthinam #meendumorkadhalmazhai #karpanaiyokadhalvasam #peachhouseperson #arivalan

#TamilKavithai #TamilPoetry #TamilLovePoems #KadhalKavithai #RomanticKavithai #TamilKadhal #KadhalPoetry #TamilQuotes #TamilKadhalKavithaigal #RomanticQuotes #TamilKavithaigal #TamilLoveQuotes #TamilSadQuotes #TamilThathuvangal #TamilKavidhai #TamilPoems #TamilKavithaikal #TamilLoveStory #PoetryInTamil #LoveInTamil #TamilRomanticQuotes #TamilInstaPoetry #TamilQuoteLovers #InstaKavithai #KadhalInstagram","Save this poem as your little love reminder to brighten your day. If it touched your heart, leave a ❤, and share it with someone who needs to hear this. Let's spread love... save it, share it!

இக்கவிதையை உங்கள் நாளை சிறப்பாக்கும் காதல் நினைவாக சேமியுங்கள். இதன் உணர்வுகள் உங்கள் இதயத்தை தழுவி இருந்தால், ❤ கொடுக்கவும், இதை உணர வேண்டியவருடன் பகிரவும். காதலை பரப்புவோம்... சேமியுங்கள், பகிருங்கள்!","Tamil, English",1745382600
24-04-2025 10:00,Color,0012_Blue_KadhalThinamThinam146.png,https://github.com/mr-php20/amiableWrites/blob/main/Spectrum/0012_Blue_KadhalThinamThinam146.png?raw=true,"#amiablewrites #kadhalthinamthinam #meendumorkadhalmazhai #karpanaiyokadhalvasam #peachhouseperson #arivalan

#TamilKavithai #TamilPoetry #TamilLovePoems #KadhalKavithai #RomanticKavithai #TamilKadhal #KadhalPoetry #TamilQuotes #TamilKadhalKavithaigal #RomanticQuotes #TamilKavithaigal #TamilLoveQuotes #TamilSadQuotes #TamilThathuvangal #TamilKavidhai #TamilPoems #TamilKavithaikal #TamilLoveStory #PoetryInTamil #LoveInTamil #TamilRomanticQuotes #TamilInstaPoetry #TamilQuoteLovers #InstaKavithai #KadhalInstagram","Save this poem as your little love reminder to brighten your day. If it touched your heart, leave a ❤, and share it with someone who needs to hear this. Let's spread love... save it, share it!

இக்கவிதையை உங்கள் நாளை சிறப்பாக்கும் காதல் நினைவாக சேமியுங்கள். இதன் உணர்வுகள் உங்கள் இதயத்தை தழுவி இருந்தால், ❤ கொடுக்கவும், இதை உணர வேண்டியவருடன் பகிரவும். காதலை பரப்புவோம்... சேமியுங்கள், பகிருங்கள்!","Tamil, English",1745469000
25-04-2025 10:00,White,KadhalThinamThinam127.png,https://github.com/mr-php20/amiableWrites/blob/main/White/KadhalThinamThinam127.png?raw=true,"#amiablewrites #kadhalthinamthinam #meendumorkadhalmazhai #karpanaiyokadhalvasam #peachhouseperson #arivalan

#TamilKavithai #TamilPoetry #TamilLovePoems #KadhalKavithai #RomanticKavithai #TamilKadhal #KadhalPoetry #TamilQuotes #TamilKadhalKavithaigal #RomanticQuotes #TamilKavithaigal #TamilLoveQuotes #TamilSadQuotes #TamilThathuvangal #TamilKavidhai #TamilPoems #TamilKavithaikal #TamilLoveStory #PoetryInTamil #LoveInTamil #TamilRomanticQuotes #TamilInstaPoetry #TamilQuoteLovers #InstaKavithai #KadhalInstagram","Save this poem as your little love reminder to brighten your day. If it touched your heart, leave a ❤, and share it with someone who needs to hear this. Let's spread love... save it, share it!

இக்கவிதையை உங்கள் நாளை சிறப்பாக்கும் காதல் நினைவாக சேமியுங்கள். இதன் உணர்வுகள் உங்கள் இதயத்தை தழுவி இருந்தால், ❤ கொடுக்கவும், இதை உணர வேண்டியவருடன் பகிரவும். காதலை பரப்புவோம்... சேமியுங்கள், பகிருங்கள்!","Tamil, English",1745555400
26-04-2025 10:00,Black,KadhalThinamThinam115.png,https://github.com/mr-php20/amiableWrites/blob/main/Black/KadhalThinamThinam115.png?raw=true,"#amiablewrites #kadhalthinamthinam #meendumorkadhalmazhai #karpanaiyokadhalvasam #peachhouseperson #arivalan

#TamilKavithai #TamilPoetry #TamilLovePoems #KadhalKavithai #RomanticKavithai #TamilKadhal #KadhalPoetry #TamilQuotes #TamilKadhalKavithaigal #RomanticQuotes #TamilKavithaigal #TamilLoveQuotes #TamilSadQuotes #TamilThathuvangal #TamilKavidhai #TamilPoems #TamilKavithaikal #TamilLoveStory #PoetryInTamil #LoveInTamil #TamilRomanticQuotes #TamilInstaPoetry #TamilQuoteLovers #InstaKavithai #KadhalInstagram","Save this poem as your little love reminder to brighten your day. If it touched your heart, leave a ❤, and share it with someone who needs to hear this. Let's spread love... save it, share it!

இக்கவிதையை உங்கள் நாளை சிறப்பாக்கும் காதல் நினைவாக சேமியுங்கள். இதன் உணர்வுகள் உங்கள் இதயத்தை தழுவி இருந்தால், ❤ கொடுக்கவும், இதை உணர வேண்டியவருடன் பகிரவும். காதலை பரப்புவோம்... சேமியுங்கள், பகிருங்கள்!","Tamil, English",1745641800
27-04-2025 10:00,Color,0013_Blue_KadhalThinamThinam217.png,https://github.com/mr-php20/amiableWrites/blob/main/Spectrum/0013_Blue_KadhalThinamThinam217.png?raw=true,"#amiablewrites #kadhalthinamthinam #meendumorkadhalmazhai #karpanaiyokadhalvasam #peachhouseperson #arivalan

#TamilKavithai #TamilPoetry #TamilLovePoems #KadhalKavithai #RomanticKavithai #TamilKadhal #KadhalPoetry #TamilQuotes #TamilKadhalKavithaigal #RomanticQuotes #TamilKavithaigal #TamilLoveQuotes #TamilSadQuotes #TamilThathuvangal #TamilKavidhai #TamilPoems #TamilKavithaikal #TamilLoveStory #PoetryInTamil #LoveInTamil #TamilRomanticQuotes #TamilInstaPoetry #TamilQuoteLovers #InstaKavithai #KadhalInstagram","Save this poem as your little love reminder to brighten your day. If it touched your heart, leave a ❤, and share it with someone who needs to hear this. Let's spread love... save it, share it!

இக்கவிதையை உங்கள் நாளை சிறப்பாக்கும் காதல் நினைவாக சேமியுங்கள். இதன் உணர்வுகள் உங்கள் இதயத்தை தழுவி இருந்தால், ❤ கொடுக்கவும், இதை உணர வேண்டியவருடன் பகிரவும். காதலை பரப்புவோம்... சேமியுங்கள், பகிருங்கள்!","Tamil, English",1745728200
28-04-2025 10:00,White,KadhalThinamThinam131.png,https://github.com/mr-php20/amiableWrites/blob/main/White/KadhalThinamThinam131.png?raw=true,"#amiablewrites #kadhalthinamthinam #meendumorkadhalmazhai #karpanaiyokadhalvasam #peachhouseperson #arivalan

#TamilKavithai #TamilPoetry #TamilLovePoems #KadhalKavithai #RomanticKavithai #TamilKadhal #KadhalPoetry #TamilQuotes #TamilKadhalKavithaigal #RomanticQuotes #TamilKavithaigal #TamilLoveQuotes #TamilSadQuotes #TamilThathuvangal #TamilKavidhai #TamilPoems #TamilKavithaikal #TamilLoveStory #PoetryInTamil #LoveInTamil #TamilRomanticQuotes #TamilInstaPoetry #TamilQuoteLovers #InstaKavithai #KadhalInstagram","Save this poem as your little love reminder to brighten your day. If it touched your heart, leave a ❤, and share it with someone who needs to hear this. Let's spread love... save it, share it!

இக்கவிதையை உங்கள் நாளை சிறப்பாக்கும் காதல் நினைவாக சேமியுங்கள். இதன் உணர்வுகள் உங்கள் இதயத்தை தழுவி இருந்தால், ❤ கொடுக்கவும், இதை உணர வேண்டியவருடன் பகிரவும். காதலை பரப்புவோம்... சேமியுங்கள், பகிருங்கள்!","Tamil, English",1745814600
29-04-2025 10:00,Black,KadhalThinamThinam117.png,https://github.com/mr-php20/amiableWrites/blob/main/Black/KadhalThinamThinam117.png?raw=true,"#amiablewrites #kadhalthinamthinam #meendumorkadhalmazhai #karpanaiyokadhalvasam #peachhouseperson #arivalan

#TamilKavithai #TamilPoetry #TamilLovePoems #KadhalKavithai #RomanticKavithai #TamilKadhal #KadhalPoetry #TamilQuotes #TamilKadhalKavithaigal #RomanticQuotes #TamilKavithaigal #TamilLoveQuotes #TamilSadQuotes #TamilThathuvangal #TamilKavidhai #TamilPoems #TamilKavithaikal #TamilLoveStory #PoetryInTamil #LoveInTamil #TamilRomanticQuotes #TamilInstaPoetry #TamilQuoteLovers #InstaKavithai #KadhalInstagram","Save this poem as your little love reminder to brighten your day. If it touched your heart, leave a ❤, and share it with someone who needs to hear this. Let's spread love... save it, share it!

இக்கவிதையை உங்கள் நாளை சிறப்பாக்கும் காதல் நினைவாக சேமியுங்கள். இதன் உணர்வுகள் உங்கள் இதயத்தை தழுவி இருந்தால், ❤ கொடுக்கவும், இதை உணர வேண்டியவருடன் பகிரவும். காதலை பரப்புவோம்... சேமியுங்கள், பகிருங்கள்!","Tamil, English",1745901000
30-04-2025 10:00,Color,0014_Blue_KadhalThinamThinam326.png,https://github.com/mr-php20/amiableWrites/blob/main/Spectrum/0014_Blue_KadhalThinamThinam326.png?raw=true,"#amiablewrites #kadhalthinamthinam #meendumorkadhalmazhai #karpanaiyokadhalvasam #peachhouseperson #arivalan

#TamilKavithai #TamilPoetry #TamilLovePoems #KadhalKavithai #RomanticKavithai #TamilKadhal #KadhalPoetry #TamilQuotes #TamilKadhalKavithaigal #RomanticQuotes #TamilKavithaigal #TamilLoveQuotes #TamilSadQuotes #TamilThathuvangal #TamilKavidhai #TamilPoems #TamilKavithaikal #TamilLoveStory #PoetryInTamil #LoveInTamil #TamilRomanticQuotes #TamilInstaPoetry #TamilQuoteLovers #InstaKavithai #KadhalInstagram","Save this poem as your little love reminder to brighten your day. If it touched your heart, leave a ❤, and share it with someone who needs to hear this. Let's spread love... save it, share it!

இக்கவிதையை உங்கள் நாளை சிறப்பாக்கும் காதல் நினைவாக சேமியுங்கள். இதன் உணர்வுகள் உங்கள் இதயத்தை தழுவி இருந்தால், ❤ கொடுக்கவும், இதை உணர வேண்டியவருடன் பகிரவும். காதலை பரப்புவோம்... சேமியுங்கள், பகிருங்கள்!","Tamil, English",1745987400
01-05-2025 10:00,White,KadhalThinamThinam138.png,https://github.com/mr-php20/amiableWrites/blob/main/White/KadhalThinamThinam138.png?raw=true,"#amiablewrites #kadhalthinamthinam #meendumorkadhalmazhai #karpanaiyokadhalvasam #peachhouseperson #arivalan

#TamilKavithai #TamilPoetry #TamilLovePoems #KadhalKavithai #RomanticKavithai #TamilKadhal #KadhalPoetry #TamilQuotes #TamilKadhalKavithaigal #RomanticQuotes #TamilKavithaigal #TamilLoveQuotes #TamilSadQuotes #TamilThathuvangal #TamilKavidhai #TamilPoems #TamilKavithaikal #TamilLoveStory #PoetryInTamil #LoveInTamil #TamilRomanticQuotes #TamilInstaPoetry #TamilQuoteLovers #InstaKavithai #KadhalInstagram","Save this poem as your little love reminder to brighten your day. If it touched your heart, leave a ❤, and share it with someone who needs to hear this. Let's spread love... save it, share it!

இக்கவிதையை உங்கள் நாளை சிறப்பாக்கும் காதல் நினைவாக சேமியுங்கள். இதன் உணர்வுகள் உங்கள் இதயத்தை தழுவி இருந்தால், ❤ கொடுக்கவும், இதை உணர வேண்டியவருடன் பகிரவும். காதலை பரப்புவோம்... சேமியுங்கள், பகிருங்கள்!","Tamil, English",1746073800
02-05-2025 10:00,Black,KadhalThinamThinam121.png,https://github.com/mr-php20/amiableWrites/blob/main/Black/KadhalThinamThinam121.png?raw=true,"#amiablewrites #kadhalthinamthinam #meendumorkadhalmazhai #karpanaiyokadhalvasam #peachhouseperson #arivalan

#TamilKavithai #TamilPoetry #TamilLovePoems #KadhalKavithai #RomanticKavithai #TamilKadhal #KadhalPoetry #TamilQuotes #TamilKadhalKavithaigal #RomanticQuotes #TamilKavithaigal #TamilLoveQuotes #TamilSadQuotes #TamilThathuvangal #TamilKavidhai #TamilPoems #TamilKavithaikal #TamilLoveStory #PoetryInTamil #LoveInTamil #TamilRomanticQuotes #TamilInstaPoetry #TamilQuoteLovers #InstaKavithai #KadhalInstagram","Save this poem as your little love reminder to brighten your day. If it touched your heart, leave a ❤, and share it with someone who needs to hear this. Let's spread love... save it, share it!

இக்கவிதையை உங்கள் நாளை சிறப்பாக்கும் காதல் நினைவாக சேமியுங்கள். இதன் உணர்வுகள் உங்கள் இதயத்தை தழுவி இருந்தால், ❤ கொடுக்கவும், இதை உணர வேண்டியவருடன் பகிரவும். காதலை பரப்புவோம்... சேமியுங்கள், பகிருங்கள்!","Tamil, English",1746160200
03-05-2025 10:00,Color,0015_Blue_KadhalThinamThinam214.png,https://github.com/mr-php20/amiableWrites/blob/main/Spectrum/0015_Blue_KadhalThinamThinam214.png?raw=true,"#amiablewrites #kadhalthinamthinam #meendumorkadhalmazhai #karpanaiyokadhalvasam #peachhouseperson #arivalan

#TamilKavithai #TamilPoetry #TamilLovePoems #KadhalKavithai #RomanticKavithai #TamilKadhal #KadhalPoetry #TamilQuotes #TamilKadhalKavithaigal #RomanticQuotes #TamilKavithaigal #TamilLoveQuotes #TamilSadQuotes #TamilThathuvangal #TamilKavidhai #TamilPoems #TamilKavithaikal #TamilLoveStory #PoetryInTamil #LoveInTamil #TamilRomanticQuotes #TamilInstaPoetry #TamilQuoteLovers #InstaKavithai #KadhalInstagram","Save this poem as your little love reminder to brighten your day. If it touched your heart, leave a ❤, and share it with someone who needs to hear this. Let's spread love... save it, share it!

இக்கவிதையை உங்கள் நாளை சிறப்பாக்கும் காதல் நினைவாக சேமியுங்கள். இதன் உணர்வுகள் உங்கள் இதயத்தை தழுவி இருந்தால், ❤ கொடுக்கவும், இதை உணர வேண்டியவருடன் பகிரவும். காதலை பரப்புவோம்... சேமியுங்கள், பகிருங்கள்!","Tamil, English",1746246600
04-05-2025 10:00,White,KadhalThinamThinam139.png,https://github.com/mr-php20/amiableWrites/blob/main/White/KadhalThinamThinam139.png?raw=true,"#amiablewrites #kadhalthinamthinam #meendumorkadhalmazhai #karpanaiyokadhalvasam #peachhouseperson #arivalan

#TamilKavithai #TamilPoetry #TamilLovePoems #KadhalKavithai #RomanticKavithai #TamilKadhal #KadhalPoetry #TamilQuotes #TamilKadhalKavithaigal #RomanticQuotes #TamilKavithaigal #TamilLoveQuotes #TamilSadQuotes #TamilThathuvangal #TamilKavidhai #TamilPoems #TamilKavithaikal #TamilLoveStory #PoetryInTamil #LoveInTamil #TamilRomanticQuotes #TamilInstaPoetry #TamilQuoteLovers #InstaKavithai #KadhalInstagram","Save this poem as your little love reminder to brighten your day. If it touched your heart, leave a ❤, and share it with someone who needs to hear this. Let's spread love... save it, share it!

இக்கவிதையை உங்கள் நாளை சிறப்பாக்கும் காதல் நினைவாக சேமியுங்கள். இதன் உணர்வுகள் உங்கள் இதயத்தை தழுவி இருந்தால், ❤ கொடுக்கவும், இதை உணர வேண்டியவருடன் பகிரவும். காதலை பரப்புவோம்... சேமியுங்கள், பகிருங்கள்!","Tamil, English",1746333000
05-05-2025 10:00,Black,KadhalThinamThinam126.png,https://github.com/mr-php20/amiableWrites/blob/main/Black/KadhalThinamThinam126.png?raw=true,"#amiablewrites #kadhalthinamthinam #meendumorkadhalmazhai #karpanaiyokadhalvasam #peachhouseperson #arivalan

#TamilKavithai #TamilPoetry #TamilLovePoems #KadhalKavithai #RomanticKavithai #TamilKadhal #KadhalPoetry #TamilQuotes #TamilKadhalKavithaigal #RomanticQuotes #TamilKavithaigal #TamilLoveQuotes #TamilSadQuotes #TamilThathuvangal #TamilKavidhai #TamilPoems #TamilKavithaikal #TamilLoveStory #PoetryInTamil #LoveInTamil #TamilRomanticQuotes #TamilInstaPoetry #TamilQuoteLovers #InstaKavithai #KadhalInstagram","Save this poem as your little love reminder to brighten your day. If it touched your heart, leave a ❤, and share it with someone who needs to hear this. Let's spread love... save it, share it!

இக்கவிதையை உங்கள் நாளை சிறப்பாக்கும் காதல் நினைவாக சேமியுங்கள். இதன் உணர்வுகள் உங்கள் இதயத்தை தழுவி இருந்தால், ❤ கொடுக்கவும், இதை உணர வேண்டியவருடன் பகிரவும். காதலை பரப்புவோம்... சேமியுங்கள், பகிருங்கள்!","Tamil, English",1746419400
06-05-2025 10:00,Color,0016_Blue_KadhalThinamThinam312.png,https://github.com/mr-php20/amiableWrites/blob/main/Spectrum/0016_Blue_KadhalThinamThinam312.png?raw=true,"#amiablewrites #kadhalthinamthinam #meendumorkadhalmazhai #karpanaiyokadhalvasam #peachhouseperson #arivalan

#TamilKavithai #TamilPoetry #TamilLovePoems #KadhalKavithai #RomanticKavithai #TamilKadhal #KadhalPoetry #TamilQuotes #TamilKadhalKavithaigal #RomanticQuotes #TamilKavithaigal #TamilLoveQuotes #TamilSadQuotes #TamilThathuvangal #TamilKavidhai #TamilPoems #TamilKavithaikal #TamilLoveStory #PoetryInTamil #LoveInTamil #TamilRomanticQuotes #TamilInstaPoetry #TamilQuoteLovers #InstaKavithai #KadhalInstagram","Save this poem as your little love reminder to brighten your day. If it touched your heart, leave a ❤, and share it with someone who needs to hear this. Let's spread love... save it, share it!

இக்கவிதையை உங்கள் நாளை சிறப்பாக்கும் காதல் நினைவாக சேமியுங்கள். இதன் உணர்வுகள் உங்கள் இதயத்தை தழுவி இருந்தால், ❤ கொடுக்கவும், இதை உணர வேண்டியவருடன் பகிரவும். காதலை பரப்புவோம்... சேமியுங்கள், பகிருங்கள்!","Tamil, English",1746505800
07-05-2025 10:00,White,KadhalThinamThinam141.png,https://github.com/mr-php20/amiableWrites/blob/main/White/KadhalThinamThinam141.png?raw=true,"#amiablewrites #kadhalthinamthinam #meendumorkadhalmazhai #karpanaiyokadhalvasam #peachhouseperson #arivalan

#TamilKavithai #TamilPoetry #TamilLovePoems #KadhalKavithai #RomanticKavithai #TamilKadhal #KadhalPoetry #TamilQuotes #TamilKadhalKavithaigal #RomanticQuotes #TamilKavithaigal #TamilLoveQuotes #TamilSadQuotes #TamilThathuvangal #TamilKavidhai #TamilPoems #TamilKavithaikal #TamilLoveStory #PoetryInTamil #LoveInTamil #TamilRomanticQuotes #TamilInstaPoetry #TamilQuoteLovers #InstaKavithai #KadhalInstagram","Save this poem as your little love reminder to brighten your day. If it touched your heart, leave a ❤, and share it with someone who needs to hear this. Let's spread love... save it, share it!

இக்கவிதையை உங்கள் நாளை சிறப்பாக்கும் காதல் நினைவாக சேமியுங்கள். இதன் உணர்வுகள் உங்கள் இதயத்தை தழுவி இருந்தால், ❤ கொடுக்கவும், இதை உணர வேண்டியவருடன் பகிரவும். காதலை பரப்புவோம்... சேமியுங்கள், பகிருங்கள்!","Tamil, English",1746592200
08-05-2025 10:00,Black,KadhalThinamThinam128.png,https://github.com/mr-php20/amiableWrites/blob/main/Black/KadhalThinamThinam128.png?raw=true,"#amiablewrites #kadhalthinamthinam #meendumorkadhalmazhai #karpanaiyokadhalvasam #peachhouseperson #arivalan

#TamilKavithai #TamilPoetry #TamilLovePoems #KadhalKavithai #RomanticKavithai #TamilKadhal #KadhalPoetry #TamilQuotes #TamilKadhalKavithaigal #RomanticQuotes #TamilKavithaigal #TamilLoveQuotes #TamilSadQuotes #TamilThathuvangal #TamilKavidhai #TamilPoems #TamilKavithaikal #TamilLoveStory #PoetryInTamil #LoveInTamil #TamilRomanticQuotes #TamilInstaPoetry #TamilQuoteLovers #InstaKavithai #KadhalInstagram","Save this poem as your little love reminder to brighten your day. If it touched your heart, leave a ❤, and share it with someone who needs to hear this. Let's spread love... save it, share it!

இக்கவிதையை உங்கள் நாளை சிறப்பாக்கும் காதல் நினைவாக சேமியுங்கள். இதன் உணர்வுகள் உங்கள் இதயத்தை தழுவி இருந்தால், ❤ கொடுக்கவும், இதை உணர வேண்டியவருடன் பகிரவும். காதலை பரப்புவோம்... சேமியுங்கள், பகிருங்கள்!","Tamil, English",1746678600
09-05-2025 10:00,Color,0017_Blue_KadhalThinamThinam159.png,https://github.com/mr-php20/amiableWrites/blob/main/Spectrum/0017_Blue_KadhalThinamThinam159.png?raw=true,"#amiablewrites #kadhalthinamthinam #meendumorkadhalmazhai #karpanaiyokadhalvasam #peachhouseperson #arivalan

#TamilKavithai #TamilPoetry #TamilLovePoems #KadhalKavithai #RomanticKavithai #TamilKadhal #KadhalPoetry #TamilQuotes #TamilKadhalKavithaigal #RomanticQuotes #TamilKavithaigal #TamilLoveQuotes #TamilSadQuotes #TamilThathuvangal #TamilKavidhai #TamilPoems #TamilKavithaikal #TamilLoveStory #PoetryInTamil #LoveInTamil #TamilRomanticQuotes #TamilInstaPoetry #TamilQuoteLovers #InstaKavithai #KadhalInstagram","Save this poem as your little love reminder to brighten your day. If it touched your heart, leave a ❤, and share it with someone who needs to hear this. Let's spread love... save it, share it!

இக்கவிதையை உங்கள் நாளை சிறப்பாக்கும் காதல் நினைவாக சேமியுங்கள். இதன் உணர்வுகள் உங்கள் இதயத்தை தழுவி இருந்தால், ❤ கொடுக்கவும், இதை உணர வேண்டியவருடன் பகிரவும். காதலை பரப்புவோம்... சேமியுங்கள், பகிருங்கள்!","Tamil, English",1746765000
10-05-2025 10:00,White,KadhalThinamThinam149.png,https://github.com/mr-php20/amiableWrites/blob/main/White/KadhalThinamThinam149.png?raw=true,"#amiablewrites #kadhalthinamthinam #meendumorkadhalmazhai #karpanaiyokadhalvasam #peachhouseperson #arivalan

#TamilKavithai #TamilPoetry #TamilLovePoems #KadhalKavithai #RomanticKavithai #TamilKadhal #KadhalPoetry #TamilQuotes #TamilKadhalKavithaigal #RomanticQuotes #TamilKavithaigal #TamilLoveQuotes #TamilSadQuotes #TamilThathuvangal #TamilKavidhai #TamilPoems #TamilKavithaikal #TamilLoveStory #PoetryInTamil #LoveInTamil #TamilRomanticQuotes #TamilInstaPoetry #TamilQuoteLovers #InstaKavithai #KadhalInstagram","Save this poem as your little love reminder to brighten your day. If it touched your heart, leave a ❤, and share it with someone who needs to hear this. Let's spread love... save it, share it!

இக்கவிதையை உங்கள் நாளை சிறப்பாக்கும் காதல் நினைவாக சேமியுங்கள். இதன் உணர்வுகள் உங்கள் இதயத்தை தழுவி இருந்தால், ❤ கொடுக்கவும், இதை உணர வேண்டியவருடன் பகிரவும். காதலை பரப்புவோம்... சேமியுங்கள், பகிருங்கள்!","Tamil, English",1746851400
11-05-2025 10:00,Black,KadhalThinamThinam130.png,https://github.com/mr-php20/amiableWrites/blob/main/Black/KadhalThinamThinam130.png?raw=true,"#amiablewrites #kadhalthinamthinam #meendumorkadhalmazhai #karpanaiyokadhalvasam #peachhouseperson #arivalan

#TamilKavithai #TamilPoetry #TamilLovePoems #KadhalKavithai #RomanticKavithai #TamilKadhal #KadhalPoetry #TamilQuotes #TamilKadhalKavithaigal #RomanticQuotes #TamilKavithaigal #TamilLoveQuotes #TamilSadQuotes #TamilThathuvangal #TamilKavidhai #TamilPoems #TamilKavithaikal #TamilLoveStory #PoetryInTamil #LoveInTamil #TamilRomanticQuotes #TamilInstaPoetry #TamilQuoteLovers #InstaKavithai #KadhalInstagram","Save this poem as your little love reminder to brighten your day. If it touched your heart, leave a ❤, and share it with someone who needs to hear this. Let's spread love... save it, share it!

இக்கவிதையை உங்கள் நாளை சிறப்பாக்கும் காதல் நினைவாக சேமியுங்கள். இதன் உணர்வுகள் உங்கள் இதயத்தை தழுவி இருந்தால், ❤ கொடுக்கவும், இதை உணர வேண்டியவருடன் பகிரவும். காதலை பரப்புவோம்... சேமியுங்கள், பகிருங்கள்!","Tamil, English",1746937800
12-05-2025 10:00,Color,0018_Blue_KadhalThinamThinam137.png,https://github.com/mr-php20/amiableWrites/blob/main/Spectrum/0018_Blue_KadhalThinamThinam137.png?raw=true,"#amiablewrites #kadhalthinamthinam #meendumorkadhalmazhai #karpanaiyokadhalvasam #peachhouseperson #arivalan

#TamilKavithai #TamilPoetry #TamilLovePoems #KadhalKavithai #RomanticKavithai #TamilKadhal #KadhalPoetry #TamilQuotes #TamilKadhalKavithaigal #RomanticQuotes #TamilKavithaigal #TamilLoveQuotes #TamilSadQuotes #TamilThathuvangal #TamilKavidhai #TamilPoems #TamilKavithaikal #TamilLoveStory #PoetryInTamil #LoveInTamil #TamilRomanticQuotes #TamilInstaPoetry #TamilQuoteLovers #InstaKavithai #KadhalInstagram","Save this poem as your little love reminder to brighten your day. If it touched your heart, leave a ❤, and share it with someone who needs to hear this. Let's spread love... save it, share it!

இக்கவிதையை உங்கள் நாளை சிறப்பாக்கும் காதல் நினைவாக சேமியுங்கள். இதன் உணர்வுகள் உங்கள் இதயத்தை தழுவி இருந்தால், ❤ கொடுக்கவும், இதை உணர வேண்டியவருடன் பகிரவும். காதலை பரப்புவோம்... சேமியுங்கள், பகிருங்கள்!","Tamil, English",1747024200
13-05-2025 10:00,White,KadhalThinamThinam156.png,https://github.com/mr-php20/amiableWrites/blob/main/White/KadhalThinamThinam156.png?raw=true,"#amiablewrites #kadhalthinamthinam #meendumorkadhalmazhai #karpanaiyokadhalvasam #peachhouseperson #arivalan

#TamilKavithai #TamilPoetry #TamilLovePoems #KadhalKavithai #RomanticKavithai #TamilKadhal #KadhalPoetry #TamilQuotes #TamilKadhalKavithaigal #RomanticQuotes #TamilKavithaigal #TamilLoveQuotes #TamilSadQuotes #TamilThathuvangal #TamilKavidhai #TamilPoems #TamilKavithaikal #TamilLoveStory #PoetryInTamil #LoveInTamil #TamilRomanticQuotes #TamilInstaPoetry #TamilQuoteLovers #InstaKavithai #KadhalInstagram","Save this poem as your little love reminder to brighten your day. If it touched your heart, leave a ❤, and share it with someone who needs to hear this. Let's spread love... save it, share it!

இக்கவிதையை உங்கள் நாளை சிறப்பாக்கும் காதல் நினைவாக சேமியுங்கள். இதன் உணர்வுகள் உங்கள் இதயத்தை தழுவி இருந்தால், ❤ கொடுக்கவும், இதை உணர வேண்டியவருடன் பகிரவும். காதலை பரப்புவோம்... சேமியுங்கள், பகிருங்கள்!","Tamil, English",1747110600
14-05-2025 10:00,Black,KadhalThinamThinam142.png,https://github.com/mr-php20/amiableWrites/blob/main/Black/KadhalThinamThinam142.png?raw=true,"#amiablewrites #kadhalthinamthinam #meendumorkadhalmazhai #karpanaiyokadhalvasam #peachhouseperson #arivalan

#TamilKavithai #TamilPoetry #TamilLovePoems #KadhalKavithai #RomanticKavithai #TamilKadhal #KadhalPoetry #TamilQuotes #TamilKadhalKavithaigal #RomanticQuotes #TamilKavithaigal #TamilLoveQuotes #TamilSadQuotes #TamilThathuvangal #TamilKavidhai #TamilPoems #TamilKavithaikal #TamilLoveStory #PoetryInTamil #LoveInTamil #TamilRomanticQuotes #TamilInstaPoetry #TamilQuoteLovers #InstaKavithai #KadhalInstagram","Save this poem as your little love reminder to brighten your day. If it touched your heart, leave a ❤, and share it with someone who needs to hear this. Let's spread love... save it, share it!

இக்கவிதையை உங்கள் நாளை சிறப்பாக்கும் காதல் நினைவாக சேமியுங்கள். இதன் உணர்வுகள் உங்கள் இதயத்தை தழுவி இருந்தால், ❤ கொடுக்கவும், இதை உணர வேண்டியவருடன் பகிரவும். காதலை பரப்புவோம்... சேமியுங்கள், பகிருங்கள்!","Tamil, English",1747197000
15-05-2025 10:00,Color,0019_Blue_KadhalThinamThinam357.png,https://github.com/mr-php20/amiableWrites/blob/main/Spectrum/0019_Blue_KadhalThinamThinam357.png?raw=true,"#amiablewrites #kadhalthinamthinam #meendumorkadhalmazhai #karpanaiyokadhalvasam #peachhouseperson #arivalan

#TamilKavithai #TamilPoetry #TamilLovePoems #KadhalKavithai #RomanticKavithai #TamilKadhal #KadhalPoetry #TamilQuotes #TamilKadhalKavithaigal #RomanticQuotes #TamilKavithaigal #TamilLoveQuotes #TamilSadQuotes #TamilThathuvangal #TamilKavidhai #TamilPoems #TamilKavithaikal #TamilLoveStory #PoetryInTamil #LoveInTamil #TamilRomanticQuotes #TamilInstaPoetry #TamilQuoteLovers #InstaKavithai #KadhalInstagram","Save this poem as your little love reminder to brighten your day. If it touched your heart, leave a ❤, and share it with someone who needs to hear this. Let's spread love... save it, share it!

இக்கவிதையை உங்கள் நாளை சிறப்பாக்கும் காதல் நினைவாக சேமியுங்கள். இதன் உணர்வுகள் உங்கள் இதயத்தை தழுவி இருந்தால், ❤ கொடுக்கவும், இதை உணர வேண்டியவருடன் பகிரவும். காதலை பரப்புவோம்... சேமியுங்கள், பகிருங்கள்!","Tamil, English",1747283400
16-05-2025 10:00,White,KadhalThinamThinam157.png,https://github.com/mr-php20/amiableWrites/blob/main/White/KadhalThinamThinam157.png?raw=true,"#amiablewrites #kadhalthinamthinam #meendumorkadhalmazhai #karpanaiyokadhalvasam #peachhouseperson #arivalan

#TamilKavithai #TamilPoetry #TamilLovePoems #KadhalKavithai #RomanticKavithai #TamilKadhal #KadhalPoetry #TamilQuotes #TamilKadhalKavithaigal #RomanticQuotes #TamilKavithaigal #TamilLoveQuotes #TamilSadQuotes #TamilThathuvangal #TamilKavidhai #TamilPoems #TamilKavithaikal #TamilLoveStory #PoetryInTamil #LoveInTamil #TamilRomanticQuotes #TamilInstaPoetry #TamilQuoteLovers #InstaKavithai #KadhalInstagram","Save this poem as your little love reminder to brighten your day. If it touched your heart, leave a ❤, and share it with someone who needs to hear this. Let's spread love... save it, share it!

இக்கவிதையை உங்கள் நாளை சிறப்பாக்கும் காதல் நினைவாக சேமியுங்கள். இதன் உணர்வுகள் உங்கள் இதயத்தை தழுவி இருந்தால், ❤ கொடுக்கவும், இதை உணர வேண்டியவருடன் பகிரவும். காதலை பரப்புவோம்... சேமியுங்கள், பகிருங்கள்!","Tamil, English",1747369800
17-05-2025 10:00,Black,KadhalThinamThinam143.png,https://github.com/mr-php20/amiableWrites/blob/main/Black/KadhalThinamThinam143.png?raw=true,"#amiablewrites #kadhalthinamthinam #meendumorkadhalmazhai #karpanaiyokadhalvasam #peachhouseperson #arivalan

#TamilKavithai #TamilPoetry #TamilLovePoems #KadhalKavithai #RomanticKavithai #TamilKadhal #KadhalPoetry #TamilQuotes #TamilKadhalKavithaigal #RomanticQuotes #TamilKavithaigal #TamilLoveQuotes #TamilSadQuotes #TamilThathuvangal #TamilKavidhai #TamilPoems #TamilKavithaikal #TamilLoveStory #PoetryInTamil #LoveInTamil #TamilRomanticQuotes #TamilInstaPoetry #TamilQuoteLovers #InstaKavithai #KadhalInstagram","Save this poem as your little love reminder to brighten your day. If it touched your heart, leave a ❤, and share it with someone who needs to hear this. Let's spread love... save it, share it!

இக்கவிதையை உங்கள் நாளை சிறப்பாக்கும் காதல் நினைவாக சேமியுங்கள். இதன் உணர்வுகள் உங்கள் இதயத்தை தழுவி இருந்தால், ❤ கொடுக்கவும், இதை உணர வேண்டியவருடன் பகிரவும். காதலை பரப்புவோம்... சேமியுங்கள், பகிருங்கள்!","Tamil, English",1747456200
18-05-2025 10:00,Color,0020_Blue_KadhalThinamThinam191.png,https://github.com/mr-php20/amiableWrites/blob/main/Spectrum/0020_Blue_KadhalThinamThinam191.png?raw=true,"#amiablewrites #kadhalthinamthinam #meendumorkadhalmazhai #karpanaiyokadhalvasam #peachhouseperson #arivalan

#TamilKavithai #TamilPoetry #TamilLovePoems #KadhalKavithai #RomanticKavithai #TamilKadhal #KadhalPoetry #TamilQuotes #TamilKadhalKavithaigal #RomanticQuotes #TamilKavithaigal #TamilLoveQuotes #TamilSadQuotes #TamilThathuvangal #TamilKavidhai #TamilPoems #TamilKavithaikal #TamilLoveStory #PoetryInTamil #LoveInTamil #TamilRomanticQuotes #TamilInstaPoetry #TamilQuoteLovers #InstaKavithai #KadhalInstagram","Save this poem as your little love reminder to brighten your day. If it touched your heart, leave a ❤, and share it with someone who needs to hear this. Let's spread love... save it, share it!

இக்கவிதையை உங்கள் நாளை சிறப்பாக்கும் காதல் நினைவாக சேமியுங்கள். இதன் உணர்வுகள் உங்கள் இதயத்தை தழுவி இருந்தால், ❤ கொடுக்கவும், இதை உணர வேண்டியவருடன் பகிரவும். காதலை பரப்புவோம்... சேமியுங்கள், பகிருங்கள்!","Tamil, English",1747542600
19-05-2025 10:00,White,KadhalThinamThinam161.png,https://github.com/mr-php20/amiableWrites/blob/main/White/KadhalThinamThinam161.png?raw=true,"#amiablewrites #kadhalthinamthinam #meendumorkadhalmazhai #karpanaiyokadhalvasam #peachhouseperson #arivalan

#TamilKavithai #TamilPoetry #TamilLovePoems #KadhalKavithai #RomanticKavithai #TamilKadhal #KadhalPoetry #TamilQuotes #TamilKadhalKavithaigal #RomanticQuotes #TamilKavithaigal #TamilLoveQuotes #TamilSadQuotes #TamilThathuvangal #TamilKavidhai #TamilPoems #TamilKavithaikal #TamilLoveStory #PoetryInTamil #LoveInTamil #TamilRomanticQuotes #TamilInstaPoetry #TamilQuoteLovers #InstaKavithai #KadhalInstagram","Save this poem as your little love reminder to brighten your day. If it touched your heart, leave a ❤, and share it with someone who needs to hear this. Let's spread love... save it, share it!

இக்கவிதையை உங்கள் நாளை சிறப்பாக்கும் காதல் நினைவாக சேமியுங்கள். இதன் உணர்வுகள் உங்கள் இதயத்தை தழுவி இருந்தால், ❤ கொடுக்கவும், இதை உணர வேண்டியவருடன் பகிரவும். காதலை பரப்புவோம்... சேமியுங்கள், பகிருங்கள்!","Tamil, English",1747629000
20-05-2025 10:00,Black,KadhalThinamThinam144.png,https://github.com/mr-php20/amiableWrites/blob/main/Black/KadhalThinamThinam144.png?raw=true,"#amiablewrites #kadhalthinamthinam #meendumorkadhalmazhai #karpanaiyokadhalvasam #peachhouseperson #arivalan

#TamilKavithai #TamilPoetry #TamilLovePoems #KadhalKavithai #RomanticKavithai #TamilKadhal #KadhalPoetry #TamilQuotes #TamilKadhalKavithaigal #RomanticQuotes #TamilKavithaigal #TamilLoveQuotes #TamilSadQuotes #TamilThathuvangal #TamilKavidhai #TamilPoems #TamilKavithaikal #TamilLoveStory #PoetryInTamil #LoveInTamil #TamilRomanticQuotes #TamilInstaPoetry #TamilQuoteLovers #InstaKavithai #KadhalInstagram","Save this poem as your little love reminder to brighten your day. If it touched your heart, leave a ❤, and share it with someone who needs to hear this. Let's spread love... save it, share it!

இக்கவிதையை உங்கள் நாளை சிறப்பாக்கும் காதல் நினைவாக சேமியுங்கள். இதன் உணர்வுகள் உங்கள் இதயத்தை தழுவி இருந்தால், ❤ கொடுக்கவும், இதை உணர வேண்டியவருடன் பகிரவும். காதலை பரப்புவோம்... சேமியுங்கள், பகிருங்கள்!","Tamil, English",1747715400
21-05-2025 10:00,Color,0021_Blue_KadhalThinamThinam184.png,https://github.com/mr-php20/amiableWrites/blob/main/Spectrum/0021_Blue_KadhalThinamThinam184.png?raw=true,"#amiablewrites #kadhalthinamthinam #meendumorkadhalmazhai #karpanaiyokadhalvasam #peachhouseperson #arivalan

#TamilKavithai #TamilPoetry #TamilLovePoems #KadhalKavithai #RomanticKavithai #TamilKadhal #KadhalPoetry #TamilQuotes #TamilKadhalKavithaigal #RomanticQuotes #TamilKavithaigal #TamilLoveQuotes #TamilSadQuotes #TamilThathuvangal #TamilKavidhai #TamilPoems #TamilKavithaikal #TamilLoveStory #PoetryInTamil #LoveInTamil #TamilRomanticQuotes #TamilInstaPoetry #TamilQuoteLovers #InstaKavithai #KadhalInstagram","Save this poem as your little love reminder to brighten your day. If it touched your heart, leave a ❤, and share it with someone who needs to hear this. Let's spread love... save it, share it!

இக்கவிதையை உங்கள் நாளை சிறப்பாக்கும் காதல் நினைவாக சேமியுங்கள். இதன் உணர்வுகள் உங்கள் இதயத்தை தழுவி இருந்தால், ❤ கொடுக்கவும், இதை உணர வேண்டியவருடன் பகிரவும். காதலை பரப்புவோம்... சேமியுங்கள், பகிருங்கள்!","Tamil, English",1747801800
22-05-2025 10:00,White,KadhalThinamThinam162.png,https://github.com/mr-php20/amiableWrites/blob/main/White/KadhalThinamThinam162.png?raw=true,"#amiablewrites #kadhalthinamthinam #meendumorkadhalmazhai #karpanaiyokadhalvasam #peachhouseperson #arivalan

#TamilKavithai #TamilPoetry #TamilLovePoems #KadhalKavithai #RomanticKavithai #TamilKadhal #KadhalPoetry #TamilQuotes #TamilKadhalKavithaigal #RomanticQuotes #TamilKavithaigal #TamilLoveQuotes #TamilSadQuotes #TamilThathuvangal #TamilKavidhai #TamilPoems #TamilKavithaikal #TamilLoveStory #PoetryInTamil #LoveInTamil #TamilRomanticQuotes #TamilInstaPoetry #TamilQuoteLovers #InstaKavithai #KadhalInstagram","Save this poem as your little love reminder to brighten your day. If it touched your heart, leave a ❤, and share it with someone who needs to hear this. Let's spread love... save it, share it!

இக்கவிதையை உங்கள் நாளை சிறப்பாக்கும் காதல் நினைவாக சேமியுங்கள். இதன் உணர்வுகள் உங்கள் இதயத்தை தழுவி இருந்தால், ❤ கொடுக்கவும், இதை உணர வேண்டியவருடன் பகிரவும். காதலை பரப்புவோம்... சேமியுங்கள், பகிருங்கள்!","Tamil, English",1747888200
23-05-2025 10:00,Black,KadhalThinamThinam152.png,https://github.com/mr-php20/amiableWrites/blob/main/Black/KadhalThinamThinam152.png?raw=true,"#amiablewrites #kadhalthinamthinam #meendumorkadhalmazhai #karpanaiyokadhalvasam #peachhouseperson #arivalan

#TamilKavithai #TamilPoetry #TamilLovePoems #KadhalKavithai #RomanticKavithai #TamilKadhal #KadhalPoetry #TamilQuotes #TamilKadhalKavithaigal #RomanticQuotes #TamilKavithaigal #TamilLoveQuotes #TamilSadQuotes #TamilThathuvangal #TamilKavidhai #TamilPoems #TamilKavithaikal #TamilLoveStory #PoetryInTamil #LoveInTamil #TamilRomanticQuotes #TamilInstaPoetry #TamilQuoteLovers #InstaKavithai #KadhalInstagram","Save this poem as your little love reminder to brighten your day. If it touched your heart, leave a ❤, and share it with someone who needs to hear this. Let's spread love... save it, share it!

இக்கவிதையை உங்கள் நாளை சிறப்பாக்கும் காதல் நினைவாக சேமியுங்கள். இதன் உணர்வுகள் உங்கள் இதயத்தை தழுவி இருந்தால், ❤ கொடுக்கவும், இதை உணர வேண்டியவருடன் பகிரவும். காதலை பரப்புவோம்... சேமியுங்கள், பகிருங்கள்!","Tamil, English",1747974600
24-05-2025 10:00,Color,0022_Blue_KadhalThinamThinam247.png,https://github.com/mr-php20/amiableWrites/blob/main/Spectrum/0022_Blue_KadhalThinamThinam247.png?raw=true,"#amiablewrites #kadhalthinamthinam #meendumorkadhalmazhai #karpanaiyokadhalvasam #peachhouseperson #arivalan

#TamilKavithai #TamilPoetry #TamilLovePoems #KadhalKavithai #RomanticKavithai #TamilKadhal #KadhalPoetry #TamilQuotes #TamilKadhalKavithaigal #RomanticQuotes #TamilKavithaigal #TamilLoveQuotes #TamilSadQuotes #TamilThathuvangal #TamilKavidhai #TamilPoems #TamilKavithaikal #TamilLoveStory #PoetryInTamil #LoveInTamil #TamilRomanticQuotes #TamilInstaPoetry #TamilQuoteLovers #InstaKavithai #KadhalInstagram","Save this poem as your little love reminder to brighten your day. If it touched your heart, leave a ❤, and share it with someone who needs to hear this. Let's spread love... save it, share it!

இக்கவிதையை உங்கள் நாளை சிறப்பாக்கும் காதல் நினைவாக சேமியுங்கள். இதன் உணர்வுகள் உங்கள் இதயத்தை தழுவி இருந்தால், ❤ கொடுக்கவும், இதை உணர வேண்டியவருடன் பகிரவும். காதலை பரப்புவோம்... சேமியுங்கள், பகிருங்கள்!","Tamil, English",1748061000
25-05-2025 10:00,White,KadhalThinamThinam164.png,https://github.com/mr-php20/amiableWrites/blob/main/White/KadhalThinamThinam164.png?raw=true,"#amiablewrites #kadhalthinamthinam #meendumorkadhalmazhai #karpanaiyokadhalvasam #peachhouseperson #arivalan

#TamilKavithai #TamilPoetry #TamilLovePoems #KadhalKavithai #RomanticKavithai #TamilKadhal #KadhalPoetry #TamilQuotes #TamilKadhalKavithaigal #RomanticQuotes #TamilKavithaigal #TamilLoveQuotes #TamilSadQuotes #TamilThathuvangal #TamilKavidhai #TamilPoems #TamilKavithaikal #TamilLoveStory #PoetryInTamil #LoveInTamil #TamilRomanticQuotes #TamilInstaPoetry #TamilQuoteLovers #InstaKavithai #KadhalInstagram","Save this poem as your little love reminder to brighten your day. If it touched your heart, leave a ❤, and share it with someone who needs to hear this. Let's spread love... save it, share it!

இக்கவிதையை உங்கள் நாளை சிறப்பாக்கும் காதல் நினைவாக சேமியுங்கள். இதன் உணர்வுகள் உங்கள் இதயத்தை தழுவி இருந்தால், ❤ கொடுக்கவும், இதை உணர வேண்டியவருடன் பகிரவும். காதலை பரப்புவோம்... சேமியுங்கள், பகிருங்கள்!","Tamil, English",1748147400
26-05-2025 10:00,Black,KadhalThinamThinam160.png,https://github.com/mr-php20/amiableWrites/blob/main/Black/KadhalThinamThinam160.png?raw=true,"#amiablewrites #kadhalthinamthinam #meendumorkadhalmazhai #karpanaiyokadhalvasam #peachhouseperson #arivalan

#TamilKavithai #TamilPoetry #TamilLovePoems #KadhalKavithai #RomanticKavithai #TamilKadhal #KadhalPoetry #TamilQuotes #TamilKadhalKavithaigal #RomanticQuotes #TamilKavithaigal #TamilLoveQuotes #TamilSadQuotes #TamilThathuvangal #TamilKavidhai #TamilPoems #TamilKavithaikal #TamilLoveStory #PoetryInTamil #LoveInTamil #TamilRomanticQuotes #TamilInstaPoetry #TamilQuoteLovers #InstaKavithai #KadhalInstagram","Save this poem as your little love reminder to brighten your day. If it touched your heart, leave a ❤, and share it with someone who needs to hear this. Let's spread love... save it, share it!

இக்கவிதையை உங்கள் நாளை சிறப்பாக்கும் காதல் நினைவாக சேமியுங்கள். இதன் உணர்வுகள் உங்கள் இதயத்தை தழுவி இருந்தால், ❤ கொடுக்கவும், இதை உணர வேண்டியவருடன் பகிரவும். காதலை பரப்புவோம்... சேமியுங்கள், பகிருங்கள்!","Tamil, English",1748233800
27-05-2025 10:00,Color,0023_Blue_KadhalThinamThinam168.png,https://github.com/mr-php20/amiableWrites/blob/main/Spectrum/0023_Blue_KadhalThinamThinam168.png?raw=true,"#amiablewrites #kadhalthinamthinam #meendumorkadhalmazhai #karpanaiyokadhalvasam #peachhouseperson #arivalan

#TamilKavithai #TamilPoetry #TamilLovePoems #KadhalKavithai #RomanticKavithai #TamilKadhal #KadhalPoetry #TamilQuotes #TamilKadhalKavithaigal #RomanticQuotes #TamilKavithaigal #TamilLoveQuotes #TamilSadQuotes #TamilThathuvangal #TamilKavidhai #TamilPoems #TamilKavithaikal #TamilLoveStory #PoetryInTamil #LoveInTamil #TamilRomanticQuotes #TamilInstaPoetry #TamilQuoteLovers #InstaKavithai #KadhalInstagram","Save this poem as your little love reminder to brighten your day. If it touched your heart, leave a ❤, and share it with someone who needs to hear this. Let's spread love... save it, share it!

இக்கவிதையை உங்கள் நாளை சிறப்பாக்கும் காதல் நினைவாக சேமியுங்கள். இதன் உணர்வுகள் உங்கள் இதயத்தை தழுவி இருந்தால், ❤ கொடுக்கவும், இதை உணர வேண்டியவருடன் பகிரவும். காதலை பரப்புவோம்... சேமியுங்கள், பகிருங்கள்!","Tamil, English",1748320200
28-05-2025 10:00,White,KadhalThinamThinam165.png,https://github.com/mr-php20/amiableWrites/blob/main/White/KadhalThinamThinam165.png?raw=true,"#amiablewrites #kadhalthinamthinam #meendumorkadhalmazhai #karpanaiyokadhalvasam #peachhouseperson #arivalan

#TamilKavithai #TamilPoetry #TamilLovePoems #KadhalKavithai #RomanticKavithai #TamilKadhal #KadhalPoetry #TamilQuotes #TamilKadhalKavithaigal #RomanticQuotes #TamilKavithaigal #TamilLoveQuotes #TamilSadQuotes #TamilThathuvangal #TamilKavidhai #TamilPoems #TamilKavithaikal #TamilLoveStory #PoetryInTamil #LoveInTamil #TamilRomanticQuotes #TamilInstaPoetry #TamilQuoteLovers #InstaKavithai #KadhalInstagram","Save this poem as your little love reminder to brighten your day. If it touched your heart, leave a ❤, and share it with someone who needs to hear this. Let's spread love... save it, share it!

இக்கவிதையை உங்கள் நாளை சிறப்பாக்கும் காதல் நினைவாக சேமியுங்கள். இதன் உணர்வுகள் உங்கள் இதயத்தை தழுவி இருந்தால், ❤ கொடுக்கவும், இதை உணர வேண்டியவருடன் பகிரவும். காதலை பரப்புவோம்... சேமியுங்கள், பகிருங்கள்!","Tamil, English",1748406600
29-05-2025 10:00,Black,KadhalThinamThinam174.png,https://github.com/mr-php20/amiableWrites/blob/main/Black/KadhalThinamThinam174.png?raw=true,"#amiablewrites #kadhalthinamthinam #meendumorkadhalmazhai #karpanaiyokadhalvasam #peachhouseperson #arivalan

#TamilKavithai #TamilPoetry #TamilLovePoems #KadhalKavithai #RomanticKavithai #TamilKadhal #KadhalPoetry #TamilQuotes #TamilKadhalKavithaigal #RomanticQuotes #TamilKavithaigal #TamilLoveQuotes #TamilSadQuotes #TamilThathuvangal #TamilKavidhai #TamilPoems #TamilKavithaikal #TamilLoveStory #PoetryInTamil #LoveInTamil #TamilRomanticQuotes #TamilInstaPoetry #TamilQuoteLovers #InstaKavithai #KadhalInstagram","Save this poem as your little love reminder to brighten your day. If it touched your heart, leave a ❤, and share it with someone who needs to hear this. Let's spread love... save it, share it!

இக்கவிதையை உங்கள் நாளை சிறப்பாக்கும் காதல் நினைவாக சேமியுங்கள். இதன் உணர்வுகள் உங்கள் இதயத்தை தழுவி இருந்தால், ❤ கொடுக்கவும், இதை உணர வேண்டியவருடன் பகிரவும். காதலை பரப்புவோம்... சேமியுங்கள், பகிருங்கள்!","Tamil, English",1748493000
30-05-2025 10:00,Color,0024_Blue_KadhalThinamThinam258.png,https://github.com/mr-php20/amiableWrites/blob/main/Spectrum/0024_Blue_KadhalThinamThinam258.png?raw=true,"#amiablewrites #kadhalthinamthinam #meendumorkadhalmazhai #karpanaiyokadhalvasam #peachhouseperson #arivalan

#TamilKavithai #TamilPoetry #TamilLovePoems #KadhalKavithai #RomanticKavithai #TamilKadhal #KadhalPoetry #TamilQuotes #TamilKadhalKavithaigal #RomanticQuotes #TamilKavithaigal #TamilLoveQuotes #TamilSadQuotes #TamilThathuvangal #TamilKavidhai #TamilPoems #TamilKavithaikal #TamilLoveStory #PoetryInTamil #LoveInTamil #TamilRomanticQuotes #TamilInstaPoetry #TamilQuoteLovers #InstaKavithai #KadhalInstagram","Save this poem as your little love reminder to brighten your day. If it touched your heart, leave a ❤, and share it with someone who needs to hear this. Let's spread love... save it, share it!

இக்கவிதையை உங்கள் நாளை சிறப்பாக்கும் காதல் நினைவாக சேமியுங்கள். இதன் உணர்வுகள் உங்கள் இதயத்தை தழுவி இருந்தால், ❤ கொடுக்கவும், இதை உணர வேண்டியவருடன் பகிரவும். காதலை பரப்புவோம்... சேமியுங்கள், பகிருங்கள்!","Tamil, English",1748579400
31-05-2025 10:00,White,KadhalThinamThinam166.png,https://github.com/mr-php20/amiableWrites/blob/main/White/KadhalThinamThinam166.png?raw=true,"#amiablewrites #kadhalthinamthinam #meendumorkadhalmazhai #karpanaiyokadhalvasam #peachhouseperson #arivalan

#TamilKavithai #TamilPoetry #TamilLovePoems #KadhalKavithai #RomanticKavithai #TamilKadhal #KadhalPoetry #TamilQuotes #TamilKadhalKavithaigal #RomanticQuotes #TamilKavithaigal #TamilLoveQuotes #TamilSadQuotes #TamilThathuvangal #TamilKavidhai #TamilPoems #TamilKavithaikal #TamilLoveStory #PoetryInTamil #LoveInTamil #TamilRomanticQuotes #TamilInstaPoetry #TamilQuoteLovers #InstaKavithai #KadhalInstagram","Save this poem as your little love reminder to brighten your day. If it touched your heart, leave a ❤, and share it with someone who needs to hear this. Let's spread love... save it, share it!

இக்கவிதையை உங்கள் நாளை சிறப்பாக்கும் காதல் நினைவாக சேமியுங்கள். இதன் உணர்வுகள் உங்கள் இதயத்தை தழுவி இருந்தால், ❤ கொடுக்கவும், இதை உணர வேண்டியவருடன் பகிரவும். காதலை பரப்புவோம்... சேமியுங்கள், பகிருங்கள்!","Tamil, English",1748665800
01-06-2025 10:00,Black,KadhalThinamThinam180.png,https://github.com/mr-php20/amiableWrites/blob/main/Black/KadhalThinamThinam180.png?raw=true,"#amiablewrites #kadhalthinamthinam #meendumorkadhalmazhai #karpanaiyokadhalvasam #peachhouseperson #arivalan

#TamilKavithai #TamilPoetry #TamilLovePoems #KadhalKavithai #RomanticKavithai #TamilKadhal #KadhalPoetry #TamilQuotes #TamilKadhalKavithaigal #RomanticQuotes #TamilKavithaigal #TamilLoveQuotes #TamilSadQuotes #TamilThathuvangal #TamilKavidhai #TamilPoems #TamilKavithaikal #TamilLoveStory #PoetryInTamil #LoveInTamil #TamilRomanticQuotes #TamilInstaPoetry #TamilQuoteLovers #InstaKavithai #KadhalInstagram","Save this poem as your little love reminder to brighten your day. If it touched your heart, leave a ❤, and share it with someone who needs to hear this. Let's spread love... save it, share it!

இக்கவிதையை உங்கள் நாளை சிறப்பாக்கும் காதல் நினைவாக சேமியுங்கள். இதன் உணர்வுகள் உங்கள் இதயத்தை தழுவி இருந்தால், ❤ கொடுக்கவும், இதை உணர வேண்டியவருடன் பகிரவும். காதலை பரப்புவோம்... சேமியுங்கள், பகிருங்கள்!","Tamil, English",1748752200
02-06-2025 10:00,Color,0025_Blue_KadhalThinamThinam349.png,https://github.com/mr-php20/amiableWrites/blob/main/Spectrum/0025_Blue_KadhalThinamThinam349.png?raw=true,"#amiablewrites #kadhalthinamthinam #meendumorkadhalmazhai #karpanaiyokadhalvasam #peachhouseperson #arivalan

#TamilKavithai #TamilPoetry #TamilLovePoems #KadhalKavithai #RomanticKavithai #TamilKadhal #KadhalPoetry #TamilQuotes #TamilKadhalKavithaigal #RomanticQuotes #TamilKavithaigal #TamilLoveQuotes #TamilSadQuotes #TamilThathuvangal #TamilKavidhai #TamilPoems #TamilKavithaikal #TamilLoveStory #PoetryInTamil #LoveInTamil #TamilRomanticQuotes #TamilInstaPoetry #TamilQuoteLovers #InstaKavithai #KadhalInstagram","Save this poem as your little love reminder to brighten your day. If it touched your heart, leave a ❤, and share it with someone who needs to hear this. Let's spread love... save it, share it!

இக்கவிதையை உங்கள் நாளை சிறப்பாக்கும் காதல் நினைவாக சேமியுங்கள். இதன் உணர்வுகள் உங்கள் இதயத்தை தழுவி இருந்தால், ❤ கொடுக்கவும், இதை உணர வேண்டியவருடன் பகிரவும். காதலை பரப்புவோம்... சேமியுங்கள், பகிருங்கள்!","Tamil, English",1748838600
03-06-2025 10:00,White,KadhalThinamThinam167.png,https://github.com/mr-php20/amiableWrites/blob/main/White/KadhalThinamThinam167.png?raw=true,"#amiablewrites #kadhalthinamthinam #meendumorkadhalmazhai #karpanaiyokadhalvasam #peachhouseperson #arivalan

#TamilKavithai #TamilPoetry #TamilLovePoems #KadhalKavithai #RomanticKavithai #TamilKadhal #KadhalPoetry #TamilQuotes #TamilKadhalKavithaigal #RomanticQuotes #TamilKavithaigal #TamilLoveQuotes #TamilSadQuotes #TamilThathuvangal #TamilKavidhai #TamilPoems #TamilKavithaikal #TamilLoveStory #PoetryInTamil #LoveInTamil #TamilRomanticQuotes #TamilInstaPoetry #TamilQuoteLovers #InstaKavithai #KadhalInstagram","Save this poem as your little love reminder to brighten your day. If it touched your heart, leave a ❤, and share it with someone who needs to hear this. Let's spread love... save it, share it!

இக்கவிதையை உங்கள் நாளை சிறப்பாக்கும் காதல் நினைவாக சேமியுங்கள். இதன் உணர்வுகள் உங்கள் இதயத்தை தழுவி இருந்தால், ❤ கொடுக்கவும், இதை உணர வேண்டியவருடன் பகிரவும். காதலை பரப்புவோம்... சேமியுங்கள், பகிருங்கள்!","Tamil, English",1748925000
04-06-2025 10:00,Black,KadhalThinamThinam189.png,https://github.com/mr-php20/amiableWrites/blob/main/Black/KadhalThinamThinam189.png?raw=true,"#amiablewrites #kadhalthinamthinam #meendumorkadhalmazhai #karpanaiyokadhalvasam #peachhouseperson #arivalan

#TamilKavithai #TamilPoetry #TamilLovePoems #KadhalKavithai #RomanticKavithai #TamilKadhal #KadhalPoetry #TamilQuotes #TamilKadhalKavithaigal #RomanticQuotes #TamilKavithaigal #TamilLoveQuotes #TamilSadQuotes #TamilThathuvangal #TamilKavidhai #TamilPoems #TamilKavithaikal #TamilLoveStory #PoetryInTamil #LoveInTamil #TamilRomanticQuotes #TamilInstaPoetry #TamilQuoteLovers #InstaKavithai #KadhalInstagram","Save this poem as your little love reminder to brighten your day. If it touched your heart, leave a ❤, and share it with someone who needs to hear this. Let's spread love... save it, share it!

இக்கவிதையை உங்கள் நாளை சிறப்பாக்கும் காதல் நினைவாக சேமியுங்கள். இதன் உணர்வுகள் உங்கள் இதயத்தை தழுவி இருந்தால், ❤ கொடுக்கவும், இதை உணர வேண்டியவருடன் பகிரவும். காதலை பரப்புவோம்... சேமியுங்கள், பகிருங்கள்!","Tamil, English",1749011400
05-06-2025 10:00,Color,0026_Blue_KadhalThinamThinam257.png,https://github.com/mr-php20/amiableWrites/blob/main/Spectrum/0026_Blue_KadhalThinamThinam257.png?raw=true,"#amiablewrites #kadhalthinamthinam #meendumorkadhalmazhai #karpanaiyokadhalvasam #peachhouseperson #arivalan

#TamilKavithai #TamilPoetry #TamilLovePoems #KadhalKavithai #RomanticKavithai #TamilKadhal #KadhalPoetry #TamilQuotes #TamilKadhalKavithaigal #RomanticQuotes #TamilKavithaigal #TamilLoveQuotes #TamilSadQuotes #TamilThathuvangal #TamilKavidhai #TamilPoems #TamilKavithaikal #TamilLoveStory #PoetryInTamil #LoveInTamil #TamilRomanticQuotes #TamilInstaPoetry #TamilQuoteLovers #InstaKavithai #KadhalInstagram","Save this poem as your little love reminder to brighten your day. If it touched your heart, leave a ❤, and share it with someone who needs to hear this. Let's spread love... save it, share it!

இக்கவிதையை உங்கள் நாளை சிறப்பாக்கும் காதல் நினைவாக சேமியுங்கள். இதன் உணர்வுகள் உங்கள் இதயத்தை தழுவி இருந்தால், ❤ கொடுக்கவும், இதை உணர வேண்டியவருடன் பகிரவும். காதலை பரப்புவோம்... சேமியுங்கள், பகிருங்கள்!","Tamil, English",1749097800
06-06-2025 10:00,White,KadhalThinamThinam169.png,https://github.com/mr-php20/amiableWrites/blob/main/White/KadhalThinamThinam169.png?raw=true,"#amiablewrites #kadhalthinamthinam #meendumorkadhalmazhai #karpanaiyokadhalvasam #peachhouseperson #arivalan

#TamilKavithai #TamilPoetry #TamilLovePoems #KadhalKavithai #RomanticKavithai #TamilKadhal #KadhalPoetry #TamilQuotes #TamilKadhalKavithaigal #RomanticQuotes #TamilKavithaigal #TamilLoveQuotes #TamilSadQuotes #TamilThathuvangal #TamilKavidhai #TamilPoems #TamilKavithaikal #TamilLoveStory #PoetryInTamil #LoveInTamil #TamilRomanticQuotes #TamilInstaPoetry #TamilQuoteLovers #InstaKavithai #KadhalInstagram","Save this poem as your little love reminder to brighten your day. If it touched your heart, leave a ❤, and share it with someone who needs to hear this. Let's spread love... save it, share it!

இக்கவிதையை உங்கள் நாளை சிறப்பாக்கும் காதல் நினைவாக சேமியுங்கள். இதன் உணர்வுகள் உங்கள் இதயத்தை தழுவி இருந்தால், ❤ கொடுக்கவும், இதை உணர வேண்டியவருடன் பகிரவும். காதலை பரப்புவோம்... சேமியுங்கள், பகிருங்கள்!","Tamil, English",1749184200
07-06-2025 10:00,Black,KadhalThinamThinam190.png,https://github.com/mr-php20/amiableWrites/blob/main/Black/KadhalThinamThinam190.png?raw=true,"#amiablewrites #kadhalthinamthinam #meendumorkadhalmazhai #karpanaiyokadhalvasam #peachhouseperson #arivalan

#TamilKavithai #TamilPoetry #TamilLovePoems #KadhalKavithai #RomanticKavithai #TamilKadhal #KadhalPoetry #TamilQuotes #TamilKadhalKavithaigal #RomanticQuotes #TamilKavithaigal #TamilLoveQuotes #TamilSadQuotes #TamilThathuvangal #TamilKavidhai #TamilPoems #TamilKavithaikal #TamilLoveStory #PoetryInTamil #LoveInTamil #TamilRomanticQuotes #TamilInstaPoetry #TamilQuoteLovers #InstaKavithai #KadhalInstagram","Save this poem as your little love reminder to brighten your day. If it touched your heart, leave a ❤, and share it with someone who needs to hear this. Let's spread love... save it, share it!

இக்கவிதையை உங்கள் நாளை சிறப்பாக்கும் காதல் நினைவாக சேமியுங்கள். இதன் உணர்வுகள் உங்கள் இதயத்தை தழுவி இருந்தால், ❤ கொடுக்கவும், இதை உணர வேண்டியவருடன் பகிரவும். காதலை பரப்புவோம்... சேமியுங்கள், பகிருங்கள்!","Tamil, English",1749270600
08-06-2025 10:00,Color,0027_Blue_KadhalThinamThinam207.png,https://github.com/mr-php20/amiableWrites/blob/main/Spectrum/0027_Blue_KadhalThinamThinam207.png?raw=true,"#amiablewrites #kadhalthinamthinam #meendumorkadhalmazhai #karpanaiyokadhalvasam #peachhouseperson #arivalan

#TamilKavithai #TamilPoetry #TamilLovePoems #KadhalKavithai #RomanticKavithai #TamilKadhal #KadhalPoetry #TamilQuotes #TamilKadhalKavithaigal #RomanticQuotes #TamilKavithaigal #TamilLoveQuotes #TamilSadQuotes #TamilThathuvangal #TamilKavidhai #TamilPoems #TamilKavithaikal #TamilLoveStory #PoetryInTamil #LoveInTamil #TamilRomanticQuotes #TamilInstaPoetry #TamilQuoteLovers #InstaKavithai #KadhalInstagram","Save this poem as your little love reminder to brighten your day. If it touched your heart, leave a ❤, and share it with someone who needs to hear this. Let's spread love... save it, share it!

இக்கவிதையை உங்கள் நாளை சிறப்பாக்கும் காதல் நினைவாக சேமியுங்கள். இதன் உணர்வுகள் உங்கள் இதயத்தை தழுவி இருந்தால், ❤ கொடுக்கவும், இதை உணர வேண்டியவருடன் பகிரவும். காதலை பரப்புவோம்... சேமியுங்கள், பகிருங்கள்!","Tamil, English",1749357000
09-06-2025 10:00,White,KadhalThinamThinam171.png,https://github.com/mr-php20/amiableWrites/blob/main/White/KadhalThinamThinam171.png?raw=true,"#amiablewrites #kadhalthinamthinam #meendumorkadhalmazhai #karpanaiyokadhalvasam #peachhouseperson #arivalan

#TamilKavithai #TamilPoetry #TamilLovePoems #KadhalKavithai #RomanticKavithai #TamilKadhal #KadhalPoetry #TamilQuotes #TamilKadhalKavithaigal #RomanticQuotes #TamilKavithaigal #TamilLoveQuotes #TamilSadQuotes #TamilThathuvangal #TamilKavidhai #TamilPoems #TamilKavithaikal #TamilLoveStory #PoetryInTamil #LoveInTamil #TamilRomanticQuotes #TamilInstaPoetry #TamilQuoteLovers #InstaKavithai #KadhalInstagram","Save this poem as your little love reminder to brighten your day. If it touched your heart, leave a ❤, and share it with someone who needs to hear this. Let's spread love... save it, share it!

இக்கவிதையை உங்கள் நாளை சிறப்பாக்கும் காதல் நினைவாக சேமியுங்கள். இதன் உணர்வுகள் உங்கள் இதயத்தை தழுவி இருந்தால், ❤ கொடுக்கவும், இதை உணர வேண்டியவருடன் பகிரவும். காதலை பரப்புவோம்... சேமியுங்கள், பகிருங்கள்!","Tamil, English",1749443400
10-06-2025 10:00,Black,KadhalThinamThinam192.png,https://github.com/mr-php20/amiableWrites/blob/main/Black/KadhalThinamThinam192.png?raw=true,"#amiablewrites #kadhalthinamthinam #meendumorkadhalmazhai #karpanaiyokadhalvasam #peachhouseperson #arivalan

#TamilKavithai #TamilPoetry #TamilLovePoems #KadhalKavithai #RomanticKavithai #TamilKadhal #KadhalPoetry #TamilQuotes #TamilKadhalKavithaigal #RomanticQuotes #TamilKavithaigal #TamilLoveQuotes #TamilSadQuotes #TamilThathuvangal #TamilKavidhai #TamilPoems #TamilKavithaikal #TamilLoveStory #PoetryInTamil #LoveInTamil #TamilRomanticQuotes #TamilInstaPoetry #TamilQuoteLovers #InstaKavithai #KadhalInstagram","Save this poem as your little love reminder to brighten your day. If it touched your heart, leave a ❤, and share it with someone who needs to hear this. Let's spread love... save it, share it!

இக்கவிதையை உங்கள் நாளை சிறப்பாக்கும் காதல் நினைவாக சேமியுங்கள். இதன் உணர்வுகள் உங்கள் இதயத்தை தழுவி இருந்தால், ❤ கொடுக்கவும், இதை உணர வேண்டியவருடன் பகிரவும். காதலை பரப்புவோம்... சேமியுங்கள், பகிருங்கள்!","Tamil, English",1749529800
11-06-2025 10:00,Color,0028_Blue_KadhalThinamThinam255.png,https://github.com/mr-php20/amiableWrites/blob/main/Spectrum/0028_Blue_KadhalThinamThinam255.png?raw=true,"#amiablewrites #kadhalthinamthinam #meendumorkadhalmazhai #karpanaiyokadhalvasam #peachhouseperson #arivalan

#TamilKavithai #TamilPoetry #TamilLovePoems #KadhalKavithai #RomanticKavithai #TamilKadhal #KadhalPoetry #TamilQuotes #TamilKadhalKavithaigal #RomanticQuotes #TamilKavithaigal #TamilLoveQuotes #TamilSadQuotes #TamilThathuvangal #TamilKavidhai #TamilPoems #TamilKavithaikal #TamilLoveStory #PoetryInTamil #LoveInTamil #TamilRomanticQuotes #TamilInstaPoetry #TamilQuoteLovers #InstaKavithai #KadhalInstagram","Save this poem as your little love reminder to brighten your day. If it touched your heart, leave a ❤, and share it with someone who needs to hear this. Let's spread love... save it, share it!

இக்கவிதையை உங்கள் நாளை சிறப்பாக்கும் காதல் நினைவாக சேமியுங்கள். இதன் உணர்வுகள் உங்கள் இதயத்தை தழுவி இருந்தால், ❤ கொடுக்கவும், இதை உணர வேண்டியவருடன் பகிரவும். காதலை பரப்புவோம்... சேமியுங்கள், பகிருங்கள்!","Tamil, English",1749616200
12-06-2025 10:00,White,KadhalThinamThinam172.png,https://github.com/mr-php20/amiableWrites/blob/main/White/KadhalThinamThinam172.png?raw=true,"#amiablewrites #kadhalthinamthinam #meendumorkadhalmazhai #karpanaiyokadhalvasam #peachhouseperson #arivalan

#TamilKavithai #TamilPoetry #TamilLovePoems #KadhalKavithai #RomanticKavithai #TamilKadhal #KadhalPoetry #TamilQuotes #TamilKadhalKavithaigal #RomanticQuotes #TamilKavithaigal #TamilLoveQuotes #TamilSadQuotes #TamilThathuvangal #TamilKavidhai #TamilPoems #TamilKavithaikal #TamilLoveStory #PoetryInTamil #LoveInTamil #TamilRomanticQuotes #TamilInstaPoetry #TamilQuoteLovers #InstaKavithai #KadhalInstagram","Save this poem as your little love reminder to brighten your day. If it touched your heart, leave a ❤, and share it with someone who needs to hear this. Let's spread love... save it, share it!

இக்கவிதையை உங்கள் நாளை சிறப்பாக்கும் காதல் நினைவாக சேமியுங்கள். இதன் உணர்வுகள் உங்கள் இதயத்தை தழுவி இருந்தால், ❤ கொடுக்கவும், இதை உணர வேண்டியவருடன் பகிரவும். காதலை பரப்புவோம்... சேமியுங்கள், பகிருங்கள்!","Tamil, English",1749702600
13-06-2025 10:00,Black,KadhalThinamThinam196.png,https://github.com/mr-php20/amiableWrites/blob/main/Black/KadhalThinamThinam196.png?raw=true,"#amiablewrites #kadhalthinamthinam #meendumorkadhalmazhai #karpanaiyokadhalvasam #peachhouseperson #arivalan

#TamilKavithai #TamilPoetry #TamilLovePoems #KadhalKavithai #RomanticKavithai #TamilKadhal #KadhalPoetry #TamilQuotes #TamilKadhalKavithaigal #RomanticQuotes #TamilKavithaigal #TamilLoveQuotes #TamilSadQuotes #TamilThathuvangal #TamilKavidhai #TamilPoems #TamilKavithaikal #TamilLoveStory #PoetryInTamil #LoveInTamil #TamilRomanticQuotes #TamilInstaPoetry #TamilQuoteLovers #InstaKavithai #KadhalInstagram","Save this poem as your little love reminder to brighten your day. If it touched your heart, leave a ❤, and share it with someone who needs to hear this. Let's spread love... save it, share it!

இக்கவிதையை உங்கள் நாளை சிறப்பாக்கும் காதல் நினைவாக சேமியுங்கள். இதன் உணர்வுகள் உங்கள் இதயத்தை தழுவி இருந்தால், ❤ கொடுக்கவும், இதை உணர வேண்டியவருடன் பகிரவும். காதலை பரப்புவோம்... சேமியுங்கள், பகிருங்கள்!","Tamil, English",1749789000
14-06-2025 10:00,Color,0029_Blue_KadhalThinamThinam299.png,https://github.com/mr-php20/amiableWrites/blob/main/Spectrum/0029_Blue_KadhalThinamThinam299.png?raw=true,"#amiablewrites #kadhalthinamthinam #meendumorkadhalmazhai #karpanaiyokadhalvasam #peachhouseperson #arivalan

#TamilKavithai #TamilPoetry #TamilLovePoems #KadhalKavithai #RomanticKavithai #TamilKadhal #KadhalPoetry #TamilQuotes #TamilKadhalKavithaigal #RomanticQuotes #TamilKavithaigal #TamilLoveQuotes #TamilSadQuotes #TamilThathuvangal #TamilKavidhai #TamilPoems #TamilKavithaikal #TamilLoveStory #PoetryInTamil #LoveInTamil #TamilRomanticQuotes #TamilInstaPoetry #TamilQuoteLovers #InstaKavithai #KadhalInstagram","Save this poem as your little love reminder to brighten your day. If it touched your heart, leave a ❤, and share it with someone who needs to hear this. Let's spread love... save it, share it!

இக்கவிதையை உங்கள் நாளை சிறப்பாக்கும் காதல் நினைவாக சேமியுங்கள். இதன் உணர்வுகள் உங்கள் இதயத்தை தழுவி இருந்தால், ❤ கொடுக்கவும், இதை உணர வேண்டியவருடன் பகிரவும். காதலை பரப்புவோம்... சேமியுங்கள், பகிருங்கள்!","Tamil, English",1749875400
15-06-2025 10:00,White,KadhalThinamThinam176.png,https://github.com/mr-php20/amiableWrites/blob/main/White/KadhalThinamThinam176.png?raw=true,"#amiablewrites #kadhalthinamthinam #meendumorkadhalmazhai #karpanaiyokadhalvasam #peachhouseperson #arivalan

#TamilKavithai #TamilPoetry #TamilLovePoems #KadhalKavithai #RomanticKavithai #TamilKadhal #KadhalPoetry #TamilQuotes #TamilKadhalKavithaigal #RomanticQuotes #TamilKavithaigal #TamilLoveQuotes #TamilSadQuotes #TamilThathuvangal #TamilKavidhai #TamilPoems #TamilKavithaikal #TamilLoveStory #PoetryInTamil #LoveInTamil #TamilRomanticQuotes #TamilInstaPoetry #TamilQuoteLovers #InstaKavithai #KadhalInstagram","Save this poem as your little love reminder to brighten your day. If it touched your heart, leave a ❤, and share it with someone who needs to hear this. Let's spread love... save it, share it!

இக்கவிதையை உங்கள் நாளை சிறப்பாக்கும் காதல் நினைவாக சேமியுங்கள். இதன் உணர்வுகள் உங்கள் இதயத்தை தழுவி இருந்தால், ❤ கொடுக்கவும், இதை உணர வேண்டியவருடன் பகிரவும். காதலை பரப்புவோம்... சேமியுங்கள், பகிருங்கள்!","Tamil, English",1749961800
16-06-2025 10:00,Black,KadhalThinamThinam197.png,https://github.com/mr-php20/amiableWrites/blob/main/Black/KadhalThinamThinam197.png?raw=true,"#amiablewrites #kadhalthinamthinam #meendumorkadhalmazhai #karpanaiyokadhalvasam #peachhouseperson #arivalan

#TamilKavithai #TamilPoetry #TamilLovePoems #KadhalKavithai #RomanticKavithai #TamilKadhal #KadhalPoetry #TamilQuotes #TamilKadhalKavithaigal #RomanticQuotes #TamilKavithaigal #TamilLoveQuotes #TamilSadQuotes #TamilThathuvangal #TamilKavidhai #TamilPoems #TamilKavithaikal #TamilLoveStory #PoetryInTamil #LoveInTamil #TamilRomanticQuotes #TamilInstaPoetry #TamilQuoteLovers #InstaKavithai #KadhalInstagram","Save this poem as your little love reminder to brighten your day. If it touched your heart, leave a ❤, and share it with someone who needs to hear this. Let's spread love... save it, share it!

இக்கவிதையை உங்கள் நாளை சிறப்பாக்கும் காதல் நினைவாக சேமியுங்கள். இதன் உணர்வுகள் உங்கள் இதயத்தை தழுவி இருந்தால், ❤ கொடுக்கவும், இதை உணர வேண்டியவருடன் பகிரவும். காதலை பரப்புவோம்... சேமியுங்கள், பகிருங்கள்!","Tamil, English",1750048200
17-06-2025 10:00,Color,0030_Blue_KadhalThinamThinam120.png,https://github.com/mr-php20/amiableWrites/blob/main/Spectrum/0030_Blue_KadhalThinamThinam120.png?raw=true,"#amiablewrites #kadhalthinamthinam #meendumorkadhalmazhai #karpanaiyokadhalvasam #peachhouseperson #arivalan

#TamilKavithai #TamilPoetry #TamilLovePoems #KadhalKavithai #RomanticKavithai #TamilKadhal #KadhalPoetry #TamilQuotes #TamilKadhalKavithaigal #RomanticQuotes #TamilKavithaigal #TamilLoveQuotes #TamilSadQuotes #TamilThathuvangal #TamilKavidhai #TamilPoems #TamilKavithaikal #TamilLoveStory #PoetryInTamil #LoveInTamil #TamilRomanticQuotes #TamilInstaPoetry #TamilQuoteLovers #InstaKavithai #KadhalInstagram","Save this poem as your little love reminder to brighten your day. If it touched your heart, leave a ❤, and share it with someone who needs to hear this. Let's spread love... save it, share it!

இக்கவிதையை உங்கள் நாளை சிறப்பாக்கும் காதல் நினைவாக சேமியுங்கள். இதன் உணர்வுகள் உங்கள் இதயத்தை தழுவி இருந்தால், ❤ கொடுக்கவும், இதை உணர வேண்டியவருடன் பகிரவும். காதலை பரப்புவோம்... சேமியுங்கள், பகிருங்கள்!","Tamil, English",1750134600
18-06-2025 10:00,White,KadhalThinamThinam179.png,https://github.com/mr-php20/amiableWrites/blob/main/White/KadhalThinamThinam179.png?raw=true,"#amiablewrites #kadhalthinamthinam #meendumorkadhalmazhai #karpanaiyokadhalvasam #peachhouseperson #arivalan

#TamilKavithai #TamilPoetry #TamilLovePoems #KadhalKavithai #RomanticKavithai #TamilKadhal #KadhalPoetry #TamilQuotes #TamilKadhalKavithaigal #RomanticQuotes #TamilKavithaigal #TamilLoveQuotes #TamilSadQuotes #TamilThathuvangal #TamilKavidhai #TamilPoems #TamilKavithaikal #TamilLoveStory #PoetryInTamil #LoveInTamil #TamilRomanticQuotes #TamilInstaPoetry #TamilQuoteLovers #InstaKavithai #KadhalInstagram","Save this poem as your little love reminder to brighten your day. If it touched your heart, leave a ❤, and share it with someone who needs to hear this. Let's spread love... save it, share it!

இக்கவிதையை உங்கள் நாளை சிறப்பாக்கும் காதல் நினைவாக சேமியுங்கள். இதன் உணர்வுகள் உங்கள் இதயத்தை தழுவி இருந்தால், ❤ கொடுக்கவும், இதை உணர வேண்டியவருடன் பகிரவும். காதலை பரப்புவோம்... சேமியுங்கள், பகிருங்கள்!","Tamil, English",1750221000
19-06-2025 10:00,Black,KadhalThinamThinam201.png,https://github.com/mr-php20/amiableWrites/blob/main/Black/KadhalThinamThinam201.png?raw=true,"#amiablewrites #kadhalthinamthinam #meendumorkadhalmazhai #karpanaiyokadhalvasam #peachhouseperson #arivalan

#TamilKavithai #TamilPoetry #TamilLovePoems #KadhalKavithai #RomanticKavithai #TamilKadhal #KadhalPoetry #TamilQuotes #TamilKadhalKavithaigal #RomanticQuotes #TamilKavithaigal #TamilLoveQuotes #TamilSadQuotes #TamilThathuvangal #TamilKavidhai #TamilPoems #TamilKavithaikal #TamilLoveStory #PoetryInTamil #LoveInTamil #TamilRomanticQuotes #TamilInstaPoetry #TamilQuoteLovers #InstaKavithai #KadhalInstagram","Save this poem as your little love reminder to brighten your day. If it touched your heart, leave a ❤, and share it with someone who needs to hear this. Let's spread love... save it, share it!

இக்கவிதையை உங்கள் நாளை சிறப்பாக்கும் காதல் நினைவாக சேமியுங்கள். இதன் உணர்வுகள் உங்கள் இதயத்தை தழுவி இருந்தால், ❤ கொடுக்கவும், இதை உணர வேண்டியவருடன் பகிரவும். காதலை பரப்புவோம்... சேமியுங்கள், பகிருங்கள்!","Tamil, English",1750307400
20-06-2025 10:00,Color,0031_Blue_KadhalThinamThinam185.png,https://github.com/mr-php20/amiableWrites/blob/main/Spectrum/0031_Blue_KadhalThinamThinam185.png?raw=true,"#amiablewrites #kadhalthinamthinam #meendumorkadhalmazhai #karpanaiyokadhalvasam #peachhouseperson #arivalan

#TamilKavithai #TamilPoetry #TamilLovePoems #KadhalKavithai #RomanticKavithai #TamilKadhal #KadhalPoetry #TamilQuotes #TamilKadhalKavithaigal #RomanticQuotes #TamilKavithaigal #TamilLoveQuotes #TamilSadQuotes #TamilThathuvangal #TamilKavidhai #TamilPoems #TamilKavithaikal #TamilLoveStory #PoetryInTamil #LoveInTamil #TamilRomanticQuotes #TamilInstaPoetry #TamilQuoteLovers #InstaKavithai #KadhalInstagram","Save this poem as your little love reminder to brighten your day. If it touched your heart, leave a ❤, and share it with someone who needs to hear this. Let's spread love... save it, share it!

இக்கவிதையை உங்கள் நாளை சிறப்பாக்கும் காதல் நினைவாக சேமியுங்கள். இதன் உணர்வுகள் உங்கள் இதயத்தை தழுவி இருந்தால், ❤ கொடுக்கவும், இதை உணர வேண்டியவருடன் பகிரவும். காதலை பரப்புவோம்... சேமியுங்கள், பகிருங்கள்!","Tamil, English",1750393800
21-06-2025 10:00,White,KadhalThinamThinam183.png,https://github.com/mr-php20/amiableWrites/blob/main/White/KadhalThinamThinam183.png?raw=true,"#amiablewrites #kadhalthinamthinam #meendumorkadhalmazhai #karpanaiyokadhalvasam #peachhouseperson #arivalan

#TamilKavithai #TamilPoetry #TamilLovePoems #KadhalKavithai #RomanticKavithai #TamilKadhal #KadhalPoetry #TamilQuotes #TamilKadhalKavithaigal #RomanticQuotes #TamilKavithaigal #TamilLoveQuotes #TamilSadQuotes #TamilThathuvangal #TamilKavidhai #TamilPoems #TamilKavithaikal #TamilLoveStory #PoetryInTamil #LoveInTamil #TamilRomanticQuotes #TamilInstaPoetry #TamilQuoteLovers #InstaKavithai #KadhalInstagram","Save this poem as your little love reminder to brighten your day. If it touched your heart, leave a ❤, and share it with someone who needs to hear this. Let's spread love... save it, share it!

இக்கவிதையை உங்கள் நாளை சிறப்பாக்கும் காதல் நினைவாக சேமியுங்கள். இதன் உணர்வுகள் உங்கள் இதயத்தை தழுவி இருந்தால், ❤ கொடுக்கவும், இதை உணர வேண்டியவருடன் பகிரவும். காதலை பரப்புவோம்... சேமியுங்கள், பகிருங்கள்!","Tamil, English",1750480200
22-06-2025 10:00,Black,KadhalThinamThinam212.png,https://github.com/mr-php20/amiableWrites/blob/main/Black/KadhalThinamThinam212.png?raw=true,"#amiablewrites #kadhalthinamthinam #meendumorkadhalmazhai #karpanaiyokadhalvasam #peachhouseperson #arivalan

#TamilKavithai #TamilPoetry #TamilLovePoems #KadhalKavithai #RomanticKavithai #TamilKadhal #KadhalPoetry #TamilQuotes #TamilKadhalKavithaigal #RomanticQuotes #TamilKavithaigal #TamilLoveQuotes #TamilSadQuotes #TamilThathuvangal #TamilKavidhai #TamilPoems #TamilKavithaikal #TamilLoveStory #PoetryInTamil #LoveInTamil #TamilRomanticQuotes #TamilInstaPoetry #TamilQuoteLovers #InstaKavithai #KadhalInstagram","Save this poem as your little love reminder to brighten your day. If it touched your heart, leave a ❤, and share it with someone who needs to hear this. Let's spread love... save it, share it!

இக்கவிதையை உங்கள் நாளை சிறப்பாக்கும் காதல் நினைவாக சேமியுங்கள். இதன் உணர்வுகள் உங்கள் இதயத்தை தழுவி இருந்தால், ❤ கொடுக்கவும், இதை உணர வேண்டியவருடன் பகிரவும். காதலை பரப்புவோம்... சேமியுங்கள், பகிருங்கள்!","Tamil, English",1750566600
23-06-2025 10:00,Color,0032_Blue_KadhalThinamThinam302.png,https://github.com/mr-php20/amiableWrites/blob/main/Spectrum/0032_Blue_KadhalThinamThinam302.png?raw=true,"#amiablewrites #kadhalthinamthinam #meendumorkadhalmazhai #karpanaiyokadhalvasam #peachhouseperson #arivalan

#TamilKavithai #TamilPoetry #TamilLovePoems #KadhalKavithai #RomanticKavithai #TamilKadhal #KadhalPoetry #TamilQuotes #TamilKadhalKavithaigal #RomanticQuotes #TamilKavithaigal #TamilLoveQuotes #TamilSadQuotes #TamilThathuvangal #TamilKavidhai #TamilPoems #TamilKavithaikal #TamilLoveStory #PoetryInTamil #LoveInTamil #TamilRomanticQuotes #TamilInstaPoetry #TamilQuoteLovers #InstaKavithai #KadhalInstagram","Save this poem as your little love reminder to brighten your day. If it touched your heart, leave a ❤, and share it with someone who needs to hear this. Let's spread love... save it, share it!

இக்கவிதையை உங்கள் நாளை சிறப்பாக்கும் காதல் நினைவாக சேமியுங்கள். இதன் உணர்வுகள் உங்கள் இதயத்தை தழுவி இருந்தால், ❤ கொடுக்கவும், இதை உணர வேண்டியவருடன் பகிரவும். காதலை பரப்புவோம்... சேமியுங்கள், பகிருங்கள்!","Tamil, English",1750653000
24-06-2025 10:00,White,KadhalThinamThinam187.png,https://github.com/mr-php20/amiableWrites/blob/main/White/KadhalThinamThinam187.png?raw=true,"#amiablewrites #kadhalthinamthinam #meendumorkadhalmazhai #karpanaiyokadhalvasam #peachhouseperson #arivalan

#TamilKavithai #TamilPoetry #TamilLovePoems #KadhalKavithai #RomanticKavithai #TamilKadhal #KadhalPoetry #TamilQuotes #TamilKadhalKavithaigal #RomanticQuotes #TamilKavithaigal #TamilLoveQuotes #TamilSadQuotes #TamilThathuvangal #TamilKavidhai #TamilPoems #TamilKavithaikal #TamilLoveStory #PoetryInTamil #LoveInTamil #TamilRomanticQuotes #TamilInstaPoetry #TamilQuoteLovers #InstaKavithai #KadhalInstagram","Save this poem as your little love reminder to brighten your day. If it touched your heart, leave a ❤, and share it with someone who needs to hear this. Let's spread love... save it, share it!

இக்கவிதையை உங்கள் நாளை சிறப்பாக்கும் காதல் நினைவாக சேமியுங்கள். இதன் உணர்வுகள் உங்கள் இதயத்தை தழுவி இருந்தால், ❤ கொடுக்கவும், இதை உணர வேண்டியவருடன் பகிரவும். காதலை பரப்புவோம்... சேமியுங்கள், பகிருங்கள்!","Tamil, English",1750739400
25-06-2025 10:00,Black,KadhalThinamThinam213.png,https://github.com/mr-php20/amiableWrites/blob/main/Black/KadhalThinamThinam213.png?raw=true,"#amiablewrites #kadhalthinamthinam #meendumorkadhalmazhai #karpanaiyokadhalvasam #peachhouseperson #arivalan

#TamilKavithai #TamilPoetry #TamilLovePoems #KadhalKavithai #RomanticKavithai #TamilKadhal #KadhalPoetry #TamilQuotes #TamilKadhalKavithaigal #RomanticQuotes #TamilKavithaigal #TamilLoveQuotes #TamilSadQuotes #TamilThathuvangal #TamilKavidhai #TamilPoems #TamilKavithaikal #TamilLoveStory #PoetryInTamil #LoveInTamil #TamilRomanticQuotes #TamilInstaPoetry #TamilQuoteLovers #InstaKavithai #KadhalInstagram","Save this poem as your little love reminder to brighten your day. If it touched your heart, leave a ❤, and share it with someone who needs to hear this. Let's spread love... save it, share it!

இக்கவிதையை உங்கள் நாளை சிறப்பாக்கும் காதல் நினைவாக சேமியுங்கள். இதன் உணர்வுகள் உங்கள் இதயத்தை தழுவி இருந்தால், ❤ கொடுக்கவும், இதை உணர வேண்டியவருடன் பகிரவும். காதலை பரப்புவோம்... சேமியுங்கள், பகிருங்கள்!","Tamil, English",1750825800
26-06-2025 10:00,Color,0033_Blue_KadhalThinamThinam270.png,https://github.com/mr-php20/amiableWrites/blob/main/Spectrum/0033_Blue_KadhalThinamThinam270.png?raw=true,"#amiablewrites #kadhalthinamthinam #meendumorkadhalmazhai #karpanaiyokadhalvasam #peachhouseperson #arivalan

#TamilKavithai #TamilPoetry #TamilLovePoems #KadhalKavithai #RomanticKavithai #TamilKadhal #KadhalPoetry #TamilQuotes #TamilKadhalKavithaigal #RomanticQuotes #TamilKavithaigal #TamilLoveQuotes #TamilSadQuotes #TamilThathuvangal #TamilKavidhai #TamilPoems #TamilKavithaikal #TamilLoveStory #PoetryInTamil #LoveInTamil #TamilRomanticQuotes #TamilInstaPoetry #TamilQuoteLovers #InstaKavithai #KadhalInstagram","Save this poem as your little love reminder to brighten your day. If it touched your heart, leave a ❤, and share it with someone who needs to hear this. Let's spread love... save it, share it!

இக்கவிதையை உங்கள் நாளை சிறப்பாக்கும் காதல் நினைவாக சேமியுங்கள். இதன் உணர்வுகள் உங்கள் இதயத்தை தழுவி இருந்தால், ❤ கொடுக்கவும், இதை உணர வேண்டியவருடன் பகிரவும். காதலை பரப்புவோம்... சேமியுங்கள், பகிருங்கள்!","Tamil, English",1750912200
27-06-2025 10:00,White,KadhalThinamThinam188.png,https://github.com/mr-php20/amiableWrites/blob/main/White/KadhalThinamThinam188.png?raw=true,"#amiablewrites #kadhalthinamthinam #meendumorkadhalmazhai #karpanaiyokadhalvasam #peachhouseperson #arivalan

#TamilKavithai #TamilPoetry #TamilLovePoems #KadhalKavithai #RomanticKavithai #TamilKadhal #KadhalPoetry #TamilQuotes #TamilKadhalKavithaigal #RomanticQuotes #TamilKavithaigal #TamilLoveQuotes #TamilSadQuotes #TamilThathuvangal #TamilKavidhai #TamilPoems #TamilKavithaikal #TamilLoveStory #PoetryInTamil #LoveInTamil #TamilRomanticQuotes #TamilInstaPoetry #TamilQuoteLovers #InstaKavithai #KadhalInstagram","Save this poem as your little love reminder to brighten your day. If it touched your heart, leave a ❤, and share it with someone who needs to hear this. Let's spread love... save it, share it!

இக்கவிதையை உங்கள் நாளை சிறப்பாக்கும் காதல் நினைவாக சேமியுங்கள். இதன் உணர்வுகள் உங்கள் இதயத்தை தழுவி இருந்தால், ❤ கொடுக்கவும், இதை உணர வேண்டியவருடன் பகிரவும். காதலை பரப்புவோம்... சேமியுங்கள், பகிருங்கள்!","Tamil, English",1750998600
28-06-2025 10:00,Black,KadhalThinamThinam215.png,https://github.com/mr-php20/amiableWrites/blob/main/Black/KadhalThinamThinam215.png?raw=true,"#amiablewrites #kadhalthinamthinam #meendumorkadhalmazhai #karpanaiyokadhalvasam #peachhouseperson #arivalan

#TamilKavithai #TamilPoetry #TamilLovePoems #KadhalKavithai #RomanticKavithai #TamilKadhal #KadhalPoetry #TamilQuotes #TamilKadhalKavithaigal #RomanticQuotes #TamilKavithaigal #TamilLoveQuotes #TamilSadQuotes #TamilThathuvangal #TamilKavidhai #TamilPoems #TamilKavithaikal #TamilLoveStory #PoetryInTamil #LoveInTamil #TamilRomanticQuotes #TamilInstaPoetry #TamilQuoteLovers #InstaKavithai #KadhalInstagram","Save this poem as your little love reminder to brighten your day. If it touched your heart, leave a ❤, and share it with someone who needs to hear this. Let's spread love... save it, share it!

இக்கவிதையை உங்கள் நாளை சிறப்பாக்கும் காதல் நினைவாக சேமியுங்கள். இதன் உணர்வுகள் உங்கள் இதயத்தை தழுவி இருந்தால், ❤ கொடுக்கவும், இதை உணர வேண்டியவருடன் பகிரவும். காதலை பரப்புவோம்... சேமியுங்கள், பகிருங்கள்!","Tamil, English",1751085000
29-06-2025 10:00,Color,0034_Blue_KadhalThinamThinam251.png,https://github.com/mr-php20/amiableWrites/blob/main/Spectrum/0034_Blue_KadhalThinamThinam251.png?raw=true,"#amiablewrites #kadhalthinamthinam #meendumorkadhalmazhai #karpanaiyokadhalvasam #peachhouseperson #arivalan

#TamilKavithai #TamilPoetry #TamilLovePoems #KadhalKavithai #RomanticKavithai #TamilKadhal #KadhalPoetry #TamilQuotes #TamilKadhalKavithaigal #RomanticQuotes #TamilKavithaigal #TamilLoveQuotes #TamilSadQuotes #TamilThathuvangal #TamilKavidhai #TamilPoems #TamilKavithaikal #TamilLoveStory #PoetryInTamil #LoveInTamil #TamilRomanticQuotes #TamilInstaPoetry #TamilQuoteLovers #InstaKavithai #KadhalInstagram","Save this poem as your little love reminder to brighten your day. If it touched your heart, leave a ❤, and share it with someone who needs to hear this. Let's spread love... save it, share it!

இக்கவிதையை உங்கள் நாளை சிறப்பாக்கும் காதல் நினைவாக சேமியுங்கள். இதன் உணர்வுகள் உங்கள் இதயத்தை தழுவி இருந்தால், ❤ கொடுக்கவும், இதை உணர வேண்டியவருடன் பகிரவும். காதலை பரப்புவோம்... சேமியுங்கள், பகிருங்கள்!","Tamil, English",1751171400
30-06-2025 10:00,White,KadhalThinamThinam200.png,https://github.com/mr-php20/amiableWrites/blob/main/White/KadhalThinamThinam200.png?raw=true,"#amiablewrites #kadhalthinamthinam #meendumorkadhalmazhai #karpanaiyokadhalvasam #peachhouseperson #arivalan

#TamilKavithai #TamilPoetry #TamilLovePoems #KadhalKavithai #RomanticKavithai #TamilKadhal #KadhalPoetry #TamilQuotes #TamilKadhalKavithaigal #RomanticQuotes #TamilKavithaigal #TamilLoveQuotes #TamilSadQuotes #TamilThathuvangal #TamilKavidhai #TamilPoems #TamilKavithaikal #TamilLoveStory #PoetryInTamil #LoveInTamil #TamilRomanticQuotes #TamilInstaPoetry #TamilQuoteLovers #InstaKavithai #KadhalInstagram","Save this poem as your little love reminder to brighten your day. If it touched your heart, leave a ❤, and share it with someone who needs to hear this. Let's spread love... save it, share it!

இக்கவிதையை உங்கள் நாளை சிறப்பாக்கும் காதல் நினைவாக சேமியுங்கள். இதன் உணர்வுகள் உங்கள் இதயத்தை தழுவி இருந்தால், ❤ கொடுக்கவும், இதை உணர வேண்டியவருடன் பகிரவும். காதலை பரப்புவோம்... சேமியுங்கள், பகிருங்கள்!","Tamil, English",1751257800
01-07-2025 10:00,Black,KadhalThinamThinam216.png,https://github.com/mr-php20/amiableWrites/blob/main/Black/KadhalThinamThinam216.png?raw=true,"#amiablewrites #kadhalthinamthinam #meendumorkadhalmazhai #karpanaiyokadhalvasam #peachhouseperson #arivalan

#TamilKavithai #TamilPoetry #TamilLovePoems #KadhalKavithai #RomanticKavithai #TamilKadhal #KadhalPoetry #TamilQuotes #TamilKadhalKavithaigal #RomanticQuotes #TamilKavithaigal #TamilLoveQuotes #TamilSadQuotes #TamilThathuvangal #TamilKavidhai #TamilPoems #TamilKavithaikal #TamilLoveStory #PoetryInTamil #LoveInTamil #TamilRomanticQuotes #TamilInstaPoetry #TamilQuoteLovers #InstaKavithai #KadhalInstagram","Save this poem as your little love reminder to brighten your day. If it touched your heart, leave a ❤, and share it with someone who needs to hear this. Let's spread love... save it, share it!

இக்கவிதையை உங்கள் நாளை சிறப்பாக்கும் காதல் நினைவாக சேமியுங்கள். இதன் உணர்வுகள் உங்கள் இதயத்தை தழுவி இருந்தால், ❤ கொடுக்கவும், இதை உணர வேண்டியவருடன் பகிரவும். காதலை பரப்புவோம்... சேமியுங்கள், பகிருங்கள்!","Tamil, English",1751344200
02-07-2025 10:00,Color,0035_Blue_KadhalThinamThinam205.png,https://github.com/mr-php20/amiableWrites/blob/main/Spectrum/0035_Blue_KadhalThinamThinam205.png?raw=true,"#amiablewrites #kadhalthinamthinam #meendumorkadhalmazhai #karpanaiyokadhalvasam #peachhouseperson #arivalan

#TamilKavithai #TamilPoetry #TamilLovePoems #KadhalKavithai #RomanticKavithai #TamilKadhal #KadhalPoetry #TamilQuotes #TamilKadhalKavithaigal #RomanticQuotes #TamilKavithaigal #TamilLoveQuotes #TamilSadQuotes #TamilThathuvangal #TamilKavidhai #TamilPoems #TamilKavithaikal #TamilLoveStory #PoetryInTamil #LoveInTamil #TamilRomanticQuotes #TamilInstaPoetry #TamilQuoteLovers #InstaKavithai #KadhalInstagram","Save this poem as your little love reminder to brighten your day. If it touched your heart, leave a ❤, and share it with someone who needs to hear this. Let's spread love... save it, share it!

இக்கவிதையை உங்கள் நாளை சிறப்பாக்கும் காதல் நினைவாக சேமியுங்கள். இதன் உணர்வுகள் உங்கள் இதயத்தை தழுவி இருந்தால், ❤ கொடுக்கவும், இதை உணர வேண்டியவருடன் பகிரவும். காதலை பரப்புவோம்... சேமியுங்கள், பகிருங்கள்!","Tamil, English",1751430600
03-07-2025 10:00,White,KadhalThinamThinam202.png,https://github.com/mr-php20/amiableWrites/blob/main/White/KadhalThinamThinam202.png?raw=true,"#amiablewrites #kadhalthinamthinam #meendumorkadhalmazhai #karpanaiyokadhalvasam #peachhouseperson #arivalan

#TamilKavithai #TamilPoetry #TamilLovePoems #KadhalKavithai #RomanticKavithai #TamilKadhal #KadhalPoetry #TamilQuotes #TamilKadhalKavithaigal #RomanticQuotes #TamilKavithaigal #TamilLoveQuotes #TamilSadQuotes #TamilThathuvangal #TamilKavidhai #TamilPoems #TamilKavithaikal #TamilLoveStory #PoetryInTamil #LoveInTamil #TamilRomanticQuotes #TamilInstaPoetry #TamilQuoteLovers #InstaKavithai #KadhalInstagram","Save this poem as your little love reminder to brighten your day. If it touched your heart, leave a ❤, and share it with someone who needs to hear this. Let's spread love... save it, share it!

இக்கவிதையை உங்கள் நாளை சிறப்பாக்கும் காதல் நினைவாக சேமியுங்கள். இதன் உணர்வுகள் உங்கள் இதயத்தை தழுவி இருந்தால், ❤ கொடுக்கவும், இதை உணர வேண்டியவருடன் பகிரவும். காதலை பரப்புவோம்... சேமியுங்கள், பகிருங்கள்!","Tamil, English",1751517000
04-07-2025 10:00,Black,KadhalThinamThinam223.png,https://github.com/mr-php20/amiableWrites/blob/main/Black/KadhalThinamThinam223.png?raw=true,"#amiablewrites #kadhalthinamthinam #meendumorkadhalmazhai #karpanaiyokadhalvasam #peachhouseperson #arivalan

#TamilKavithai #TamilPoetry #TamilLovePoems #KadhalKavithai #RomanticKavithai #TamilKadhal #KadhalPoetry #TamilQuotes #TamilKadhalKavithaigal #RomanticQuotes #TamilKavithaigal #TamilLoveQuotes #TamilSadQuotes #TamilThathuvangal #TamilKavidhai #TamilPoems #TamilKavithaikal #TamilLoveStory #PoetryInTamil #LoveInTamil #TamilRomanticQuotes #TamilInstaPoetry #TamilQuoteLovers #InstaKavithai #KadhalInstagram","Save this poem as your little love reminder to brighten your day. If it touched your heart, leave a ❤, and share it with someone who needs to hear this. Let's spread love... save it, share it!

இக்கவிதையை உங்கள் நாளை சிறப்பாக்கும் காதல் நினைவாக சேமியுங்கள். இதன் உணர்வுகள் உங்கள் இதயத்தை தழுவி இருந்தால், ❤ கொடுக்கவும், இதை உணர வேண்டியவருடன் பகிரவும். காதலை பரப்புவோம்... சேமியுங்கள், பகிருங்கள்!","Tamil, English",1751603400
05-07-2025 10:00,Color,0036_Blue_KadhalThinamThinam358.png,https://github.com/mr-php20/amiableWrites/blob/main/Spectrum/0036_Blue_KadhalThinamThinam358.png?raw=true,"#amiablewrites #kadhalthinamthinam #meendumorkadhalmazhai #karpanaiyokadhalvasam #peachhouseperson #arivalan

#TamilKavithai #TamilPoetry #TamilLovePoems #KadhalKavithai #RomanticKavithai #TamilKadhal #KadhalPoetry #TamilQuotes #TamilKadhalKavithaigal #RomanticQuotes #TamilKavithaigal #TamilLoveQuotes #TamilSadQuotes #TamilThathuvangal #TamilKavidhai #TamilPoems #TamilKavithaikal #TamilLoveStory #PoetryInTamil #LoveInTamil #TamilRomanticQuotes #TamilInstaPoetry #TamilQuoteLovers #InstaKavithai #KadhalInstagram","Save this poem as your little love reminder to brighten your day. If it touched your heart, leave a ❤, and share it with someone who needs to hear this. Let's spread love... save it, share it!

இக்கவிதையை உங்கள் நாளை சிறப்பாக்கும் காதல் நினைவாக சேமியுங்கள். இதன் உணர்வுகள் உங்கள் இதயத்தை தழுவி இருந்தால், ❤ கொடுக்கவும், இதை உணர வேண்டியவருடன் பகிரவும். காதலை பரப்புவோம்... சேமியுங்கள், பகிருங்கள்!","Tamil, English",1751689800
06-07-2025 10:00,White,KadhalThinamThinam206.png,https://github.com/mr-php20/amiableWrites/blob/main/White/KadhalThinamThinam206.png?raw=true,"#amiablewrites #kadhalthinamthinam #meendumorkadhalmazhai #karpanaiyokadhalvasam #peachhouseperson #arivalan

#TamilKavithai #TamilPoetry #TamilLovePoems #KadhalKavithai #RomanticKavithai #TamilKadhal #KadhalPoetry #TamilQuotes #TamilKadhalKavithaigal #RomanticQuotes #TamilKavithaigal #TamilLoveQuotes #TamilSadQuotes #TamilThathuvangal #TamilKavidhai #TamilPoems #TamilKavithaikal #TamilLoveStory #PoetryInTamil #LoveInTamil #TamilRomanticQuotes #TamilInstaPoetry #TamilQuoteLovers #InstaKavithai #KadhalInstagram","Save this poem as your little love reminder to brighten your day. If it touched your heart, leave a ❤, and share it with someone who needs to hear this. Let's spread love... save it, share it!

இக்கவிதையை உங்கள் நாளை சிறப்பாக்கும் காதல் நினைவாக சேமியுங்கள். இதன் உணர்வுகள் உங்கள் இதயத்தை தழுவி இருந்தால், ❤ கொடுக்கவும், இதை உணர வேண்டியவருடன் பகிரவும். காதலை பரப்புவோம்... சேமியுங்கள், பகிருங்கள்!","Tamil, English",1751776200
07-07-2025 10:00,Black,KadhalThinamThinam225.png,https://github.com/mr-php20/amiableWrites/blob/main/Black/KadhalThinamThinam225.png?raw=true,"#amiablewrites #kadhalthinamthinam #meendumorkadhalmazhai #karpanaiyokadhalvasam #peachhouseperson #arivalan

#TamilKavithai #TamilPoetry #TamilLovePoems #KadhalKavithai #RomanticKavithai #TamilKadhal #KadhalPoetry #TamilQuotes #TamilKadhalKavithaigal #RomanticQuotes #TamilKavithaigal #TamilLoveQuotes #TamilSadQuotes #TamilThathuvangal #TamilKavidhai #TamilPoems #TamilKavithaikal #TamilLoveStory #PoetryInTamil #LoveInTamil #TamilRomanticQuotes #TamilInstaPoetry #TamilQuoteLovers #InstaKavithai #KadhalInstagram","Save this poem as your little love reminder to brighten your day. If it touched your heart, leave a ❤, and share it with someone who needs to hear this. Let's spread love... save it, share it!

இக்கவிதையை உங்கள் நாளை சிறப்பாக்கும் காதல் நினைவாக சேமியுங்கள். இதன் உணர்வுகள் உங்கள் இதயத்தை தழுவி இருந்தால், ❤ கொடுக்கவும், இதை உணர வேண்டியவருடன் பகிரவும். காதலை பரப்புவோம்... சேமியுங்கள், பகிருங்கள்!","Tamil, English",1751862600
08-07-2025 10:00,Color,0037_Blue_KadhalThinamThinam317.png,https://github.com/mr-php20/amiableWrites/blob/main/Spectrum/0037_Blue_KadhalThinamThinam317.png?raw=true,"#amiablewrites #kadhalthinamthinam #meendumorkadhalmazhai #karpanaiyokadhalvasam #peachhouseperson #arivalan

#TamilKavithai #TamilPoetry #TamilLovePoems #KadhalKavithai #RomanticKavithai #TamilKadhal #KadhalPoetry #TamilQuotes #TamilKadhalKavithaigal #RomanticQuotes #TamilKavithaigal #TamilLoveQuotes #TamilSadQuotes #TamilThathuvangal #TamilKavidhai #TamilPoems #TamilKavithaikal #TamilLoveStory #PoetryInTamil #LoveInTamil #TamilRomanticQuotes #TamilInstaPoetry #TamilQuoteLovers #InstaKavithai #KadhalInstagram","Save this poem as your little love reminder to brighten your day. If it touched your heart, leave a ❤, and share it with someone who needs to hear this. Let's spread love... save it, share it!

இக்கவிதையை உங்கள் நாளை சிறப்பாக்கும் காதல் நினைவாக சேமியுங்கள். இதன் உணர்வுகள் உங்கள் இதயத்தை தழுவி இருந்தால், ❤ கொடுக்கவும், இதை உணர வேண்டியவருடன் பகிரவும். காதலை பரப்புவோம்... சேமியுங்கள், பகிருங்கள்!","Tamil, English",1751949000
09-07-2025 10:00,White,KadhalThinamThinam209.png,https://github.com/mr-php20/amiableWrites/blob/main/White/KadhalThinamThinam209.png?raw=true,"#amiablewrites #kadhalthinamthinam #meendumorkadhalmazhai #karpanaiyokadhalvasam #peachhouseperson #arivalan

#TamilKavithai #TamilPoetry #TamilLovePoems #KadhalKavithai #RomanticKavithai #TamilKadhal #KadhalPoetry #TamilQuotes #TamilKadhalKavithaigal #RomanticQuotes #TamilKavithaigal #TamilLoveQuotes #TamilSadQuotes #TamilThathuvangal #TamilKavidhai #TamilPoems #TamilKavithaikal #TamilLoveStory #PoetryInTamil #LoveInTamil #TamilRomanticQuotes #TamilInstaPoetry #TamilQuoteLovers #InstaKavithai #KadhalInstagram","Save this poem as your little love reminder to brighten your day. If it touched your heart, leave a ❤, and share it with someone who needs to hear this. Let's spread love... save it, share it!

இக்கவிதையை உங்கள் நாளை சிறப்பாக்கும் காதல் நினைவாக சேமியுங்கள். இதன் உணர்வுகள் உங்கள் இதயத்தை தழுவி இருந்தால், ❤ கொடுக்கவும், இதை உணர வேண்டியவருடன் பகிரவும். காதலை பரப்புவோம்... சேமியுங்கள், பகிருங்கள்!","Tamil, English",1752035400
10-07-2025 10:00,Black,KadhalThinamThinam226.png,https://github.com/mr-php20/amiableWrites/blob/main/Black/KadhalThinamThinam226.png?raw=true,"#amiablewrites #kadhalthinamthinam #meendumorkadhalmazhai #karpanaiyokadhalvasam #peachhouseperson #arivalan

#TamilKavithai #TamilPoetry #TamilLovePoems #KadhalKavithai #RomanticKavithai #TamilKadhal #KadhalPoetry #TamilQuotes #TamilKadhalKavithaigal #RomanticQuotes #TamilKavithaigal #TamilLoveQuotes #TamilSadQuotes #TamilThathuvangal #TamilKavidhai #TamilPoems #TamilKavithaikal #TamilLoveStory #PoetryInTamil #LoveInTamil #TamilRomanticQuotes #TamilInstaPoetry #TamilQuoteLovers #InstaKavithai #KadhalInstagram","Save this poem as your little love reminder to brighten your day. If it touched your heart, leave a ❤, and share it with someone who needs to hear this. Let's spread love... save it, share it!

இக்கவிதையை உங்கள் நாளை சிறப்பாக்கும் காதல் நினைவாக சேமியுங்கள். இதன் உணர்வுகள் உங்கள் இதயத்தை தழுவி இருந்தால், ❤ கொடுக்கவும், இதை உணர வேண்டியவருடன் பகிரவும். காதலை பரப்புவோம்... சேமியுங்கள், பகிருங்கள்!","Tamil, English",1752121800
11-07-2025 10:00,Color,0038_Blue_KadhalThinamThinam235.png,https://github.com/mr-php20/amiableWrites/blob/main/Spectrum/0038_Blue_KadhalThinamThinam235.png?raw=true,"#amiablewrites #kadhalthinamthinam #meendumorkadhalmazhai #karpanaiyokadhalvasam #peachhouseperson #arivalan

#TamilKavithai #TamilPoetry #TamilLovePoems #KadhalKavithai #RomanticKavithai #TamilKadhal #KadhalPoetry #TamilQuotes #TamilKadhalKavithaigal #RomanticQuotes #TamilKavithaigal #TamilLoveQuotes #TamilSadQuotes #TamilThathuvangal #TamilKavidhai #TamilPoems #TamilKavithaikal #TamilLoveStory #PoetryInTamil #LoveInTamil #TamilRomanticQuotes #TamilInstaPoetry #TamilQuoteLovers #InstaKavithai #KadhalInstagram","Save this poem as your little love reminder to brighten your day. If it touched your heart, leave a ❤, and share it with someone who needs to hear this. Let's spread love... save it, share it!

இக்கவிதையை உங்கள் நாளை சிறப்பாக்கும் காதல் நினைவாக சேமியுங்கள். இதன் உணர்வுகள் உங்கள் இதயத்தை தழுவி இருந்தால், ❤ கொடுக்கவும், இதை உணர வேண்டியவருடன் பகிரவும். காதலை பரப்புவோம்... சேமியுங்கள், பகிருங்கள்!","Tamil, English",1752208200
12-07-2025 10:00,White,KadhalThinamThinam210.png,https://github.com/mr-php20/amiableWrites/blob/main/White/KadhalThinamThinam210.png?raw=true,"#amiablewrites #kadhalthinamthinam #meendumorkadhalmazhai #karpanaiyokadhalvasam #peachhouseperson #arivalan

#TamilKavithai #TamilPoetry #TamilLovePoems #KadhalKavithai #RomanticKavithai #TamilKadhal #KadhalPoetry #TamilQuotes #TamilKadhalKavithaigal #RomanticQuotes #TamilKavithaigal #TamilLoveQuotes #TamilSadQuotes #TamilThathuvangal #TamilKavidhai #TamilPoems #TamilKavithaikal #TamilLoveStory #PoetryInTamil #LoveInTamil #TamilRomanticQuotes #TamilInstaPoetry #TamilQuoteLovers #InstaKavithai #KadhalInstagram","Save this poem as your little love reminder to brighten your day. If it touched your heart, leave a ❤, and share it with someone who needs to hear this. Let's spread love... save it, share it!

இக்கவிதையை உங்கள் நாளை சிறப்பாக்கும் காதல் நினைவாக சேமியுங்கள். இதன் உணர்வுகள் உங்கள் இதயத்தை தழுவி இருந்தால், ❤ கொடுக்கவும், இதை உணர வேண்டியவருடன் பகிரவும். காதலை பரப்புவோம்... சேமியுங்கள், பகிருங்கள்!","Tamil, English",1752294600
13-07-2025 10:00,Black,KadhalThinamThinam229.png,https://github.com/mr-php20/amiableWrites/blob/main/Black/KadhalThinamThinam229.png?raw=true,"#amiablewrites #kadhalthinamthinam #meendumorkadhalmazhai #karpanaiyokadhalvasam #peachhouseperson #arivalan

#TamilKavithai #TamilPoetry #TamilLovePoems #KadhalKavithai #RomanticKavithai #TamilKadhal #KadhalPoetry #TamilQuotes #TamilKadhalKavithaigal #RomanticQuotes #TamilKavithaigal #TamilLoveQuotes #TamilSadQuotes #TamilThathuvangal #TamilKavidhai #TamilPoems #TamilKavithaikal #TamilLoveStory #PoetryInTamil #LoveInTamil #TamilRomanticQuotes #TamilInstaPoetry #TamilQuoteLovers #InstaKavithai #KadhalInstagram","Save this poem as your little love reminder to brighten your day. If it touched your heart, leave a ❤, and share it with someone who needs to hear this. Let's spread love... save it, share it!

இக்கவிதையை உங்கள் நாளை சிறப்பாக்கும் காதல் நினைவாக சேமியுங்கள். இதன் உணர்வுகள் உங்கள் இதயத்தை தழுவி இருந்தால், ❤ கொடுக்கவும், இதை உணர வேண்டியவருடன் பகிரவும். காதலை பரப்புவோம்... சேமியுங்கள், பகிருங்கள்!","Tamil, English",1752381000
14-07-2025 10:00,Color,0039_Blue_KadhalThinamThinam284.png,https://github.com/mr-php20/amiableWrites/blob/main/Spectrum/0039_Blue_KadhalThinamThinam284.png?raw=true,"#amiablewrites #kadhalthinamthinam #meendumorkadhalmazhai #karpanaiyokadhalvasam #peachhouseperson #arivalan

#TamilKavithai #TamilPoetry #TamilLovePoems #KadhalKavithai #RomanticKavithai #TamilKadhal #KadhalPoetry #TamilQuotes #TamilKadhalKavithaigal #RomanticQuotes #TamilKavithaigal #TamilLoveQuotes #TamilSadQuotes #TamilThathuvangal #TamilKavidhai #TamilPoems #TamilKavithaikal #TamilLoveStory #PoetryInTamil #LoveInTamil #TamilRomanticQuotes #TamilInstaPoetry #TamilQuoteLovers #InstaKavithai #KadhalInstagram","Save this poem as your little love reminder to brighten your day. If it touched your heart, leave a ❤, and share it with someone who needs to hear this. Let's spread love... save it, share it!

இக்கவிதையை உங்கள் நாளை சிறப்பாக்கும் காதல் நினைவாக சேமியுங்கள். இதன் உணர்வுகள் உங்கள் இதயத்தை தழுவி இருந்தால், ❤ கொடுக்கவும், இதை உணர வேண்டியவருடன் பகிரவும். காதலை பரப்புவோம்... சேமியுங்கள், பகிருங்கள்!","Tamil, English",1752467400
15-07-2025 10:00,White,KadhalThinamThinam218.png,https://github.com/mr-php20/amiableWrites/blob/main/White/KadhalThinamThinam218.png?raw=true,"#amiablewrites #kadhalthinamthinam #meendumorkadhalmazhai #karpanaiyokadhalvasam #peachhouseperson #arivalan

#TamilKavithai #TamilPoetry #TamilLovePoems #KadhalKavithai #RomanticKavithai #TamilKadhal #KadhalPoetry #TamilQuotes #TamilKadhalKavithaigal #RomanticQuotes #TamilKavithaigal #TamilLoveQuotes #TamilSadQuotes #TamilThathuvangal #TamilKavidhai #TamilPoems #TamilKavithaikal #TamilLoveStory #PoetryInTamil #LoveInTamil #TamilRomanticQuotes #TamilInstaPoetry #TamilQuoteLovers #InstaKavithai #KadhalInstagram","Save this poem as your little love reminder to brighten your day. If it touched your heart, leave a ❤, and share it with someone who needs to hear this. Let's spread love... save it, share it!

இக்கவிதையை உங்கள் நாளை சிறப்பாக்கும் காதல் நினைவாக சேமியுங்கள். இதன் உணர்வுகள் உங்கள் இதயத்தை தழுவி இருந்தால், ❤ கொடுக்கவும், இதை உணர வேண்டியவருடன் பகிரவும். காதலை பரப்புவோம்... சேமியுங்கள், பகிருங்கள்!","Tamil, English",1752553800
16-07-2025 10:00,Black,KadhalThinamThinam230.png,https://github.com/mr-php20/amiableWrites/blob/main/Black/KadhalThinamThinam230.png?raw=true,"#amiablewrites #kadhalthinamthinam #meendumorkadhalmazhai #karpanaiyokadhalvasam #peachhouseperson #arivalan

#TamilKavithai #TamilPoetry #TamilLovePoems #KadhalKavithai #RomanticKavithai #TamilKadhal #KadhalPoetry #TamilQuotes #TamilKadhalKavithaigal #RomanticQuotes #TamilKavithaigal #TamilLoveQuotes #TamilSadQuotes #TamilThathuvangal #TamilKavidhai #TamilPoems #TamilKavithaikal #TamilLoveStory #PoetryInTamil #LoveInTamil #TamilRomanticQuotes #TamilInstaPoetry #TamilQuoteLovers #InstaKavithai #KadhalInstagram","Save this poem as your little love reminder to brighten your day. If it touched your heart, leave a ❤, and share it with someone who needs to hear this. Let's spread love... save it, share it!

இக்கவிதையை உங்கள் நாளை சிறப்பாக்கும் காதல் நினைவாக சேமியுங்கள். இதன் உணர்வுகள் உங்கள் இதயத்தை தழுவி இருந்தால், ❤ கொடுக்கவும், இதை உணர வேண்டியவருடன் பகிரவும். காதலை பரப்புவோம்... சேமியுங்கள், பகிருங்கள்!","Tamil, English",1752640200
17-07-2025 10:00,Color,0040_Blue_KadhalThinamThinam132.png,https://github.com/mr-php20/amiableWrites/blob/main/Spectrum/0040_Blue_KadhalThinamThinam132.png?raw=true,"#amiablewrites #kadhalthinamthinam #meendumorkadhalmazhai #karpanaiyokadhalvasam #peachhouseperson #arivalan

#TamilKavithai #TamilPoetry #TamilLovePoems #KadhalKavithai #RomanticKavithai #TamilKadhal #KadhalPoetry #TamilQuotes #TamilKadhalKavithaigal #RomanticQuotes #TamilKavithaigal #TamilLoveQuotes #TamilSadQuotes #TamilThathuvangal #TamilKavidhai #TamilPoems #TamilKavithaikal #TamilLoveStory #PoetryInTamil #LoveInTamil #TamilRomanticQuotes #TamilInstaPoetry #TamilQuoteLovers #InstaKavithai #KadhalInstagram","Save this poem as your little love reminder to brighten your day. If it touched your heart, leave a ❤, and share it with someone who needs to hear this. Let's spread love... save it, share it!

இக்கவிதையை உங்கள் நாளை சிறப்பாக்கும் காதல் நினைவாக சேமியுங்கள். இதன் உணர்வுகள் உங்கள் இதயத்தை தழுவி இருந்தால், ❤ கொடுக்கவும், இதை உணர வேண்டியவருடன் பகிரவும். காதலை பரப்புவோம்... சேமியுங்கள், பகிருங்கள்!","Tamil, English",1752726600
18-07-2025 10:00,White,KadhalThinamThinam219.png,https://github.com/mr-php20/amiableWrites/blob/main/White/KadhalThinamThinam219.png?raw=true,"#amiablewrites #kadhalthinamthinam #meendumorkadhalmazhai #karpanaiyokadhalvasam #peachhouseperson #arivalan

#TamilKavithai #TamilPoetry #TamilLovePoems #KadhalKavithai #RomanticKavithai #TamilKadhal #KadhalPoetry #TamilQuotes #TamilKadhalKavithaigal #RomanticQuotes #TamilKavithaigal #TamilLoveQuotes #TamilSadQuotes #TamilThathuvangal #TamilKavidhai #TamilPoems #TamilKavithaikal #TamilLoveStory #PoetryInTamil #LoveInTamil #TamilRomanticQuotes #TamilInstaPoetry #TamilQuoteLovers #InstaKavithai #KadhalInstagram","Save this poem as your little love reminder to brighten your day. If it touched your heart, leave a ❤, and share it with someone who needs to hear this. Let's spread love... save it, share it!

இக்கவிதையை உங்கள் நாளை சிறப்பாக்கும் காதல் நினைவாக சேமியுங்கள். இதன் உணர்வுகள் உங்கள் இதயத்தை தழுவி இருந்தால், ❤ கொடுக்கவும், இதை உணர வேண்டியவருடன் பகிரவும். காதலை பரப்புவோம்... சேமியுங்கள், பகிருங்கள்!","Tamil, English",1752813000
19-07-2025 10:00,Black,KadhalThinamThinam231.png,https://github.com/mr-php20/amiableWrites/blob/main/Black/KadhalThinamThinam231.png?raw=true,"#amiablewrites #kadhalthinamthinam #meendumorkadhalmazhai #karpanaiyokadhalvasam #peachhouseperson #arivalan

#TamilKavithai #TamilPoetry #TamilLovePoems #KadhalKavithai #RomanticKavithai #TamilKadhal #KadhalPoetry #TamilQuotes #TamilKadhalKavithaigal #RomanticQuotes #TamilKavithaigal #TamilLoveQuotes #TamilSadQuotes #TamilThathuvangal #TamilKavidhai #TamilPoems #TamilKavithaikal #TamilLoveStory #PoetryInTamil #LoveInTamil #TamilRomanticQuotes #TamilInstaPoetry #TamilQuoteLovers #InstaKavithai #KadhalInstagram","Save this poem as your little love reminder to brighten your day. If it touched your heart, leave a ❤, and share it with someone who needs to hear this. Let's spread love... save it, share it!

இக்கவிதையை உங்கள் நாளை சிறப்பாக்கும் காதல் நினைவாக சேமியுங்கள். இதன் உணர்வுகள் உங்கள் இதயத்தை தழுவி இருந்தால், ❤ கொடுக்கவும், இதை உணர வேண்டியவருடன் பகிரவும். காதலை பரப்புவோம்... சேமியுங்கள், பகிருங்கள்!","Tamil, English",1752899400
20-07-2025 10:00,Color,0041_Blue_KadhalThinamThinam259.png,https://github.com/mr-php20/amiableWrites/blob/main/Spectrum/0041_Blue_KadhalThinamThinam259.png?raw=true,"#amiablewrites #kadhalthinamthinam #meendumorkadhalmazhai #karpanaiyokadhalvasam #peachhouseperson #arivalan

#TamilKavithai #TamilPoetry #TamilLovePoems #KadhalKavithai #RomanticKavithai #TamilKadhal #KadhalPoetry #TamilQuotes #TamilKadhalKavithaigal #RomanticQuotes #TamilKavithaigal #TamilLoveQuotes #TamilSadQuotes #TamilThathuvangal #TamilKavidhai #TamilPoems #TamilKavithaikal #TamilLoveStory #PoetryInTamil #LoveInTamil #TamilRomanticQuotes #TamilInstaPoetry #TamilQuoteLovers #InstaKavithai #KadhalInstagram","Save this poem as your little love reminder to brighten your day. If it touched your heart, leave a ❤, and share it with someone who needs to hear this. Let's spread love... save it, share it!

இக்கவிதையை உங்கள் நாளை சிறப்பாக்கும் காதல் நினைவாக சேமியுங்கள். இதன் உணர்வுகள் உங்கள் இதயத்தை தழுவி இருந்தால், ❤ கொடுக்கவும், இதை உணர வேண்டியவருடன் பகிரவும். காதலை பரப்புவோம்... சேமியுங்கள், பகிருங்கள்!","Tamil, English",1752985800
21-07-2025 10:00,White,KadhalThinamThinam221.png,https://github.com/mr-php20/amiableWrites/blob/main/White/KadhalThinamThinam221.png?raw=true,"#amiablewrites #kadhalthinamthinam #meendumorkadhalmazhai #karpanaiyokadhalvasam #peachhouseperson #arivalan

#TamilKavithai #TamilPoetry #TamilLovePoems #KadhalKavithai #RomanticKavithai #TamilKadhal #KadhalPoetry #TamilQuotes #TamilKadhalKavithaigal #RomanticQuotes #TamilKavithaigal #TamilLoveQuotes #TamilSadQuotes #TamilThathuvangal #TamilKavidhai #TamilPoems #TamilKavithaikal #TamilLoveStory #PoetryInTamil #LoveInTamil #TamilRomanticQuotes #TamilInstaPoetry #TamilQuoteLovers #InstaKavithai #KadhalInstagram","Save this poem as your little love reminder to brighten your day. If it touched your heart, leave a ❤, and share it with someone who needs to hear this. Let's spread love... save it, share it!

இக்கவிதையை உங்கள் நாளை சிறப்பாக்கும் காதல் நினைவாக சேமியுங்கள். இதன் உணர்வுகள் உங்கள் இதயத்தை தழுவி இருந்தால், ❤ கொடுக்கவும், இதை உணர வேண்டியவருடன் பகிரவும். காதலை பரப்புவோம்... சேமியுங்கள், பகிருங்கள்!","Tamil, English",1753072200
22-07-2025 10:00,Black,KadhalThinamThinam243.png,https://github.com/mr-php20/amiableWrites/blob/main/Black/KadhalThinamThinam243.png?raw=true,"#amiablewrites #kadhalthinamthinam #meendumorkadhalmazhai #karpanaiyokadhalvasam #peachhouseperson #arivalan

#TamilKavithai #TamilPoetry #TamilLovePoems #KadhalKavithai #RomanticKavithai #TamilKadhal #KadhalPoetry #TamilQuotes #TamilKadhalKavithaigal #RomanticQuotes #TamilKavithaigal #TamilLoveQuotes #TamilSadQuotes #TamilThathuvangal #TamilKavidhai #TamilPoems #TamilKavithaikal #TamilLoveStory #PoetryInTamil #LoveInTamil #TamilRomanticQuotes #TamilInstaPoetry #TamilQuoteLovers #InstaKavithai #KadhalInstagram","Save this poem as your little love reminder to brighten your day. If it touched your heart, leave a ❤, and share it with someone who needs to hear this. Let's spread love... save it, share it!

இக்கவிதையை உங்கள் நாளை சிறப்பாக்கும் காதல் நினைவாக சேமியுங்கள். இதன் உணர்வுகள் உங்கள் இதயத்தை தழுவி இருந்தால், ❤ கொடுக்கவும், இதை உணர வேண்டியவருடன் பகிரவும். காதலை பரப்புவோம்... சேமியுங்கள், பகிருங்கள்!","Tamil, English",1753158600
23-07-2025 10:00,Color,0042_Blue_KadhalThinamThinam264.png,https://github.com/mr-php20/amiableWrites/blob/main/Spectrum/0042_Blue_KadhalThinamThinam264.png?raw=true,"#amiablewrites #kadhalthinamthinam #meendumorkadhalmazhai #karpanaiyokadhalvasam #peachhouseperson #arivalan

#TamilKavithai #TamilPoetry #TamilLovePoems #KadhalKavithai #RomanticKavithai #TamilKadhal #KadhalPoetry #TamilQuotes #TamilKadhalKavithaigal #RomanticQuotes #TamilKavithaigal #TamilLoveQuotes #TamilSadQuotes #TamilThathuvangal #TamilKavidhai #TamilPoems #TamilKavithaikal #TamilLoveStory #PoetryInTamil #LoveInTamil #TamilRomanticQuotes #TamilInstaPoetry #TamilQuoteLovers #InstaKavithai #KadhalInstagram","Save this poem as your little love reminder to brighten your day. If it touched your heart, leave a ❤, and share it with someone who needs to hear this. Let's spread love... save it, share it!

இக்கவிதையை உங்கள் நாளை சிறப்பாக்கும் காதல் நினைவாக சேமியுங்கள். இதன் உணர்வுகள் உங்கள் இதயத்தை தழுவி இருந்தால், ❤ கொடுக்கவும், இதை உணர வேண்டியவருடன் பகிரவும். காதலை பரப்புவோம்... சேமியுங்கள், பகிருங்கள்!","Tamil, English",1753245000
24-07-2025 10:00,White,KadhalThinamThinam222.png,https://github.com/mr-php20/amiableWrites/blob/main/White/KadhalThinamThinam222.png?raw=true,"#amiablewrites #kadhalthinamthinam #meendumorkadhalmazhai #karpanaiyokadhalvasam #peachhouseperson #arivalan

#TamilKavithai #TamilPoetry #TamilLovePoems #KadhalKavithai #RomanticKavithai #TamilKadhal #KadhalPoetry #TamilQuotes #TamilKadhalKavithaigal #RomanticQuotes #TamilKavithaigal #TamilLoveQuotes #TamilSadQuotes #TamilThathuvangal #TamilKavidhai #TamilPoems #TamilKavithaikal #TamilLoveStory #PoetryInTamil #LoveInTamil #TamilRomanticQuotes #TamilInstaPoetry #TamilQuoteLovers #InstaKavithai #KadhalInstagram","Save this poem as your little love reminder to brighten your day. If it touched your heart, leave a ❤, and share it with someone who needs to hear this. Let's spread love... save it, share it!

இக்கவிதையை உங்கள் நாளை சிறப்பாக்கும் காதல் நினைவாக சேமியுங்கள். இதன் உணர்வுகள் உங்கள் இதயத்தை தழுவி இருந்தால், ❤ கொடுக்கவும், இதை உணர வேண்டியவருடன் பகிரவும். காதலை பரப்புவோம்... சேமியுங்கள், பகிருங்கள்!","Tamil, English",1753331400
25-07-2025 10:00,Black,KadhalThinamThinam244.png,https://github.com/mr-php20/amiableWrites/blob/main/Black/KadhalThinamThinam244.png?raw=true,"#amiablewrites #kadhalthinamthinam #meendumorkadhalmazhai #karpanaiyokadhalvasam #peachhouseperson #arivalan

#TamilKavithai #TamilPoetry #TamilLovePoems #KadhalKavithai #RomanticKavithai #TamilKadhal #KadhalPoetry #TamilQuotes #TamilKadhalKavithaigal #RomanticQuotes #TamilKavithaigal #TamilLoveQuotes #TamilSadQuotes #TamilThathuvangal #TamilKavidhai #TamilPoems #TamilKavithaikal #TamilLoveStory #PoetryInTamil #LoveInTamil #TamilRomanticQuotes #TamilInstaPoetry #TamilQuoteLovers #InstaKavithai #KadhalInstagram","Save this poem as your little love reminder to brighten your day. If it touched your heart, leave a ❤, and share it with someone who needs to hear this. Let's spread love... save it, share it!

இக்கவிதையை உங்கள் நாளை சிறப்பாக்கும் காதல் நினைவாக சேமியுங்கள். இதன் உணர்வுகள் உங்கள் இதயத்தை தழுவி இருந்தால், ❤ கொடுக்கவும், இதை உணர வேண்டியவருடன் பகிரவும். காதலை பரப்புவோம்... சேமியுங்கள், பகிருங்கள்!","Tamil, English",1753417800
26-07-2025 10:00,Color,0043_Blue_KadhalThinamThinam323.png,https://github.com/mr-php20/amiableWrites/blob/main/Spectrum/0043_Blue_KadhalThinamThinam323.png?raw=true,"#amiablewrites #kadhalthinamthinam #meendumorkadhalmazhai #karpanaiyokadhalvasam #peachhouseperson #arivalan

#TamilKavithai #TamilPoetry #TamilLovePoems #KadhalKavithai #RomanticKavithai #TamilKadhal #KadhalPoetry #TamilQuotes #TamilKadhalKavithaigal #RomanticQuotes #TamilKavithaigal #TamilLoveQuotes #TamilSadQuotes #TamilThathuvangal #TamilKavidhai #TamilPoems #TamilKavithaikal #TamilLoveStory #PoetryInTamil #LoveInTamil #TamilRomanticQuotes #TamilInstaPoetry #TamilQuoteLovers #InstaKavithai #KadhalInstagram","Save this poem as your little love reminder to brighten your day. If it touched your heart, leave a ❤, and share it with someone who needs to hear this. Let's spread love... save it, share it!

இக்கவிதையை உங்கள் நாளை சிறப்பாக்கும் காதல் நினைவாக சேமியுங்கள். இதன் உணர்வுகள் உங்கள் இதயத்தை தழுவி இருந்தால், ❤ கொடுக்கவும், இதை உணர வேண்டியவருடன் பகிரவும். காதலை பரப்புவோம்... சேமியுங்கள், பகிருங்கள்!","Tamil, English",1753504200
27-07-2025 10:00,White,KadhalThinamThinam232.png,https://github.com/mr-php20/amiableWrites/blob/main/White/KadhalThinamThinam232.png?raw=true,"#amiablewrites #kadhalthinamthinam #meendumorkadhalmazhai #karpanaiyokadhalvasam #peachhouseperson #arivalan

#TamilKavithai #TamilPoetry #TamilLovePoems #KadhalKavithai #RomanticKavithai #TamilKadhal #KadhalPoetry #TamilQuotes #TamilKadhalKavithaigal #RomanticQuotes #TamilKavithaigal #TamilLoveQuotes #TamilSadQuotes #TamilThathuvangal #TamilKavidhai #TamilPoems #TamilKavithaikal #TamilLoveStory #PoetryInTamil #LoveInTamil #TamilRomanticQuotes #TamilInstaPoetry #TamilQuoteLovers #InstaKavithai #KadhalInstagram","Save this poem as your little love reminder to brighten your day. If it touched your heart, leave a ❤, and share it with someone who needs to hear this. Let's spread love... save it, share it!

இக்கவிதையை உங்கள் நாளை சிறப்பாக்கும் காதல் நினைவாக சேமியுங்கள். இதன் உணர்வுகள் உங்கள் இதயத்தை தழுவி இருந்தால், ❤ கொடுக்கவும், இதை உணர வேண்டியவருடன் பகிரவும். காதலை பரப்புவோம்... சேமியுங்கள், பகிருங்கள்!","Tamil, English",1753590600
28-07-2025 10:00,Black,KadhalThinamThinam246.png,https://github.com/mr-php20/amiableWrites/blob/main/Black/KadhalThinamThinam246.png?raw=true,"#amiablewrites #kadhalthinamthinam #meendumorkadhalmazhai #karpanaiyokadhalvasam #peachhouseperson #arivalan

#TamilKavithai #TamilPoetry #TamilLovePoems #KadhalKavithai #RomanticKavithai #TamilKadhal #KadhalPoetry #TamilQuotes #TamilKadhalKavithaigal #RomanticQuotes #TamilKavithaigal #TamilLoveQuotes #TamilSadQuotes #TamilThathuvangal #TamilKavidhai #TamilPoems #TamilKavithaikal #TamilLoveStory #PoetryInTamil #LoveInTamil #TamilRomanticQuotes #TamilInstaPoetry #TamilQuoteLovers #InstaKavithai #KadhalInstagram","Save this poem as your little love reminder to brighten your day. If it touched your heart, leave a ❤, and share it with someone who needs to hear this. Let's spread love... save it, share it!

இக்கவிதையை உங்கள் நாளை சிறப்பாக்கும் காதல் நினைவாக சேமியுங்கள். இதன் உணர்வுகள் உங்கள் இதயத்தை தழுவி இருந்தால், ❤ கொடுக்கவும், இதை உணர வேண்டியவருடன் பகிரவும். காதலை பரப்புவோம்... சேமியுங்கள், பகிருங்கள்!","Tamil, English",1753677000
29-07-2025 10:00,Color,0044_Blue_KadhalThinamThinam145.png,https://github.com/mr-php20/amiableWrites/blob/main/Spectrum/0044_Blue_KadhalThinamThinam145.png?raw=true,"#amiablewrites #kadhalthinamthinam #meendumorkadhalmazhai #karpanaiyokadhalvasam #peachhouseperson #arivalan

#TamilKavithai #TamilPoetry #TamilLovePoems #KadhalKavithai #RomanticKavithai #TamilKadhal #KadhalPoetry #TamilQuotes #TamilKadhalKavithaigal #RomanticQuotes #TamilKavithaigal #TamilLoveQuotes #TamilSadQuotes #TamilThathuvangal #TamilKavidhai #TamilPoems #TamilKavithaikal #TamilLoveStory #PoetryInTamil #LoveInTamil #TamilRomanticQuotes #TamilInstaPoetry #TamilQuoteLovers #InstaKavithai #KadhalInstagram","Save this poem as your little love reminder to brighten your day. If it touched your heart, leave a ❤, and share it with someone who needs to hear this. Let's spread love... save it, share it!

இக்கவிதையை உங்கள் நாளை சிறப்பாக்கும் காதல் நினைவாக சேமியுங்கள். இதன் உணர்வுகள் உங்கள் இதயத்தை தழுவி இருந்தால், ❤ கொடுக்கவும், இதை உணர வேண்டியவருடன் பகிரவும். காதலை பரப்புவோம்... சேமியுங்கள், பகிருங்கள்!","Tamil, English",1753763400
30-07-2025 10:00,White,KadhalThinamThinam234.png,https://github.com/mr-php20/amiableWrites/blob/main/White/KadhalThinamThinam234.png?raw=true,"#amiablewrites #kadhalthinamthinam #meendumorkadhalmazhai #karpanaiyokadhalvasam #peachhouseperson #arivalan

#TamilKavithai #TamilPoetry #TamilLovePoems #KadhalKavithai #RomanticKavithai #TamilKadhal #KadhalPoetry #TamilQuotes #TamilKadhalKavithaigal #RomanticQuotes #TamilKavithaigal #TamilLoveQuotes #TamilSadQuotes #TamilThathuvangal #TamilKavidhai #TamilPoems #TamilKavithaikal #TamilLoveStory #PoetryInTamil #LoveInTamil #TamilRomanticQuotes #TamilInstaPoetry #TamilQuoteLovers #InstaKavithai #KadhalInstagram","Save this poem as your little love reminder to brighten your day. If it touched your heart, leave a ❤, and share it with someone who needs to hear this. Let's spread love... save it, share it!

இக்கவிதையை உங்கள் நாளை சிறப்பாக்கும் காதல் நினைவாக சேமியுங்கள். இதன் உணர்வுகள் உங்கள் இதயத்தை தழுவி இருந்தால், ❤ கொடுக்கவும், இதை உணர வேண்டியவருடன் பகிரவும். காதலை பரப்புவோம்... சேமியுங்கள், பகிருங்கள்!","Tamil, English",1753849800
31-07-2025 10:00,Black,KadhalThinamThinam248.png,https://github.com/mr-php20/amiableWrites/blob/main/Black/KadhalThinamThinam248.png?raw=true,"#amiablewrites #kadhalthinamthinam #meendumorkadhalmazhai #karpanaiyokadhalvasam #peachhouseperson #arivalan

#TamilKavithai #TamilPoetry #TamilLovePoems #KadhalKavithai #RomanticKavithai #TamilKadhal #KadhalPoetry #TamilQuotes #TamilKadhalKavithaigal #RomanticQuotes #TamilKavithaigal #TamilLoveQuotes #TamilSadQuotes #TamilThathuvangal #TamilKavidhai #TamilPoems #TamilKavithaikal #TamilLoveStory #PoetryInTamil #LoveInTamil #TamilRomanticQuotes #TamilInstaPoetry #TamilQuoteLovers #InstaKavithai #KadhalInstagram","Save this poem as your little love reminder to brighten your day. If it touched your heart, leave a ❤, and share it with someone who needs to hear this. Let's spread love... save it, share it!

இக்கவிதையை உங்கள் நாளை சிறப்பாக்கும் காதல் நினைவாக சேமியுங்கள். இதன் உணர்வுகள் உங்கள் இதயத்தை தழுவி இருந்தால், ❤ கொடுக்கவும், இதை உணர வேண்டியவருடன் பகிரவும். காதலை பரப்புவோம்... சேமியுங்கள், பகிருங்கள்!","Tamil, English",1753936200
01-08-2025 10:00,Color,0045_Blue_KadhalThinamThinam325.png,https://github.com/mr-php20/amiableWrites/blob/main/Spectrum/0045_Blue_KadhalThinamThinam325.png?raw=true,"#amiablewrites #kadhalthinamthinam #meendumorkadhalmazhai #karpanaiyokadhalvasam #peachhouseperson #arivalan

#TamilKavithai #TamilPoetry #TamilLovePoems #KadhalKavithai #RomanticKavithai #TamilKadhal #KadhalPoetry #TamilQuotes #TamilKadhalKavithaigal #RomanticQuotes #TamilKavithaigal #TamilLoveQuotes #TamilSadQuotes #TamilThathuvangal #TamilKavidhai #TamilPoems #TamilKavithaikal #TamilLoveStory #PoetryInTamil #LoveInTamil #TamilRomanticQuotes #TamilInstaPoetry #TamilQuoteLovers #InstaKavithai #KadhalInstagram","Save this poem as your little love reminder to brighten your day. If it touched your heart, leave a ❤, and share it with someone who needs to hear this. Let's spread love... save it, share it!

இக்கவிதையை உங்கள் நாளை சிறப்பாக்கும் காதல் நினைவாக சேமியுங்கள். இதன் உணர்வுகள் உங்கள் இதயத்தை தழுவி இருந்தால், ❤ கொடுக்கவும், இதை உணர வேண்டியவருடன் பகிரவும். காதலை பரப்புவோம்... சேமியுங்கள், பகிருங்கள்!","Tamil, English",1754022600
02-08-2025 10:00,White,KadhalThinamThinam236.png,https://github.com/mr-php20/amiableWrites/blob/main/White/KadhalThinamThinam236.png?raw=true,"#amiablewrites #kadhalthinamthinam #meendumorkadhalmazhai #karpanaiyokadhalvasam #peachhouseperson #arivalan

#TamilKavithai #TamilPoetry #TamilLovePoems #KadhalKavithai #RomanticKavithai #TamilKadhal #KadhalPoetry #TamilQuotes #TamilKadhalKavithaigal #RomanticQuotes #TamilKavithaigal #TamilLoveQuotes #TamilSadQuotes #TamilThathuvangal #TamilKavidhai #TamilPoems #TamilKavithaikal #TamilLoveStory #PoetryInTamil #LoveInTamil #TamilRomanticQuotes #TamilInstaPoetry #TamilQuoteLovers #InstaKavithai #KadhalInstagram","Save this poem as your little love reminder to brighten your day. If it touched your heart, leave a ❤, and share it with someone who needs to hear this. Let's spread love... save it, share it!

இக்கவிதையை உங்கள் நாளை சிறப்பாக்கும் காதல் நினைவாக சேமியுங்கள். இதன் உணர்வுகள் உங்கள் இதயத்தை தழுவி இருந்தால், ❤ கொடுக்கவும், இதை உணர வேண்டியவருடன் பகிரவும். காதலை பரப்புவோம்... சேமியுங்கள், பகிருங்கள்!","Tamil, English",1754109000
03-08-2025 10:00,Black,KadhalThinamThinam249.png,https://github.com/mr-php20/amiableWrites/blob/main/Black/KadhalThinamThinam249.png?raw=true,"#amiablewrites #kadhalthinamthinam #meendumorkadhalmazhai #karpanaiyokadhalvasam #peachhouseperson #arivalan

#TamilKavithai #TamilPoetry #TamilLovePoems #KadhalKavithai #RomanticKavithai #TamilKadhal #KadhalPoetry #TamilQuotes #TamilKadhalKavithaigal #RomanticQuotes #TamilKavithaigal #TamilLoveQuotes #TamilSadQuotes #TamilThathuvangal #TamilKavidhai #TamilPoems #TamilKavithaikal #TamilLoveStory #PoetryInTamil #LoveInTamil #TamilRomanticQuotes #TamilInstaPoetry #TamilQuoteLovers #InstaKavithai #KadhalInstagram","Save this poem as your little love reminder to brighten your day. If it touched your heart, leave a ❤, and share it with someone who needs to hear this. Let's spread love... save it, share it!

இக்கவிதையை உங்கள் நாளை சிறப்பாக்கும் காதல் நினைவாக சேமியுங்கள். இதன் உணர்வுகள் உங்கள் இதயத்தை தழுவி இருந்தால், ❤ கொடுக்கவும், இதை உணர வேண்டியவருடன் பகிரவும். காதலை பரப்புவோம்... சேமியுங்கள், பகிருங்கள்!","Tamil, English",1754195400
04-08-2025 10:00,Color,0046_Blue_KadhalThinamThinam135.png,https://github.com/mr-php20/amiableWrites/blob/main/Spectrum/0046_Blue_KadhalThinamThinam135.png?raw=true,"#amiablewrites #kadhalthinamthinam #meendumorkadhalmazhai #karpanaiyokadhalvasam #peachhouseperson #arivalan

#TamilKavithai #TamilPoetry #TamilLovePoems #KadhalKavithai #RomanticKavithai #TamilKadhal #KadhalPoetry #TamilQuotes #TamilKadhalKavithaigal #RomanticQuotes #TamilKavithaigal #TamilLoveQuotes #TamilSadQuotes #TamilThathuvangal #TamilKavidhai #TamilPoems #TamilKavithaikal #TamilLoveStory #PoetryInTamil #LoveInTamil #TamilRomanticQuotes #TamilInstaPoetry #TamilQuoteLovers #InstaKavithai #KadhalInstagram","Save this poem as your little love reminder to brighten your day. If it touched your heart, leave a ❤, and share it with someone who needs to hear this. Let's spread love... save it, share it!

இக்கவிதையை உங்கள் நாளை சிறப்பாக்கும் காதல் நினைவாக சேமியுங்கள். இதன் உணர்வுகள் உங்கள் இதயத்தை தழுவி இருந்தால், ❤ கொடுக்கவும், இதை உணர வேண்டியவருடன் பகிரவும். காதலை பரப்புவோம்... சேமியுங்கள், பகிருங்கள்!","Tamil, English",1754281800
05-08-2025 10:00,White,KadhalThinamThinam238.png,https://github.com/mr-php20/amiableWrites/blob/main/White/KadhalThinamThinam238.png?raw=true,"#amiablewrites #kadhalthinamthinam #meendumorkadhalmazhai #karpanaiyokadhalvasam #peachhouseperson #arivalan

#TamilKavithai #TamilPoetry #TamilLovePoems #KadhalKavithai #RomanticKavithai #TamilKadhal #KadhalPoetry #TamilQuotes #TamilKadhalKavithaigal #RomanticQuotes #TamilKavithaigal #TamilLoveQuotes #TamilSadQuotes #TamilThathuvangal #TamilKavidhai #TamilPoems #TamilKavithaikal #TamilLoveStory #PoetryInTamil #LoveInTamil #TamilRomanticQuotes #TamilInstaPoetry #TamilQuoteLovers #InstaKavithai #KadhalInstagram","Save this poem as your little love reminder to brighten your day. If it touched your heart, leave a ❤, and share it with someone who needs to hear this. Let's spread love... save it, share it!

இக்கவிதையை உங்கள் நாளை சிறப்பாக்கும் காதல் நினைவாக சேமியுங்கள். இதன் உணர்வுகள் உங்கள் இதயத்தை தழுவி இருந்தால், ❤ கொடுக்கவும், இதை உணர வேண்டியவருடன் பகிரவும். காதலை பரப்புவோம்... சேமியுங்கள், பகிருங்கள்!","Tamil, English",1754368200
06-08-2025 10:00,Black,KadhalThinamThinam254.png,https://github.com/mr-php20/amiableWrites/blob/main/Black/KadhalThinamThinam254.png?raw=true,"#amiablewrites #kadhalthinamthinam #meendumorkadhalmazhai #karpanaiyokadhalvasam #peachhouseperson #arivalan

#TamilKavithai #TamilPoetry #TamilLovePoems #KadhalKavithai #RomanticKavithai #TamilKadhal #KadhalPoetry #TamilQuotes #TamilKadhalKavithaigal #RomanticQuotes #TamilKavithaigal #TamilLoveQuotes #TamilSadQuotes #TamilThathuvangal #TamilKavidhai #TamilPoems #TamilKavithaikal #TamilLoveStory #PoetryInTamil #LoveInTamil #TamilRomanticQuotes #TamilInstaPoetry #TamilQuoteLovers #InstaKavithai #KadhalInstagram","Save this poem as your little love reminder to brighten your day. If it touched your heart, leave a ❤, and share it with someone who needs to hear this. Let's spread love... save it, share it!

இக்கவிதையை உங்கள் நாளை சிறப்பாக்கும் காதல் நினைவாக சேமியுங்கள். இதன் உணர்வுகள் உங்கள் இதயத்தை தழுவி இருந்தால், ❤ கொடுக்கவும், இதை உணர வேண்டியவருடன் பகிரவும். காதலை பரப்புவோம்... சேமியுங்கள், பகிருங்கள்!","Tamil, English",1754454600
07-08-2025 10:00,Color,0047_Blue_KadhalThinamThinam307.png,https://github.com/mr-php20/amiableWrites/blob/main/Spectrum/0047_Blue_KadhalThinamThinam307.png?raw=true,"#amiablewrites #kadhalthinamthinam #meendumorkadhalmazhai #karpanaiyokadhalvasam #peachhouseperson #arivalan

#TamilKavithai #TamilPoetry #TamilLovePoems #KadhalKavithai #RomanticKavithai #TamilKadhal #KadhalPoetry #TamilQuotes #TamilKadhalKavithaigal #RomanticQuotes #TamilKavithaigal #TamilLoveQuotes #TamilSadQuotes #TamilThathuvangal #TamilKavidhai #TamilPoems #TamilKavithaikal #TamilLoveStory #PoetryInTamil #LoveInTamil #TamilRomanticQuotes #TamilInstaPoetry #TamilQuoteLovers #InstaKavithai #KadhalInstagram","Save this poem as your little love reminder to brighten your day. If it touched your heart, leave a ❤, and share it with someone who needs to hear this. Let's spread love... save it, share it!

இக்கவிதையை உங்கள் நாளை சிறப்பாக்கும் காதல் நினைவாக சேமியுங்கள். இதன் உணர்வுகள் உங்கள் இதயத்தை தழுவி இருந்தால், ❤ கொடுக்கவும், இதை உணர வேண்டியவருடன் பகிரவும். காதலை பரப்புவோம்... சேமியுங்கள், பகிருங்கள்!","Tamil, English",1754541000
08-08-2025 10:00,White,KadhalThinamThinam239.png,https://github.com/mr-php20/amiableWrites/blob/main/White/KadhalThinamThinam239.png?raw=true,"#amiablewrites #kadhalthinamthinam #meendumorkadhalmazhai #karpanaiyokadhalvasam #peachhouseperson #arivalan

#TamilKavithai #TamilPoetry #TamilLovePoems #KadhalKavithai #RomanticKavithai #TamilKadhal #KadhalPoetry #TamilQuotes #TamilKadhalKavithaigal #RomanticQuotes #TamilKavithaigal #TamilLoveQuotes #TamilSadQuotes #TamilThathuvangal #TamilKavidhai #TamilPoems #TamilKavithaikal #TamilLoveStory #PoetryInTamil #LoveInTamil #TamilRomanticQuotes #TamilInstaPoetry #TamilQuoteLovers #InstaKavithai #KadhalInstagram","Save this poem as your little love reminder to brighten your day. If it touched your heart, leave a ❤, and share it with someone who needs to hear this. Let's spread love... save it, share it!

இக்கவிதையை உங்கள் நாளை சிறப்பாக்கும் காதல் நினைவாக சேமியுங்கள். இதன் உணர்வுகள் உங்கள் இதயத்தை தழுவி இருந்தால், ❤ கொடுக்கவும், இதை உணர வேண்டியவருடன் பகிரவும். காதலை பரப்புவோம்... சேமியுங்கள், பகிருங்கள்!","Tamil, English",1754627400
09-08-2025 10:00,Black,KadhalThinamThinam262.png,https://github.com/mr-php20/amiableWrites/blob/main/Black/KadhalThinamThinam262.png?raw=true,"#amiablewrites #kadhalthinamthinam #meendumorkadhalmazhai #karpanaiyokadhalvasam #peachhouseperson #arivalan

#TamilKavithai #TamilPoetry #TamilLovePoems #KadhalKavithai #RomanticKavithai #TamilKadhal #KadhalPoetry #TamilQuotes #TamilKadhalKavithaigal #RomanticQuotes #TamilKavithaigal #TamilLoveQuotes #TamilSadQuotes #TamilThathuvangal #TamilKavidhai #TamilPoems #TamilKavithaikal #TamilLoveStory #PoetryInTamil #LoveInTamil #TamilRomanticQuotes #TamilInstaPoetry #TamilQuoteLovers #InstaKavithai #KadhalInstagram","Save this poem as your little love reminder to brighten your day. If it touched your heart, leave a ❤, and share it with someone who needs to hear this. Let's spread love... save it, share it!

இக்கவிதையை உங்கள் நாளை சிறப்பாக்கும் காதல் நினைவாக சேமியுங்கள். இதன் உணர்வுகள் உங்கள் இதயத்தை தழுவி இருந்தால், ❤ கொடுக்கவும், இதை உணர வேண்டியவருடன் பகிரவும். காதலை பரப்புவோம்... சேமியுங்கள், பகிருங்கள்!","Tamil, English",1754713800
10-08-2025 10:00,Color,0048_Blue_KadhalThinamThinam306.png,https://github.com/mr-php20/amiableWrites/blob/main/Spectrum/0048_Blue_KadhalThinamThinam306.png?raw=true,"#amiablewrites #kadhalthinamthinam #meendumorkadhalmazhai #karpanaiyokadhalvasam #peachhouseperson #arivalan

#TamilKavithai #TamilPoetry #TamilLovePoems #KadhalKavithai #RomanticKavithai #TamilKadhal #KadhalPoetry #TamilQuotes #TamilKadhalKavithaigal #RomanticQuotes #TamilKavithaigal #TamilLoveQuotes #TamilSadQuotes #TamilThathuvangal #TamilKavidhai #TamilPoems #TamilKavithaikal #TamilLoveStory #PoetryInTamil #LoveInTamil #TamilRomanticQuotes #TamilInstaPoetry #TamilQuoteLovers #InstaKavithai #KadhalInstagram","Save this poem as your little love reminder to brighten your day. If it touched your heart, leave a ❤, and share it with someone who needs to hear this. Let's spread love... save it, share it!

இக்கவிதையை உங்கள் நாளை சிறப்பாக்கும் காதல் நினைவாக சேமியுங்கள். இதன் உணர்வுகள் உங்கள் இதயத்தை தழுவி இருந்தால், ❤ கொடுக்கவும், இதை உணர வேண்டியவருடன் பகிரவும். காதலை பரப்புவோம்... சேமியுங்கள், பகிருங்கள்!","Tamil, English",1754800200
11-08-2025 10:00,White,KadhalThinamThinam240.png,https://github.com/mr-php20/amiableWrites/blob/main/White/KadhalThinamThinam240.png?raw=true,"#amiablewrites #kadhalthinamthinam #meendumorkadhalmazhai #karpanaiyokadhalvasam #peachhouseperson #arivalan

#TamilKavithai #TamilPoetry #TamilLovePoems #KadhalKavithai #RomanticKavithai #TamilKadhal #KadhalPoetry #TamilQuotes #TamilKadhalKavithaigal #RomanticQuotes #TamilKavithaigal #TamilLoveQuotes #TamilSadQuotes #TamilThathuvangal #TamilKavidhai #TamilPoems #TamilKavithaikal #TamilLoveStory #PoetryInTamil #LoveInTamil #TamilRomanticQuotes #TamilInstaPoetry #TamilQuoteLovers #InstaKavithai #KadhalInstagram","Save this poem as your little love reminder to brighten your day. If it touched your heart, leave a ❤, and share it with someone who needs to hear this. Let's spread love... save it, share it!

இக்கவிதையை உங்கள் நாளை சிறப்பாக்கும் காதல் நினைவாக சேமியுங்கள். இதன் உணர்வுகள் உங்கள் இதயத்தை தழுவி இருந்தால், ❤ கொடுக்கவும், இதை உணர வேண்டியவருடன் பகிரவும். காதலை பரப்புவோம்... சேமியுங்கள், பகிருங்கள்!","Tamil, English",1754886600
12-08-2025 10:00,Black,KadhalThinamThinam263.png,https://github.com/mr-php20/amiableWrites/blob/main/Black/KadhalThinamThinam263.png?raw=true,"#amiablewrites #kadhalthinamthinam #meendumorkadhalmazhai #karpanaiyokadhalvasam #peachhouseperson #arivalan

#TamilKavithai #TamilPoetry #TamilLovePoems #KadhalKavithai #RomanticKavithai #TamilKadhal #KadhalPoetry #TamilQuotes #TamilKadhalKavithaigal #RomanticQuotes #TamilKavithaigal #TamilLoveQuotes #TamilSadQuotes #TamilThathuvangal #TamilKavidhai #TamilPoems #TamilKavithaikal #TamilLoveStory #PoetryInTamil #LoveInTamil #TamilRomanticQuotes #TamilInstaPoetry #TamilQuoteLovers #InstaKavithai #KadhalInstagram","Save this poem as your little love reminder to brighten your day. If it touched your heart, leave a ❤, and share it with someone who needs to hear this. Let's spread love... save it, share it!

இக்கவிதையை உங்கள் நாளை சிறப்பாக்கும் காதல் நினைவாக சேமியுங்கள். இதன் உணர்வுகள் உங்கள் இதயத்தை தழுவி இருந்தால், ❤ கொடுக்கவும், இதை உணர வேண்டியவருடன் பகிரவும். காதலை பரப்புவோம்... சேமியுங்கள், பகிருங்கள்!","Tamil, English",1754973000
13-08-2025 10:00,Color,0049_Blue_KadhalThinamThinam154.png,https://github.com/mr-php20/amiableWrites/blob/main/Spectrum/0049_Blue_KadhalThinamThinam154.png?raw=true,"#amiablewrites #kadhalthinamthinam #meendumorkadhalmazhai #karpanaiyokadhalvasam #peachhouseperson #arivalan

#TamilKavithai #TamilPoetry #TamilLovePoems #KadhalKavithai #RomanticKavithai #TamilKadhal #KadhalPoetry #TamilQuotes #TamilKadhalKavithaigal #RomanticQuotes #TamilKavithaigal #TamilLoveQuotes #TamilSadQuotes #TamilThathuvangal #TamilKavidhai #TamilPoems #TamilKavithaikal #TamilLoveStory #PoetryInTamil #LoveInTamil #TamilRomanticQuotes #TamilInstaPoetry #TamilQuoteLovers #InstaKavithai #KadhalInstagram","Save this poem as your little love reminder to brighten your day. If it touched your heart, leave a ❤, and share it with someone who needs to hear this. Let's spread love... save it, share it!

இக்கவிதையை உங்கள் நாளை சிறப்பாக்கும் காதல் நினைவாக சேமியுங்கள். இதன் உணர்வுகள் உங்கள் இதயத்தை தழுவி இருந்தால், ❤ கொடுக்கவும், இதை உணர வேண்டியவருடன் பகிரவும். காதலை பரப்புவோம்... சேமியுங்கள், பகிருங்கள்!","Tamil, English",1755059400
14-08-2025 10:00,White,KadhalThinamThinam242.png,https://github.com/mr-php20/amiableWrites/blob/main/White/KadhalThinamThinam242.png?raw=true,"#amiablewrites #kadhalthinamthinam #meendumorkadhalmazhai #karpanaiyokadhalvasam #peachhouseperson #arivalan

#TamilKavithai #TamilPoetry #TamilLovePoems #KadhalKavithai #RomanticKavithai #TamilKadhal #KadhalPoetry #TamilQuotes #TamilKadhalKavithaigal #RomanticQuotes #TamilKavithaigal #TamilLoveQuotes #TamilSadQuotes #TamilThathuvangal #TamilKavidhai #TamilPoems #TamilKavithaikal #TamilLoveStory #PoetryInTamil #LoveInTamil #TamilRomanticQuotes #TamilInstaPoetry #TamilQuoteLovers #InstaKavithai #KadhalInstagram","Save this poem as your little love reminder to brighten your day. If it touched your heart, leave a ❤, and share it with someone who needs to hear this. Let's spread love... save it, share it!

இக்கவிதையை உங்கள் நாளை சிறப்பாக்கும் காதல் நினைவாக சேமியுங்கள். இதன் உணர்வுகள் உங்கள் இதயத்தை தழுவி இருந்தால், ❤ கொடுக்கவும், இதை உணர வேண்டியவருடன் பகிரவும். காதலை பரப்புவோம்... சேமியுங்கள், பகிருங்கள்!","Tamil, English",1755145800
15-08-2025 10:00,Black,KadhalThinamThinam275.png,https://github.com/mr-php20/amiableWrites/blob/main/Black/KadhalThinamThinam275.png?raw=true,"#amiablewrites #kadhalthinamthinam #meendumorkadhalmazhai #karpanaiyokadhalvasam #peachhouseperson #arivalan

#TamilKavithai #TamilPoetry #TamilLovePoems #KadhalKavithai #RomanticKavithai #TamilKadhal #KadhalPoetry #TamilQuotes #TamilKadhalKavithaigal #RomanticQuotes #TamilKavithaigal #TamilLoveQuotes #TamilSadQuotes #TamilThathuvangal #TamilKavidhai #TamilPoems #TamilKavithaikal #TamilLoveStory #PoetryInTamil #LoveInTamil #TamilRomanticQuotes #TamilInstaPoetry #TamilQuoteLovers #InstaKavithai #KadhalInstagram","Save this poem as your little love reminder to brighten your day. If it touched your heart, leave a ❤, and share it with someone who needs to hear this. Let's spread love... save it, share it!

இக்கவிதையை உங்கள் நாளை சிறப்பாக்கும் காதல் நினைவாக சேமியுங்கள். இதன் உணர்வுகள் உங்கள் இதயத்தை தழுவி இருந்தால், ❤ கொடுக்கவும், இதை உணர வேண்டியவருடன் பகிரவும். காதலை பரப்புவோம்... சேமியுங்கள், பகிருங்கள்!","Tamil, English",1755232200
16-08-2025 10:00,Color,0050_Blue_KadhalThinamThinam336.png,https://github.com/mr-php20/amiableWrites/blob/main/Spectrum/0050_Blue_KadhalThinamThinam336.png?raw=true,"#amiablewrites #kadhalthinamthinam #meendumorkadhalmazhai #karpanaiyokadhalvasam #peachhouseperson #arivalan

#TamilKavithai #TamilPoetry #TamilLovePoems #KadhalKavithai #RomanticKavithai #TamilKadhal #KadhalPoetry #TamilQuotes #TamilKadhalKavithaigal #RomanticQuotes #TamilKavithaigal #TamilLoveQuotes #TamilSadQuotes #TamilThathuvangal #TamilKavidhai #TamilPoems #TamilKavithaikal #TamilLoveStory #PoetryInTamil #LoveInTamil #TamilRomanticQuotes #TamilInstaPoetry #TamilQuoteLovers #InstaKavithai #KadhalInstagram","Save this poem as your little love reminder to brighten your day. If it touched your heart, leave a ❤, and share it with someone who needs to hear this. Let's spread love... save it, share it!

இக்கவிதையை உங்கள் நாளை சிறப்பாக்கும் காதல் நினைவாக சேமியுங்கள். இதன் உணர்வுகள் உங்கள் இதயத்தை தழுவி இருந்தால், ❤ கொடுக்கவும், இதை உணர வேண்டியவருடன் பகிரவும். காதலை பரப்புவோம்... சேமியுங்கள், பகிருங்கள்!","Tamil, English",1755318600
17-08-2025 10:00,White,KadhalThinamThinam250.png,https://github.com/mr-php20/amiableWrites/blob/main/White/KadhalThinamThinam250.png?raw=true,"#amiablewrites #kadhalthinamthinam #meendumorkadhalmazhai #karpanaiyokadhalvasam #peachhouseperson #arivalan

#TamilKavithai #TamilPoetry #TamilLovePoems #KadhalKavithai #RomanticKavithai #TamilKadhal #KadhalPoetry #TamilQuotes #TamilKadhalKavithaigal #RomanticQuotes #TamilKavithaigal #TamilLoveQuotes #TamilSadQuotes #TamilThathuvangal #TamilKavidhai #TamilPoems #TamilKavithaikal #TamilLoveStory #PoetryInTamil #LoveInTamil #TamilRomanticQuotes #TamilInstaPoetry #TamilQuoteLovers #InstaKavithai #KadhalInstagram","Save this poem as your little love reminder to brighten your day. If it touched your heart, leave a ❤, and share it with someone who needs to hear this. Let's spread love... save it, share it!

இக்கவிதையை உங்கள் நாளை சிறப்பாக்கும் காதல் நினைவாக சேமியுங்கள். இதன் உணர்வுகள் உங்கள் இதயத்தை தழுவி இருந்தால், ❤ கொடுக்கவும், இதை உணர வேண்டியவருடன் பகிரவும். காதலை பரப்புவோம்... சேமியுங்கள், பகிருங்கள்!","Tamil, English",1755405000
18-08-2025 10:00,Black,KadhalThinamThinam279.png,https://github.com/mr-php20/amiableWrites/blob/main/Black/KadhalThinamThinam279.png?raw=true,"#amiablewrites #kadhalthinamthinam #meendumorkadhalmazhai #karpanaiyokadhalvasam #peachhouseperson #arivalan

#TamilKavithai #TamilPoetry #TamilLovePoems #KadhalKavithai #RomanticKavithai #TamilKadhal #KadhalPoetry #TamilQuotes #TamilKadhalKavithaigal #RomanticQuotes #TamilKavithaigal #TamilLoveQuotes #TamilSadQuotes #TamilThathuvangal #TamilKavidhai #TamilPoems #TamilKavithaikal #TamilLoveStory #PoetryInTamil #LoveInTamil #TamilRomanticQuotes #TamilInstaPoetry #TamilQuoteLovers #InstaKavithai #KadhalInstagram","Save this poem as your little love reminder to brighten your day. If it touched your heart, leave a ❤, and share it with someone who needs to hear this. Let's spread love... save it, share it!

இக்கவிதையை உங்கள் நாளை சிறப்பாக்கும் காதல் நினைவாக சேமியுங்கள். இதன் உணர்வுகள் உங்கள் இதயத்தை தழுவி இருந்தால், ❤ கொடுக்கவும், இதை உணர வேண்டியவருடன் பகிரவும். காதலை பரப்புவோம்... சேமியுங்கள், பகிருங்கள்!","Tamil, English",1755491400
19-08-2025 10:00,Color,0051_Blue_KadhalThinamThinam282.png,https://github.com/mr-php20/amiableWrites/blob/main/Spectrum/0051_Blue_KadhalThinamThinam282.png?raw=true,"#amiablewrites #kadhalthinamthinam #meendumorkadhalmazhai #karpanaiyokadhalvasam #peachhouseperson #arivalan

#TamilKavithai #TamilPoetry #TamilLovePoems #KadhalKavithai #RomanticKavithai #TamilKadhal #KadhalPoetry #TamilQuotes #TamilKadhalKavithaigal #RomanticQuotes #TamilKavithaigal #TamilLoveQuotes #TamilSadQuotes #TamilThathuvangal #TamilKavidhai #TamilPoems #TamilKavithaikal #TamilLoveStory #PoetryInTamil #LoveInTamil #TamilRomanticQuotes #TamilInstaPoetry #TamilQuoteLovers #InstaKavithai #KadhalInstagram","Save this poem as your little love reminder to brighten your day. If it touched your heart, leave a ❤, and share it with someone who needs to hear this. Let's spread love... save it, share it!

இக்கவிதையை உங்கள் நாளை சிறப்பாக்கும் காதல் நினைவாக சேமியுங்கள். இதன் உணர்வுகள் உங்கள் இதயத்தை தழுவி இருந்தால், ❤ கொடுக்கவும், இதை உணர வேண்டியவருடன் பகிரவும். காதலை பரப்புவோம்... சேமியுங்கள், பகிருங்கள்!","Tamil, English",1755577800
20-08-2025 10:00,White,KadhalThinamThinam252.png,https://github.com/mr-php20/amiableWrites/blob/main/White/KadhalThinamThinam252.png?raw=true,"#amiablewrites #kadhalthinamthinam #meendumorkadhalmazhai #karpanaiyokadhalvasam #peachhouseperson #arivalan

#TamilKavithai #TamilPoetry #TamilLovePoems #KadhalKavithai #RomanticKavithai #TamilKadhal #KadhalPoetry #TamilQuotes #TamilKadhalKavithaigal #RomanticQuotes #TamilKavithaigal #TamilLoveQuotes #TamilSadQuotes #TamilThathuvangal #TamilKavidhai #TamilPoems #TamilKavithaikal #TamilLoveStory #PoetryInTamil #LoveInTamil #TamilRomanticQuotes #TamilInstaPoetry #TamilQuoteLovers #InstaKavithai #KadhalInstagram","Save this poem as your little love reminder to brighten your day. If it touched your heart, leave a ❤, and share it with someone who needs to hear this. Let's spread love... save it, share it!

இக்கவிதையை உங்கள் நாளை சிறப்பாக்கும் காதல் நினைவாக சேமியுங்கள். இதன் உணர்வுகள் உங்கள் இதயத்தை தழுவி இருந்தால், ❤ கொடுக்கவும், இதை உணர வேண்டியவருடன் பகிரவும். காதலை பரப்புவோம்... சேமியுங்கள், பகிருங்கள்!","Tamil, English",1755664200
21-08-2025 10:00,Black,KadhalThinamThinam293.png,https://github.com/mr-php20/amiableWrites/blob/main/Black/KadhalThinamThinam293.png?raw=true,"#amiablewrites #kadhalthinamthinam #meendumorkadhalmazhai #karpanaiyokadhalvasam #peachhouseperson #arivalan

#TamilKavithai #TamilPoetry #TamilLovePoems #KadhalKavithai #RomanticKavithai #TamilKadhal #KadhalPoetry #TamilQuotes #TamilKadhalKavithaigal #RomanticQuotes #TamilKavithaigal #TamilLoveQuotes #TamilSadQuotes #TamilThathuvangal #TamilKavidhai #TamilPoems #TamilKavithaikal #TamilLoveStory #PoetryInTamil #LoveInTamil #TamilRomanticQuotes #TamilInstaPoetry #TamilQuoteLovers #InstaKavithai #KadhalInstagram","Save this poem as your little love reminder to brighten your day. If it touched your heart, leave a ❤, and share it with someone who needs to hear this. Let's spread love... save it, share it!

இக்கவிதையை உங்கள் நாளை சிறப்பாக்கும் காதல் நினைவாக சேமியுங்கள். இதன் உணர்வுகள் உங்கள் இதயத்தை தழுவி இருந்தால், ❤ கொடுக்கவும், இதை உணர வேண்டியவருடன் பகிரவும். காதலை பரப்புவோம்... சேமியுங்கள், பகிருங்கள்!","Tamil, English",1755750600
22-08-2025 10:00,Color,0052_Blue_KadhalThinamThinam116.png,https://github.com/mr-php20/amiableWrites/blob/main/Spectrum/0052_Blue_KadhalThinamThinam116.png?raw=true,"#amiablewrites #kadhalthinamthinam #meendumorkadhalmazhai #karpanaiyokadhalvasam #peachhouseperson #arivalan

#TamilKavithai #TamilPoetry #TamilLovePoems #KadhalKavithai #RomanticKavithai #TamilKadhal #KadhalPoetry #TamilQuotes #TamilKadhalKavithaigal #RomanticQuotes #TamilKavithaigal #TamilLoveQuotes #TamilSadQuotes #TamilThathuvangal #TamilKavidhai #TamilPoems #TamilKavithaikal #TamilLoveStory #PoetryInTamil #LoveInTamil #TamilRomanticQuotes #TamilInstaPoetry #TamilQuoteLovers #InstaKavithai #KadhalInstagram","Save this poem as your little love reminder to brighten your day. If it touched your heart, leave a ❤, and share it with someone who needs to hear this. Let's spread love... save it, share it!

இக்கவிதையை உங்கள் நாளை சிறப்பாக்கும் காதல் நினைவாக சேமியுங்கள். இதன் உணர்வுகள் உங்கள் இதயத்தை தழுவி இருந்தால், ❤ கொடுக்கவும், இதை உணர வேண்டியவருடன் பகிரவும். காதலை பரப்புவோம்... சேமியுங்கள், பகிருங்கள்!","Tamil, English",1755837000
23-08-2025 10:00,White,KadhalThinamThinam260.png,https://github.com/mr-php20/amiableWrites/blob/main/White/KadhalThinamThinam260.png?raw=true,"#amiablewrites #kadhalthinamthinam #meendumorkadhalmazhai #karpanaiyokadhalvasam #peachhouseperson #arivalan

#TamilKavithai #TamilPoetry #TamilLovePoems #KadhalKavithai #RomanticKavithai #TamilKadhal #KadhalPoetry #TamilQuotes #TamilKadhalKavithaigal #RomanticQuotes #TamilKavithaigal #TamilLoveQuotes #TamilSadQuotes #TamilThathuvangal #TamilKavidhai #TamilPoems #TamilKavithaikal #TamilLoveStory #PoetryInTamil #LoveInTamil #TamilRomanticQuotes #TamilInstaPoetry #TamilQuoteLovers #InstaKavithai #KadhalInstagram","Save this poem as your little love reminder to brighten your day. If it touched your heart, leave a ❤, and share it with someone who needs to hear this. Let's spread love... save it, share it!

இக்கவிதையை உங்கள் நாளை சிறப்பாக்கும் காதல் நினைவாக சேமியுங்கள். இதன் உணர்வுகள் உங்கள் இதயத்தை தழுவி இருந்தால், ❤ கொடுக்கவும், இதை உணர வேண்டியவருடன் பகிரவும். காதலை பரப்புவோம்... சேமியுங்கள், பகிருங்கள்!","Tamil, English",1755923400
24-08-2025 10:00,Black,KadhalThinamThinam294.png,https://github.com/mr-php20/amiableWrites/blob/main/Black/KadhalThinamThinam294.png?raw=true,"#amiablewrites #kadhalthinamthinam #meendumorkadhalmazhai #karpanaiyokadhalvasam #peachhouseperson #arivalan

#TamilKavithai #TamilPoetry #TamilLovePoems #KadhalKavithai #RomanticKavithai #TamilKadhal #KadhalPoetry #TamilQuotes #TamilKadhalKavithaigal #RomanticQuotes #TamilKavithaigal #TamilLoveQuotes #TamilSadQuotes #TamilThathuvangal #TamilKavidhai #TamilPoems #TamilKavithaikal #TamilLoveStory #PoetryInTamil #LoveInTamil #TamilRomanticQuotes #TamilInstaPoetry #TamilQuoteLovers #InstaKavithai #KadhalInstagram","Save this poem as your little love reminder to brighten your day. If it touched your heart, leave a ❤, and share it with someone who needs to hear this. Let's spread love... save it, share it!

இக்கவிதையை உங்கள் நாளை சிறப்பாக்கும் காதல் நினைவாக சேமியுங்கள். இதன் உணர்வுகள் உங்கள் இதயத்தை தழுவி இருந்தால், ❤ கொடுக்கவும், இதை உணர வேண்டியவருடன் பகிரவும். காதலை பரப்புவோம்... சேமியுங்கள், பகிருங்கள்!","Tamil, English",1756009800
25-08-2025 10:00,Color,0053_Blue_KadhalThinamThinam311.png,https://github.com/mr-php20/amiableWrites/blob/main/Spectrum/0053_Blue_KadhalThinamThinam311.png?raw=true,"#amiablewrites #kadhalthinamthinam #meendumorkadhalmazhai #karpanaiyokadhalvasam #peachhouseperson #arivalan

#TamilKavithai #TamilPoetry #TamilLovePoems #KadhalKavithai #RomanticKavithai #TamilKadhal #KadhalPoetry #TamilQuotes #TamilKadhalKavithaigal #RomanticQuotes #TamilKavithaigal #TamilLoveQuotes #TamilSadQuotes #TamilThathuvangal #TamilKavidhai #TamilPoems #TamilKavithaikal #TamilLoveStory #PoetryInTamil #LoveInTamil #TamilRomanticQuotes #TamilInstaPoetry #TamilQuoteLovers #InstaKavithai #KadhalInstagram","Save this poem as your little love reminder to brighten your day. If it touched your heart, leave a ❤, and share it with someone who needs to hear this. Let's spread love... save it, share it!

இக்கவிதையை உங்கள் நாளை சிறப்பாக்கும் காதல் நினைவாக சேமியுங்கள். இதன் உணர்வுகள் உங்கள் இதயத்தை தழுவி இருந்தால், ❤ கொடுக்கவும், இதை உணர வேண்டியவருடன் பகிரவும். காதலை பரப்புவோம்... சேமியுங்கள், பகிருங்கள்!","Tamil, English",1756096200
26-08-2025 10:00,White,KadhalThinamThinam265.png,https://github.com/mr-php20/amiableWrites/blob/main/White/KadhalThinamThinam265.png?raw=true,"#amiablewrites #kadhalthinamthinam #meendumorkadhalmazhai #karpanaiyokadhalvasam #peachhouseperson #arivalan

#TamilKavithai #TamilPoetry #TamilLovePoems #KadhalKavithai #RomanticKavithai #TamilKadhal #KadhalPoetry #TamilQuotes #TamilKadhalKavithaigal #RomanticQuotes #TamilKavithaigal #TamilLoveQuotes #TamilSadQuotes #TamilThathuvangal #TamilKavidhai #TamilPoems #TamilKavithaikal #TamilLoveStory #PoetryInTamil #LoveInTamil #TamilRomanticQuotes #TamilInstaPoetry #TamilQuoteLovers #InstaKavithai #KadhalInstagram","Save this poem as your little love reminder to brighten your day. If it touched your heart, leave a ❤, and share it with someone who needs to hear this. Let's spread love... save it, share it!

இக்கவிதையை உங்கள் நாளை சிறப்பாக்கும் காதல் நினைவாக சேமியுங்கள். இதன் உணர்வுகள் உங்கள் இதயத்தை தழுவி இருந்தால், ❤ கொடுக்கவும், இதை உணர வேண்டியவருடன் பகிரவும். காதலை பரப்புவோம்... சேமியுங்கள், பகிருங்கள்!","Tamil, English",1756182600
27-08-2025 10:00,Black,KadhalThinamThinam296.png,https://github.com/mr-php20/amiableWrites/blob/main/Black/KadhalThinamThinam296.png?raw=true,"#amiablewrites #kadhalthinamthinam #meendumorkadhalmazhai #karpanaiyokadhalvasam #peachhouseperson #arivalan

#TamilKavithai #TamilPoetry #TamilLovePoems #KadhalKavithai #RomanticKavithai #TamilKadhal #KadhalPoetry #TamilQuotes #TamilKadhalKavithaigal #RomanticQuotes #TamilKavithaigal #TamilLoveQuotes #TamilSadQuotes #TamilThathuvangal #TamilKavidhai #TamilPoems #TamilKavithaikal #TamilLoveStory #PoetryInTamil #LoveInTamil #TamilRomanticQuotes #TamilInstaPoetry #TamilQuoteLovers #InstaKavithai #KadhalInstagram","Save this poem as your little love reminder to brighten your day. If it touched your heart, leave a ❤, and share it with someone who needs to hear this. Let's spread love... save it, share it!

இக்கவிதையை உங்கள் நாளை சிறப்பாக்கும் காதல் நினைவாக சேமியுங்கள். இதன் உணர்வுகள் உங்கள் இதயத்தை தழுவி இருந்தால், ❤ கொடுக்கவும், இதை உணர வேண்டியவருடன் பகிரவும். காதலை பரப்புவோம்... சேமியுங்கள், பகிருங்கள்!","Tamil, English",1756269000
28-08-2025 10:00,Color,0054_Blue_KadhalThinamThinam134.png,https://github.com/mr-php20/amiableWrites/blob/main/Spectrum/0054_Blue_KadhalThinamThinam134.png?raw=true,"#amiablewrites #kadhalthinamthinam #meendumorkadhalmazhai #karpanaiyokadhalvasam #peachhouseperson #arivalan

#TamilKavithai #TamilPoetry #TamilLovePoems #KadhalKavithai #RomanticKavithai #TamilKadhal #KadhalPoetry #TamilQuotes #TamilKadhalKavithaigal #RomanticQuotes #TamilKavithaigal #TamilLoveQuotes #TamilSadQuotes #TamilThathuvangal #TamilKavidhai #TamilPoems #TamilKavithaikal #TamilLoveStory #PoetryInTamil #LoveInTamil #TamilRomanticQuotes #TamilInstaPoetry #TamilQuoteLovers #InstaKavithai #KadhalInstagram","Save this poem as your little love reminder to brighten your day. If it touched your heart, leave a ❤, and share it with someone who needs to hear this. Let's spread love... save it, share it!

இக்கவிதையை உங்கள் நாளை சிறப்பாக்கும் காதல் நினைவாக சேமியுங்கள். இதன் உணர்வுகள் உங்கள் இதயத்தை தழுவி இருந்தால், ❤ கொடுக்கவும், இதை உணர வேண்டியவருடன் பகிரவும். காதலை பரப்புவோம்... சேமியுங்கள், பகிருங்கள்!","Tamil, English",1756355400
29-08-2025 10:00,White,KadhalThinamThinam268.png,https://github.com/mr-php20/amiableWrites/blob/main/White/KadhalThinamThinam268.png?raw=true,"#amiablewrites #kadhalthinamthinam #meendumorkadhalmazhai #karpanaiyokadhalvasam #peachhouseperson #arivalan

#TamilKavithai #TamilPoetry #TamilLovePoems #KadhalKavithai #RomanticKavithai #TamilKadhal #KadhalPoetry #TamilQuotes #TamilKadhalKavithaigal #RomanticQuotes #TamilKavithaigal #TamilLoveQuotes #TamilSadQuotes #TamilThathuvangal #TamilKavidhai #TamilPoems #TamilKavithaikal #TamilLoveStory #PoetryInTamil #LoveInTamil #TamilRomanticQuotes #TamilInstaPoetry #TamilQuoteLovers #InstaKavithai #KadhalInstagram","Save this poem as your little love reminder to brighten your day. If it touched your heart, leave a ❤, and share it with someone who needs to hear this. Let's spread love... save it, share it!

இக்கவிதையை உங்கள் நாளை சிறப்பாக்கும் காதல் நினைவாக சேமியுங்கள். இதன் உணர்வுகள் உங்கள் இதயத்தை தழுவி இருந்தால், ❤ கொடுக்கவும், இதை உணர வேண்டியவருடன் பகிரவும். காதலை பரப்புவோம்... சேமியுங்கள், பகிருங்கள்!","Tamil, English",1756441800
30-08-2025 10:00,Black,KadhalThinamThinam303.png,https://github.com/mr-php20/amiableWrites/blob/main/Black/KadhalThinamThinam303.png?raw=true,"#amiablewrites #kadhalthinamthinam #meendumorkadhalmazhai #karpanaiyokadhalvasam #peachhouseperson #arivalan

#TamilKavithai #TamilPoetry #TamilLovePoems #KadhalKavithai #RomanticKavithai #TamilKadhal #KadhalPoetry #TamilQuotes #TamilKadhalKavithaigal #RomanticQuotes #TamilKavithaigal #TamilLoveQuotes #TamilSadQuotes #TamilThathuvangal #TamilKavidhai #TamilPoems #TamilKavithaikal #TamilLoveStory #PoetryInTamil #LoveInTamil #TamilRomanticQuotes #TamilInstaPoetry #TamilQuoteLovers #InstaKavithai #KadhalInstagram","Save this poem as your little love reminder to brighten your day. If it touched your heart, leave a ❤, and share it with someone who needs to hear this. Let's spread love... save it, share it!

இக்கவிதையை உங்கள் நாளை சிறப்பாக்கும் காதல் நினைவாக சேமியுங்கள். இதன் உணர்வுகள் உங்கள் இதயத்தை தழுவி இருந்தால், ❤ கொடுக்கவும், இதை உணர வேண்டியவருடன் பகிரவும். காதலை பரப்புவோம்... சேமியுங்கள், பகிருங்கள்!","Tamil, English",1756528200
31-08-2025 10:00,Color,0054a_Indigo_KadhalThinamThinam318.png,https://github.com/mr-php20/amiableWrites/blob/main/Spectrum/0054a_Indigo_KadhalThinamThinam318.png?raw=true,"#amiablewrites #kadhalthinamthinam #meendumorkadhalmazhai #karpanaiyokadhalvasam #peachhouseperson #arivalan

#TamilKavithai #TamilPoetry #TamilLovePoems #KadhalKavithai #RomanticKavithai #TamilKadhal #KadhalPoetry #TamilQuotes #TamilKadhalKavithaigal #RomanticQuotes #TamilKavithaigal #TamilLoveQuotes #TamilSadQuotes #TamilThathuvangal #TamilKavidhai #TamilPoems #TamilKavithaikal #TamilLoveStory #PoetryInTamil #LoveInTamil #TamilRomanticQuotes #TamilInstaPoetry #TamilQuoteLovers #InstaKavithai #KadhalInstagram","Save this poem as your little love reminder to brighten your day. If it touched your heart, leave a ❤, and share it with someone who needs to hear this. Let's spread love... save it, share it!

இக்கவிதையை உங்கள் நாளை சிறப்பாக்கும் காதல் நினைவாக சேமியுங்கள். இதன் உணர்வுகள் உங்கள் இதயத்தை தழுவி இருந்தால், ❤ கொடுக்கவும், இதை உணர வேண்டியவருடன் பகிரவும். காதலை பரப்புவோம்... சேமியுங்கள், பகிருங்கள்!","Tamil, English",1756614600
01-09-2025 10:00,White,KadhalThinamThinam269.png,https://github.com/mr-php20/amiableWrites/blob/main/White/KadhalThinamThinam269.png?raw=true,"#amiablewrites #kadhalthinamthinam #meendumorkadhalmazhai #karpanaiyokadhalvasam #peachhouseperson #arivalan

#TamilKavithai #TamilPoetry #TamilLovePoems #KadhalKavithai #RomanticKavithai #TamilKadhal #KadhalPoetry #TamilQuotes #TamilKadhalKavithaigal #RomanticQuotes #TamilKavithaigal #TamilLoveQuotes #TamilSadQuotes #TamilThathuvangal #TamilKavidhai #TamilPoems #TamilKavithaikal #TamilLoveStory #PoetryInTamil #LoveInTamil #TamilRomanticQuotes #TamilInstaPoetry #TamilQuoteLovers #InstaKavithai #KadhalInstagram","Save this poem as your little love reminder to brighten your day. If it touched your heart, leave a ❤, and share it with someone who needs to hear this. Let's spread love... save it, share it!

இக்கவிதையை உங்கள் நாளை சிறப்பாக்கும் காதல் நினைவாக சேமியுங்கள். இதன் உணர்வுகள் உங்கள் இதயத்தை தழுவி இருந்தால், ❤ கொடுக்கவும், இதை உணர வேண்டியவருடன் பகிரவும். காதலை பரப்புவோம்... சேமியுங்கள், பகிருங்கள்!","Tamil, English",1756701000
02-09-2025 10:00,Black,KadhalThinamThinam310.png,https://github.com/mr-php20/amiableWrites/blob/main/Black/KadhalThinamThinam310.png?raw=true,"#amiablewrites #kadhalthinamthinam #meendumorkadhalmazhai #karpanaiyokadhalvasam #peachhouseperson #arivalan

#TamilKavithai #TamilPoetry #TamilLovePoems #KadhalKavithai #RomanticKavithai #TamilKadhal #KadhalPoetry #TamilQuotes #TamilKadhalKavithaigal #RomanticQuotes #TamilKavithaigal #TamilLoveQuotes #TamilSadQuotes #TamilThathuvangal #TamilKavidhai #TamilPoems #TamilKavithaikal #TamilLoveStory #PoetryInTamil #LoveInTamil #TamilRomanticQuotes #TamilInstaPoetry #TamilQuoteLovers #InstaKavithai #KadhalInstagram","Save this poem as your little love reminder to brighten your day. If it touched your heart, leave a ❤, and share it with someone who needs to hear this. Let's spread love... save it, share it!

இக்கவிதையை உங்கள் நாளை சிறப்பாக்கும் காதல் நினைவாக சேமியுங்கள். இதன் உணர்வுகள் உங்கள் இதயத்தை தழுவி இருந்தால், ❤ கொடுக்கவும், இதை உணர வேண்டியவருடன் பகிரவும். காதலை பரப்புவோம்... சேமியுங்கள், பகிருங்கள்!","Tamil, English",1756787400
03-09-2025 10:00,Color,0055_Blue_KadhalThinamThinam103.png,https://github.com/mr-php20/amiableWrites/blob/main/Spectrum/0055_Blue_KadhalThinamThinam103.png?raw=true,"#amiablewrites #kadhalthinamthinam #meendumorkadhalmazhai #karpanaiyokadhalvasam #peachhouseperson #arivalan

#TamilKavithai #TamilPoetry #TamilLovePoems #KadhalKavithai #RomanticKavithai #TamilKadhal #KadhalPoetry #TamilQuotes #TamilKadhalKavithaigal #RomanticQuotes #TamilKavithaigal #TamilLoveQuotes #TamilSadQuotes #TamilThathuvangal #TamilKavidhai #TamilPoems #TamilKavithaikal #TamilLoveStory #PoetryInTamil #LoveInTamil #TamilRomanticQuotes #TamilInstaPoetry #TamilQuoteLovers #InstaKavithai #KadhalInstagram","Save this poem as your little love reminder to brighten your day. If it touched your heart, leave a ❤, and share it with someone who needs to hear this. Let's spread love... save it, share it!

இக்கவிதையை உங்கள் நாளை சிறப்பாக்கும் காதல் நினைவாக சேமியுங்கள். இதன் உணர்வுகள் உங்கள் இதயத்தை தழுவி இருந்தால், ❤ கொடுக்கவும், இதை உணர வேண்டியவருடன் பகிரவும். காதலை பரப்புவோம்... சேமியுங்கள், பகிருங்கள்!","Tamil, English",1756873800
04-09-2025 10:00,White,KadhalThinamThinam271.png,https://github.com/mr-php20/amiableWrites/blob/main/White/KadhalThinamThinam271.png?raw=true,"#amiablewrites #kadhalthinamthinam #meendumorkadhalmazhai #karpanaiyokadhalvasam #peachhouseperson #arivalan

#TamilKavithai #TamilPoetry #TamilLovePoems #KadhalKavithai #RomanticKavithai #TamilKadhal #KadhalPoetry #TamilQuotes #TamilKadhalKavithaigal #RomanticQuotes #TamilKavithaigal #TamilLoveQuotes #TamilSadQuotes #TamilThathuvangal #TamilKavidhai #TamilPoems #TamilKavithaikal #TamilLoveStory #PoetryInTamil #LoveInTamil #TamilRomanticQuotes #TamilInstaPoetry #TamilQuoteLovers #InstaKavithai #KadhalInstagram","Save this poem as your little love reminder to brighten your day. If it touched your heart, leave a ❤, and share it with someone who needs to hear this. Let's spread love... save it, share it!

இக்கவிதையை உங்கள் நாளை சிறப்பாக்கும் காதல் நினைவாக சேமியுங்கள். இதன் உணர்வுகள் உங்கள் இதயத்தை தழுவி இருந்தால், ❤ கொடுக்கவும், இதை உணர வேண்டியவருடன் பகிரவும். காதலை பரப்புவோம்... சேமியுங்கள், பகிருங்கள்!","Tamil, English",1756960200
05-09-2025 10:00,Black,KadhalThinamThinam314.png,https://github.com/mr-php20/amiableWrites/blob/main/Black/KadhalThinamThinam314.png?raw=true,"#amiablewrites #kadhalthinamthinam #meendumorkadhalmazhai #karpanaiyokadhalvasam #peachhouseperson #arivalan

#TamilKavithai #TamilPoetry #TamilLovePoems #KadhalKavithai #RomanticKavithai #TamilKadhal #KadhalPoetry #TamilQuotes #TamilKadhalKavithaigal #RomanticQuotes #TamilKavithaigal #TamilLoveQuotes #TamilSadQuotes #TamilThathuvangal #TamilKavidhai #TamilPoems #TamilKavithaikal #TamilLoveStory #PoetryInTamil #LoveInTamil #TamilRomanticQuotes #TamilInstaPoetry #TamilQuoteLovers #InstaKavithai #KadhalInstagram","Save this poem as your little love reminder to brighten your day. If it touched your heart, leave a ❤, and share it with someone who needs to hear this. Let's spread love... save it, share it!

இக்கவிதையை உங்கள் நாளை சிறப்பாக்கும் காதல் நினைவாக சேமியுங்கள். இதன் உணர்வுகள் உங்கள் இதயத்தை தழுவி இருந்தால், ❤ கொடுக்கவும், இதை உணர வேண்டியவருடன் பகிரவும். காதலை பரப்புவோம்... சேமியுங்கள், பகிருங்கள்!","Tamil, English",1757046600
06-09-2025 10:00,Color,0056_Green_KadhalThinamThinam313.png,https://github.com/mr-php20/amiableWrites/blob/main/Spectrum/0056_Green_KadhalThinamThinam313.png?raw=true,"#amiablewrites #kadhalthinamthinam #meendumorkadhalmazhai #karpanaiyokadhalvasam #peachhouseperson #arivalan

#TamilKavithai #TamilPoetry #TamilLovePoems #KadhalKavithai #RomanticKavithai #TamilKadhal #KadhalPoetry #TamilQuotes #TamilKadhalKavithaigal #RomanticQuotes #TamilKavithaigal #TamilLoveQuotes #TamilSadQuotes #TamilThathuvangal #TamilKavidhai #TamilPoems #TamilKavithaikal #TamilLoveStory #PoetryInTamil #LoveInTamil #TamilRomanticQuotes #TamilInstaPoetry #TamilQuoteLovers #InstaKavithai #KadhalInstagram","Save this poem as your little love reminder to brighten your day. If it touched your heart, leave a ❤, and share it with someone who needs to hear this. Let's spread love... save it, share it!

இக்கவிதையை உங்கள் நாளை சிறப்பாக்கும் காதல் நினைவாக சேமியுங்கள். இதன் உணர்வுகள் உங்கள் இதயத்தை தழுவி இருந்தால், ❤ கொடுக்கவும், இதை உணர வேண்டியவருடன் பகிரவும். காதலை பரப்புவோம்... சேமியுங்கள், பகிருங்கள்!","Tamil, English",1757133000
07-09-2025 10:00,White,KadhalThinamThinam274.png,https://github.com/mr-php20/amiableWrites/blob/main/White/KadhalThinamThinam274.png?raw=true,"#amiablewrites #kadhalthinamthinam #meendumorkadhalmazhai #karpanaiyokadhalvasam #peachhouseperson #arivalan

#TamilKavithai #TamilPoetry #TamilLovePoems #KadhalKavithai #RomanticKavithai #TamilKadhal #KadhalPoetry #TamilQuotes #TamilKadhalKavithaigal #RomanticQuotes #TamilKavithaigal #TamilLoveQuotes #TamilSadQuotes #TamilThathuvangal #TamilKavidhai #TamilPoems #TamilKavithaikal #TamilLoveStory #PoetryInTamil #LoveInTamil #TamilRomanticQuotes #TamilInstaPoetry #TamilQuoteLovers #InstaKavithai #KadhalInstagram","Save this poem as your little love reminder to brighten your day. If it touched your heart, leave a ❤, and share it with someone who needs to hear this. Let's spread love... save it, share it!

இக்கவிதையை உங்கள் நாளை சிறப்பாக்கும் காதல் நினைவாக சேமியுங்கள். இதன் உணர்வுகள் உங்கள் இதயத்தை தழுவி இருந்தால், ❤ கொடுக்கவும், இதை உணர வேண்டியவருடன் பகிரவும். காதலை பரப்புவோம்... சேமியுங்கள், பகிருங்கள்!","Tamil, English",1757219400
08-09-2025 10:00,Black,KadhalThinamThinam316.png,https://github.com/mr-php20/amiableWrites/blob/main/Black/KadhalThinamThinam316.png?raw=true,"#amiablewrites #kadhalthinamthinam #meendumorkadhalmazhai #karpanaiyokadhalvasam #peachhouseperson #arivalan

#TamilKavithai #TamilPoetry #TamilLovePoems #KadhalKavithai #RomanticKavithai #TamilKadhal #KadhalPoetry #TamilQuotes #TamilKadhalKavithaigal #RomanticQuotes #TamilKavithaigal #TamilLoveQuotes #TamilSadQuotes #TamilThathuvangal #TamilKavidhai #TamilPoems #TamilKavithaikal #TamilLoveStory #PoetryInTamil #LoveInTamil #TamilRomanticQuotes #TamilInstaPoetry #TamilQuoteLovers #InstaKavithai #KadhalInstagram","Save this poem as your little love reminder to brighten your day. If it touched your heart, leave a ❤, and share it with someone who needs to hear this. Let's spread love... save it, share it!

இக்கவிதையை உங்கள் நாளை சிறப்பாக்கும் காதல் நினைவாக சேமியுங்கள். இதன் உணர்வுகள் உங்கள் இதயத்தை தழுவி இருந்தால், ❤ கொடுக்கவும், இதை உணர வேண்டியவருடன் பகிரவும். காதலை பரப்புவோம்... சேமியுங்கள், பகிருங்கள்!","Tamil, English",1757305800
09-09-2025 10:00,Color,0057_Green_KadhalThinamThinam227.png,https://github.com/mr-php20/amiableWrites/blob/main/Spectrum/0057_Green_KadhalThinamThinam227.png?raw=true,"#amiablewrites #kadhalthinamthinam #meendumorkadhalmazhai #karpanaiyokadhalvasam #peachhouseperson #arivalan

#TamilKavithai #TamilPoetry #TamilLovePoems #KadhalKavithai #RomanticKavithai #TamilKadhal #KadhalPoetry #TamilQuotes #TamilKadhalKavithaigal #RomanticQuotes #TamilKavithaigal #TamilLoveQuotes #TamilSadQuotes #TamilThathuvangal #TamilKavidhai #TamilPoems #TamilKavithaikal #TamilLoveStory #PoetryInTamil #LoveInTamil #TamilRomanticQuotes #TamilInstaPoetry #TamilQuoteLovers #InstaKavithai #KadhalInstagram","Save this poem as your little love reminder to brighten your day. If it touched your heart, leave a ❤, and share it with someone who needs to hear this. Let's spread love... save it, share it!

இக்கவிதையை உங்கள் நாளை சிறப்பாக்கும் காதல் நினைவாக சேமியுங்கள். இதன் உணர்வுகள் உங்கள் இதயத்தை தழுவி இருந்தால், ❤ கொடுக்கவும், இதை உணர வேண்டியவருடன் பகிரவும். காதலை பரப்புவோம்... சேமியுங்கள், பகிருங்கள்!","Tamil, English",1757392200
10-09-2025 10:00,White,KadhalThinamThinam277.png,https://github.com/mr-php20/amiableWrites/blob/main/White/KadhalThinamThinam277.png?raw=true,"#amiablewrites #kadhalthinamthinam #meendumorkadhalmazhai #karpanaiyokadhalvasam #peachhouseperson #arivalan

#TamilKavithai #TamilPoetry #TamilLovePoems #KadhalKavithai #RomanticKavithai #TamilKadhal #KadhalPoetry #TamilQuotes #TamilKadhalKavithaigal #RomanticQuotes #TamilKavithaigal #TamilLoveQuotes #TamilSadQuotes #TamilThathuvangal #TamilKavidhai #TamilPoems #TamilKavithaikal #TamilLoveStory #PoetryInTamil #LoveInTamil #TamilRomanticQuotes #TamilInstaPoetry #TamilQuoteLovers #InstaKavithai #KadhalInstagram","Save this poem as your little love reminder to brighten your day. If it touched your heart, leave a ❤, and share it with someone who needs to hear this. Let's spread love... save it, share it!

இக்கவிதையை உங்கள் நாளை சிறப்பாக்கும் காதல் நினைவாக சேமியுங்கள். இதன் உணர்வுகள் உங்கள் இதயத்தை தழுவி இருந்தால், ❤ கொடுக்கவும், இதை உணர வேண்டியவருடன் பகிரவும். காதலை பரப்புவோம்... சேமியுங்கள், பகிருங்கள்!","Tamil, English",1757478600
11-09-2025 10:00,Black,KadhalThinamThinam331.png,https://github.com/mr-php20/amiableWrites/blob/main/Black/KadhalThinamThinam331.png?raw=true,"#amiablewrites #kadhalthinamthinam #meendumorkadhalmazhai #karpanaiyokadhalvasam #peachhouseperson #arivalan

#TamilKavithai #TamilPoetry #TamilLovePoems #KadhalKavithai #RomanticKavithai #TamilKadhal #KadhalPoetry #TamilQuotes #TamilKadhalKavithaigal #RomanticQuotes #TamilKavithaigal #TamilLoveQuotes #TamilSadQuotes #TamilThathuvangal #TamilKavidhai #TamilPoems #TamilKavithaikal #TamilLoveStory #PoetryInTamil #LoveInTamil #TamilRomanticQuotes #TamilInstaPoetry #TamilQuoteLovers #InstaKavithai #KadhalInstagram","Save this poem as your little love reminder to brighten your day. If it touched your heart, leave a ❤, and share it with someone who needs to hear this. Let's spread love... save it, share it!

இக்கவிதையை உங்கள் நாளை சிறப்பாக்கும் காதல் நினைவாக சேமியுங்கள். இதன் உணர்வுகள் உங்கள் இதயத்தை தழுவி இருந்தால், ❤ கொடுக்கவும், இதை உணர வேண்டியவருடன் பகிரவும். காதலை பரப்புவோம்... சேமியுங்கள், பகிருங்கள்!","Tamil, English",1757565000
12-09-2025 10:00,Color,0058_Green_KadhalThinamThinam342.png,https://github.com/mr-php20/amiableWrites/blob/main/Spectrum/0058_Green_KadhalThinamThinam342.png?raw=true,"#amiablewrites #kadhalthinamthinam #meendumorkadhalmazhai #karpanaiyokadhalvasam #peachhouseperson #arivalan

#TamilKavithai #TamilPoetry #TamilLovePoems #KadhalKavithai #RomanticKavithai #TamilKadhal #KadhalPoetry #TamilQuotes #TamilKadhalKavithaigal #RomanticQuotes #TamilKavithaigal #TamilLoveQuotes #TamilSadQuotes #TamilThathuvangal #TamilKavidhai #TamilPoems #TamilKavithaikal #TamilLoveStory #PoetryInTamil #LoveInTamil #TamilRomanticQuotes #TamilInstaPoetry #TamilQuoteLovers #InstaKavithai #KadhalInstagram","Save this poem as your little love reminder to brighten your day. If it touched your heart, leave a ❤, and share it with someone who needs to hear this. Let's spread love... save it, share it!

இக்கவிதையை உங்கள் நாளை சிறப்பாக்கும் காதல் நினைவாக சேமியுங்கள். இதன் உணர்வுகள் உங்கள் இதயத்தை தழுவி இருந்தால், ❤ கொடுக்கவும், இதை உணர வேண்டியவருடன் பகிரவும். காதலை பரப்புவோம்... சேமியுங்கள், பகிருங்கள்!","Tamil, English",1757651400
13-09-2025 10:00,White,KadhalThinamThinam280.png,https://github.com/mr-php20/amiableWrites/blob/main/White/KadhalThinamThinam280.png?raw=true,"#amiablewrites #kadhalthinamthinam #meendumorkadhalmazhai #karpanaiyokadhalvasam #peachhouseperson #arivalan

#TamilKavithai #TamilPoetry #TamilLovePoems #KadhalKavithai #RomanticKavithai #TamilKadhal #KadhalPoetry #TamilQuotes #TamilKadhalKavithaigal #RomanticQuotes #TamilKavithaigal #TamilLoveQuotes #TamilSadQuotes #TamilThathuvangal #TamilKavidhai #TamilPoems #TamilKavithaikal #TamilLoveStory #PoetryInTamil #LoveInTamil #TamilRomanticQuotes #TamilInstaPoetry #TamilQuoteLovers #InstaKavithai #KadhalInstagram","Save this poem as your little love reminder to brighten your day. If it touched your heart, leave a ❤, and share it with someone who needs to hear this. Let's spread love... save it, share it!

இக்கவிதையை உங்கள் நாளை சிறப்பாக்கும் காதல் நினைவாக சேமியுங்கள். இதன் உணர்வுகள் உங்கள் இதயத்தை தழுவி இருந்தால், ❤ கொடுக்கவும், இதை உணர வேண்டியவருடன் பகிரவும். காதலை பரப்புவோம்... சேமியுங்கள், பகிருங்கள்!","Tamil, English",1757737800
14-09-2025 10:00,Black,KadhalThinamThinam333.png,https://github.com/mr-php20/amiableWrites/blob/main/Black/KadhalThinamThinam333.png?raw=true,"#amiablewrites #kadhalthinamthinam #meendumorkadhalmazhai #karpanaiyokadhalvasam #peachhouseperson #arivalan

#TamilKavithai #TamilPoetry #TamilLovePoems #KadhalKavithai #RomanticKavithai #TamilKadhal #KadhalPoetry #TamilQuotes #TamilKadhalKavithaigal #RomanticQuotes #TamilKavithaigal #TamilLoveQuotes #TamilSadQuotes #TamilThathuvangal #TamilKavidhai #TamilPoems #TamilKavithaikal #TamilLoveStory #PoetryInTamil #LoveInTamil #TamilRomanticQuotes #TamilInstaPoetry #TamilQuoteLovers #InstaKavithai #KadhalInstagram","Save this poem as your little love reminder to brighten your day. If it touched your heart, leave a ❤, and share it with someone who needs to hear this. Let's spread love... save it, share it!

இக்கவிதையை உங்கள் நாளை சிறப்பாக்கும் காதல் நினைவாக சேமியுங்கள். இதன் உணர்வுகள் உங்கள் இதயத்தை தழுவி இருந்தால், ❤ கொடுக்கவும், இதை உணர வேண்டியவருடன் பகிரவும். காதலை பரப்புவோம்... சேமியுங்கள், பகிருங்கள்!","Tamil, English",1757824200
15-09-2025 10:00,Color,0059_Green_KadhalThinamThinam319.png,https://github.com/mr-php20/amiableWrites/blob/main/Spectrum/0059_Green_KadhalThinamThinam319.png?raw=true,"#amiablewrites #kadhalthinamthinam #meendumorkadhalmazhai #karpanaiyokadhalvasam #peachhouseperson #arivalan

#TamilKavithai #TamilPoetry #TamilLovePoems #KadhalKavithai #RomanticKavithai #TamilKadhal #KadhalPoetry #TamilQuotes #TamilKadhalKavithaigal #RomanticQuotes #TamilKavithaigal #TamilLoveQuotes #TamilSadQuotes #TamilThathuvangal #TamilKavidhai #TamilPoems #TamilKavithaikal #TamilLoveStory #PoetryInTamil #LoveInTamil #TamilRomanticQuotes #TamilInstaPoetry #TamilQuoteLovers #InstaKavithai #KadhalInstagram","Save this poem as your little love reminder to brighten your day. If it touched your heart, leave a ❤, and share it with someone who needs to hear this. Let's spread love... save it, share it!

இக்கவிதையை உங்கள் நாளை சிறப்பாக்கும் காதல் நினைவாக சேமியுங்கள். இதன் உணர்வுகள் உங்கள் இதயத்தை தழுவி இருந்தால், ❤ கொடுக்கவும், இதை உணர வேண்டியவருடன் பகிரவும். காதலை பரப்புவோம்... சேமியுங்கள், பகிருங்கள்!","Tamil, English",1757910600
16-09-2025 10:00,White,KadhalThinamThinam285.png,https://github.com/mr-php20/amiableWrites/blob/main/White/KadhalThinamThinam285.png?raw=true,"#amiablewrites #kadhalthinamthinam #meendumorkadhalmazhai #karpanaiyokadhalvasam #peachhouseperson #arivalan

#TamilKavithai #TamilPoetry #TamilLovePoems #KadhalKavithai #RomanticKavithai #TamilKadhal #KadhalPoetry #TamilQuotes #TamilKadhalKavithaigal #RomanticQuotes #TamilKavithaigal #TamilLoveQuotes #TamilSadQuotes #TamilThathuvangal #TamilKavidhai #TamilPoems #TamilKavithaikal #TamilLoveStory #PoetryInTamil #LoveInTamil #TamilRomanticQuotes #TamilInstaPoetry #TamilQuoteLovers #InstaKavithai #KadhalInstagram","Save this poem as your little love reminder to brighten your day. If it touched your heart, leave a ❤, and share it with someone who needs to hear this. Let's spread love... save it, share it!

இக்கவிதையை உங்கள் நாளை சிறப்பாக்கும் காதல் நினைவாக சேமியுங்கள். இதன் உணர்வுகள் உங்கள் இதயத்தை தழுவி இருந்தால், ❤ கொடுக்கவும், இதை உணர வேண்டியவருடன் பகிரவும். காதலை பரப்புவோம்... சேமியுங்கள், பகிருங்கள்!","Tamil, English",1757997000
17-09-2025 10:00,Black,KadhalThinamThinam340.png,https://github.com/mr-php20/amiableWrites/blob/main/Black/KadhalThinamThinam340.png?raw=true,"#amiablewrites #kadhalthinamthinam #meendumorkadhalmazhai #karpanaiyokadhalvasam #peachhouseperson #arivalan

#TamilKavithai #TamilPoetry #TamilLovePoems #KadhalKavithai #RomanticKavithai #TamilKadhal #KadhalPoetry #TamilQuotes #TamilKadhalKavithaigal #RomanticQuotes #TamilKavithaigal #TamilLoveQuotes #TamilSadQuotes #TamilThathuvangal #TamilKavidhai #TamilPoems #TamilKavithaikal #TamilLoveStory #PoetryInTamil #LoveInTamil #TamilRomanticQuotes #TamilInstaPoetry #TamilQuoteLovers #InstaKavithai #KadhalInstagram","Save this poem as your little love reminder to brighten your day. If it touched your heart, leave a ❤, and share it with someone who needs to hear this. Let's spread love... save it, share it!

இக்கவிதையை உங்கள் நாளை சிறப்பாக்கும் காதல் நினைவாக சேமியுங்கள். இதன் உணர்வுகள் உங்கள் இதயத்தை தழுவி இருந்தால், ❤ கொடுக்கவும், இதை உணர வேண்டியவருடன் பகிரவும். காதலை பரப்புவோம்... சேமியுங்கள், பகிருங்கள்!","Tamil, English",1758083400
18-09-2025 10:00,Color,0060_Green_KadhalThinamThinam286.png,https://github.com/mr-php20/amiableWrites/blob/main/Spectrum/0060_Green_KadhalThinamThinam286.png?raw=true,"#amiablewrites #kadhalthinamthinam #meendumorkadhalmazhai #karpanaiyokadhalvasam #peachhouseperson #arivalan

#TamilKavithai #TamilPoetry #TamilLovePoems #KadhalKavithai #RomanticKavithai #TamilKadhal #KadhalPoetry #TamilQuotes #TamilKadhalKavithaigal #RomanticQuotes #TamilKavithaigal #TamilLoveQuotes #TamilSadQuotes #TamilThathuvangal #TamilKavidhai #TamilPoems #TamilKavithaikal #TamilLoveStory #PoetryInTamil #LoveInTamil #TamilRomanticQuotes #TamilInstaPoetry #TamilQuoteLovers #InstaKavithai #KadhalInstagram","Save this poem as your little love reminder to brighten your day. If it touched your heart, leave a ❤, and share it with someone who needs to hear this. Let's spread love... save it, share it!

இக்கவிதையை உங்கள் நாளை சிறப்பாக்கும் காதல் நினைவாக சேமியுங்கள். இதன் உணர்வுகள் உங்கள் இதயத்தை தழுவி இருந்தால், ❤ கொடுக்கவும், இதை உணர வேண்டியவருடன் பகிரவும். காதலை பரப்புவோம்... சேமியுங்கள், பகிருங்கள்!","Tamil, English",1758169800
19-09-2025 10:00,White,KadhalThinamThinam287.png,https://github.com/mr-php20/amiableWrites/blob/main/White/KadhalThinamThinam287.png?raw=true,"#amiablewrites #kadhalthinamthinam #meendumorkadhalmazhai #karpanaiyokadhalvasam #peachhouseperson #arivalan

#TamilKavithai #TamilPoetry #TamilLovePoems #KadhalKavithai #RomanticKavithai #TamilKadhal #KadhalPoetry #TamilQuotes #TamilKadhalKavithaigal #RomanticQuotes #TamilKavithaigal #TamilLoveQuotes #TamilSadQuotes #TamilThathuvangal #TamilKavidhai #TamilPoems #TamilKavithaikal #TamilLoveStory #PoetryInTamil #LoveInTamil #TamilRomanticQuotes #TamilInstaPoetry #TamilQuoteLovers #InstaKavithai #KadhalInstagram","Save this poem as your little love reminder to brighten your day. If it touched your heart, leave a ❤, and share it with someone who needs to hear this. Let's spread love... save it, share it!

இக்கவிதையை உங்கள் நாளை சிறப்பாக்கும் காதல் நினைவாக சேமியுங்கள். இதன் உணர்வுகள் உங்கள் இதயத்தை தழுவி இருந்தால், ❤ கொடுக்கவும், இதை உணர வேண்டியவருடன் பகிரவும். காதலை பரப்புவோம்... சேமியுங்கள், பகிருங்கள்!","Tamil, English",1758256200
20-09-2025 10:00,Black,KadhalThinamThinam341.png,https://github.com/mr-php20/amiableWrites/blob/main/Black/KadhalThinamThinam341.png?raw=true,"#amiablewrites #kadhalthinamthinam #meendumorkadhalmazhai #karpanaiyokadhalvasam #peachhouseperson #arivalan

#TamilKavithai #TamilPoetry #TamilLovePoems #KadhalKavithai #RomanticKavithai #TamilKadhal #KadhalPoetry #TamilQuotes #TamilKadhalKavithaigal #RomanticQuotes #TamilKavithaigal #TamilLoveQuotes #TamilSadQuotes #TamilThathuvangal #TamilKavidhai #TamilPoems #TamilKavithaikal #TamilLoveStory #PoetryInTamil #LoveInTamil #TamilRomanticQuotes #TamilInstaPoetry #TamilQuoteLovers #InstaKavithai #KadhalInstagram","Save this poem as your little love reminder to brighten your day. If it touched your heart, leave a ❤, and share it with someone who needs to hear this. Let's spread love... save it, share it!

இக்கவிதையை உங்கள் நாளை சிறப்பாக்கும் காதல் நினைவாக சேமியுங்கள். இதன் உணர்வுகள் உங்கள் இதயத்தை தழுவி இருந்தால், ❤ கொடுக்கவும், இதை உணர வேண்டியவருடன் பகிரவும். காதலை பரப்புவோம்... சேமியுங்கள், பகிருங்கள்!","Tamil, English",1758342600
21-09-2025 10:00,Color,0061_Green_KadhalThinamThinam363.png,https://github.com/mr-php20/amiableWrites/blob/main/Spectrum/0061_Green_KadhalThinamThinam363.png?raw=true,"#amiablewrites #kadhalthinamthinam #meendumorkadhalmazhai #karpanaiyokadhalvasam #peachhouseperson #arivalan

#TamilKavithai #TamilPoetry #TamilLovePoems #KadhalKavithai #RomanticKavithai #TamilKadhal #KadhalPoetry #TamilQuotes #TamilKadhalKavithaigal #RomanticQuotes #TamilKavithaigal #TamilLoveQuotes #TamilSadQuotes #TamilThathuvangal #TamilKavidhai #TamilPoems #TamilKavithaikal #TamilLoveStory #PoetryInTamil #LoveInTamil #TamilRomanticQuotes #TamilInstaPoetry #TamilQuoteLovers #InstaKavithai #KadhalInstagram","Save this poem as your little love reminder to brighten your day. If it touched your heart, leave a ❤, and share it with someone who needs to hear this. Let's spread love... save it, share it!

இக்கவிதையை உங்கள் நாளை சிறப்பாக்கும் காதல் நினைவாக சேமியுங்கள். இதன் உணர்வுகள் உங்கள் இதயத்தை தழுவி இருந்தால், ❤ கொடுக்கவும், இதை உணர வேண்டியவருடன் பகிரவும். காதலை பரப்புவோம்... சேமியுங்கள், பகிருங்கள்!","Tamil, English",1758429000
22-09-2025 10:00,White,KadhalThinamThinam289.png,https://github.com/mr-php20/amiableWrites/blob/main/White/KadhalThinamThinam289.png?raw=true,"#amiablewrites #kadhalthinamthinam #meendumorkadhalmazhai #karpanaiyokadhalvasam #peachhouseperson #arivalan

#TamilKavithai #TamilPoetry #TamilLovePoems #KadhalKavithai #RomanticKavithai #TamilKadhal #KadhalPoetry #TamilQuotes #TamilKadhalKavithaigal #RomanticQuotes #TamilKavithaigal #TamilLoveQuotes #TamilSadQuotes #TamilThathuvangal #TamilKavidhai #TamilPoems #TamilKavithaikal #TamilLoveStory #PoetryInTamil #LoveInTamil #TamilRomanticQuotes #TamilInstaPoetry #TamilQuoteLovers #InstaKavithai #KadhalInstagram","Save this poem as your little love reminder to brighten your day. If it touched your heart, leave a ❤, and share it with someone who needs to hear this. Let's spread love... save it, share it!

இக்கவிதையை உங்கள் நாளை சிறப்பாக்கும் காதல் நினைவாக சேமியுங்கள். இதன் உணர்வுகள் உங்கள் இதயத்தை தழுவி இருந்தால், ❤ கொடுக்கவும், இதை உணர வேண்டியவருடன் பகிரவும். காதலை பரப்புவோம்... சேமியுங்கள், பகிருங்கள்!","Tamil, English",1758515400
23-09-2025 10:00,Black,KadhalThinamThinam343.png,https://github.com/mr-php20/amiableWrites/blob/main/Black/KadhalThinamThinam343.png?raw=true,"#amiablewrites #kadhalthinamthinam #meendumorkadhalmazhai #karpanaiyokadhalvasam #peachhouseperson #arivalan

#TamilKavithai #TamilPoetry #TamilLovePoems #KadhalKavithai #RomanticKavithai #TamilKadhal #KadhalPoetry #TamilQuotes #TamilKadhalKavithaigal #RomanticQuotes #TamilKavithaigal #TamilLoveQuotes #TamilSadQuotes #TamilThathuvangal #TamilKavidhai #TamilPoems #TamilKavithaikal #TamilLoveStory #PoetryInTamil #LoveInTamil #TamilRomanticQuotes #TamilInstaPoetry #TamilQuoteLovers #InstaKavithai #KadhalInstagram","Save this poem as your little love reminder to brighten your day. If it touched your heart, leave a ❤, and share it with someone who needs to hear this. Let's spread love... save it, share it!

இக்கவிதையை உங்கள் நாளை சிறப்பாக்கும் காதல் நினைவாக சேமியுங்கள். இதன் உணர்வுகள் உங்கள் இதயத்தை தழுவி இருந்தால், ❤ கொடுக்கவும், இதை உணர வேண்டியவருடன் பகிரவும். காதலை பரப்புவோம்... சேமியுங்கள், பகிருங்கள்!","Tamil, English",1758601800
24-09-2025 10:00,Color,0062_Green_KadhalThinamThinam256.png,https://github.com/mr-php20/amiableWrites/blob/main/Spectrum/0062_Green_KadhalThinamThinam256.png?raw=true,"#amiablewrites #kadhalthinamthinam #meendumorkadhalmazhai #karpanaiyokadhalvasam #peachhouseperson #arivalan

#TamilKavithai #TamilPoetry #TamilLovePoems #KadhalKavithai #RomanticKavithai #TamilKadhal #KadhalPoetry #TamilQuotes #TamilKadhalKavithaigal #RomanticQuotes #TamilKavithaigal #TamilLoveQuotes #TamilSadQuotes #TamilThathuvangal #TamilKavidhai #TamilPoems #TamilKavithaikal #TamilLoveStory #PoetryInTamil #LoveInTamil #TamilRomanticQuotes #TamilInstaPoetry #TamilQuoteLovers #InstaKavithai #KadhalInstagram","Save this poem as your little love reminder to brighten your day. If it touched your heart, leave a ❤, and share it with someone who needs to hear this. Let's spread love... save it, share it!

இக்கவிதையை உங்கள் நாளை சிறப்பாக்கும் காதல் நினைவாக சேமியுங்கள். இதன் உணர்வுகள் உங்கள் இதயத்தை தழுவி இருந்தால், ❤ கொடுக்கவும், இதை உணர வேண்டியவருடன் பகிரவும். காதலை பரப்புவோம்... சேமியுங்கள், பகிருங்கள்!","Tamil, English",1758688200
25-09-2025 10:00,White,KadhalThinamThinam308.png,https://github.com/mr-php20/amiableWrites/blob/main/White/KadhalThinamThinam308.png?raw=true,"#amiablewrites #kadhalthinamthinam #meendumorkadhalmazhai #karpanaiyokadhalvasam #peachhouseperson #arivalan

#TamilKavithai #TamilPoetry #TamilLovePoems #KadhalKavithai #RomanticKavithai #TamilKadhal #KadhalPoetry #TamilQuotes #TamilKadhalKavithaigal #RomanticQuotes #TamilKavithaigal #TamilLoveQuotes #TamilSadQuotes #TamilThathuvangal #TamilKavidhai #TamilPoems #TamilKavithaikal #TamilLoveStory #PoetryInTamil #LoveInTamil #TamilRomanticQuotes #TamilInstaPoetry #TamilQuoteLovers #InstaKavithai #KadhalInstagram","Save this poem as your little love reminder to brighten your day. If it touched your heart, leave a ❤, and share it with someone who needs to hear this. Let's spread love... save it, share it!

இக்கவிதையை உங்கள் நாளை சிறப்பாக்கும் காதல் நினைவாக சேமியுங்கள். இதன் உணர்வுகள் உங்கள் இதயத்தை தழுவி இருந்தால், ❤ கொடுக்கவும், இதை உணர வேண்டியவருடன் பகிரவும். காதலை பரப்புவோம்... சேமியுங்கள், பகிருங்கள்!","Tamil, English",1758774600
26-09-2025 10:00,Black,KadhalThinamThinam346.png,https://github.com/mr-php20/amiableWrites/blob/main/Black/KadhalThinamThinam346.png?raw=true,"#amiablewrites #kadhalthinamthinam #meendumorkadhalmazhai #karpanaiyokadhalvasam #peachhouseperson #arivalan

#TamilKavithai #TamilPoetry #TamilLovePoems #KadhalKavithai #RomanticKavithai #TamilKadhal #KadhalPoetry #TamilQuotes #TamilKadhalKavithaigal #RomanticQuotes #TamilKavithaigal #TamilLoveQuotes #TamilSadQuotes #TamilThathuvangal #TamilKavidhai #TamilPoems #TamilKavithaikal #TamilLoveStory #PoetryInTamil #LoveInTamil #TamilRomanticQuotes #TamilInstaPoetry #TamilQuoteLovers #InstaKavithai #KadhalInstagram","Save this poem as your little love reminder to brighten your day. If it touched your heart, leave a ❤, and share it with someone who needs to hear this. Let's spread love... save it, share it!

இக்கவிதையை உங்கள் நாளை சிறப்பாக்கும் காதல் நினைவாக சேமியுங்கள். இதன் உணர்வுகள் உங்கள் இதயத்தை தழுவி இருந்தால், ❤ கொடுக்கவும், இதை உணர வேண்டியவருடன் பகிரவும். காதலை பரப்புவோம்... சேமியுங்கள், பகிருங்கள்!","Tamil, English",1758861000
27-09-2025 10:00,Color,0063_Green_KadhalThinamThinam95.png,https://github.com/mr-php20/amiableWrites/blob/main/Spectrum/0063_Green_KadhalThinamThinam95.png?raw=true,"#amiablewrites #kadhalthinamthinam #meendumorkadhalmazhai #karpanaiyokadhalvasam #peachhouseperson #arivalan

#TamilKavithai #TamilPoetry #TamilLovePoems #KadhalKavithai #RomanticKavithai #TamilKadhal #KadhalPoetry #TamilQuotes #TamilKadhalKavithaigal #RomanticQuotes #TamilKavithaigal #TamilLoveQuotes #TamilSadQuotes #TamilThathuvangal #TamilKavidhai #TamilPoems #TamilKavithaikal #TamilLoveStory #PoetryInTamil #LoveInTamil #TamilRomanticQuotes #TamilInstaPoetry #TamilQuoteLovers #InstaKavithai #KadhalInstagram","Save this poem as your little love reminder to brighten your day. If it touched your heart, leave a ❤, and share it with someone who needs to hear this. Let's spread love... save it, share it!

இக்கவிதையை உங்கள் நாளை சிறப்பாக்கும் காதல் நினைவாக சேமியுங்கள். இதன் உணர்வுகள் உங்கள் இதயத்தை தழுவி இருந்தால், ❤ கொடுக்கவும், இதை உணர வேண்டியவருடன் பகிரவும். காதலை பரப்புவோம்... சேமியுங்கள், பகிருங்கள்!","Tamil, English",1758947400
28-09-2025 10:00,White,KadhalThinamThinam320.png,https://github.com/mr-php20/amiableWrites/blob/main/White/KadhalThinamThinam320.png?raw=true,"#amiablewrites #kadhalthinamthinam #meendumorkadhalmazhai #karpanaiyokadhalvasam #peachhouseperson #arivalan

#TamilKavithai #TamilPoetry #TamilLovePoems #KadhalKavithai #RomanticKavithai #TamilKadhal #KadhalPoetry #TamilQuotes #TamilKadhalKavithaigal #RomanticQuotes #TamilKavithaigal #TamilLoveQuotes #TamilSadQuotes #TamilThathuvangal #TamilKavidhai #TamilPoems #TamilKavithaikal #TamilLoveStory #PoetryInTamil #LoveInTamil #TamilRomanticQuotes #TamilInstaPoetry #TamilQuoteLovers #InstaKavithai #KadhalInstagram","Save this poem as your little love reminder to brighten your day. If it touched your heart, leave a ❤, and share it with someone who needs to hear this. Let's spread love... save it, share it!

இக்கவிதையை உங்கள் நாளை சிறப்பாக்கும் காதல் நினைவாக சேமியுங்கள். இதன் உணர்வுகள் உங்கள் இதயத்தை தழுவி இருந்தால், ❤ கொடுக்கவும், இதை உணர வேண்டியவருடன் பகிரவும். காதலை பரப்புவோம்... சேமியுங்கள், பகிருங்கள்!","Tamil, English",1759033800
29-09-2025 10:00,Black,KadhalThinamThinam353.png,https://github.com/mr-php20/amiableWrites/blob/main/Black/KadhalThinamThinam353.png?raw=true,"#amiablewrites #kadhalthinamthinam #meendumorkadhalmazhai #karpanaiyokadhalvasam #peachhouseperson #arivalan

#TamilKavithai #TamilPoetry #TamilLovePoems #KadhalKavithai #RomanticKavithai #TamilKadhal #KadhalPoetry #TamilQuotes #TamilKadhalKavithaigal #RomanticQuotes #TamilKavithaigal #TamilLoveQuotes #TamilSadQuotes #TamilThathuvangal #TamilKavidhai #TamilPoems #TamilKavithaikal #TamilLoveStory #PoetryInTamil #LoveInTamil #TamilRomanticQuotes #TamilInstaPoetry #TamilQuoteLovers #InstaKavithai #KadhalInstagram","Save this poem as your little love reminder to brighten your day. If it touched your heart, leave a ❤, and share it with someone who needs to hear this. Let's spread love... save it, share it!

இக்கவிதையை உங்கள் நாளை சிறப்பாக்கும் காதல் நினைவாக சேமியுங்கள். இதன் உணர்வுகள் உங்கள் இதயத்தை தழுவி இருந்தால், ❤ கொடுக்கவும், இதை உணர வேண்டியவருடன் பகிரவும். காதலை பரப்புவோம்... சேமியுங்கள், பகிருங்கள்!","Tamil, English",1759120200
30-09-2025 10:00,Color,0064_Green_KadhalThinamThinam297.png,https://github.com/mr-php20/amiableWrites/blob/main/Spectrum/0064_Green_KadhalThinamThinam297.png?raw=true,"#amiablewrites #kadhalthinamthinam #meendumorkadhalmazhai #karpanaiyokadhalvasam #peachhouseperson #arivalan

#TamilKavithai #TamilPoetry #TamilLovePoems #KadhalKavithai #RomanticKavithai #TamilKadhal #KadhalPoetry #TamilQuotes #TamilKadhalKavithaigal #RomanticQuotes #TamilKavithaigal #TamilLoveQuotes #TamilSadQuotes #TamilThathuvangal #TamilKavidhai #TamilPoems #TamilKavithaikal #TamilLoveStory #PoetryInTamil #LoveInTamil #TamilRomanticQuotes #TamilInstaPoetry #TamilQuoteLovers #InstaKavithai #KadhalInstagram","Save this poem as your little love reminder to brighten your day. If it touched your heart, leave a ❤, and share it with someone who needs to hear this. Let's spread love... save it, share it!

இக்கவிதையை உங்கள் நாளை சிறப்பாக்கும் காதல் நினைவாக சேமியுங்கள். இதன் உணர்வுகள் உங்கள் இதயத்தை தழுவி இருந்தால், ❤ கொடுக்கவும், இதை உணர வேண்டியவருடன் பகிரவும். காதலை பரப்புவோம்... சேமியுங்கள், பகிருங்கள்!","Tamil, English",1759206600
01-10-2025 10:00,White,KadhalThinamThinam329.png,https://github.com/mr-php20/amiableWrites/blob/main/White/KadhalThinamThinam329.png?raw=true,"#amiablewrites #kadhalthinamthinam #meendumorkadhalmazhai #karpanaiyokadhalvasam #peachhouseperson #arivalan

#TamilKavithai #TamilPoetry #TamilLovePoems #KadhalKavithai #RomanticKavithai #TamilKadhal #KadhalPoetry #TamilQuotes #TamilKadhalKavithaigal #RomanticQuotes #TamilKavithaigal #TamilLoveQuotes #TamilSadQuotes #TamilThathuvangal #TamilKavidhai #TamilPoems #TamilKavithaikal #TamilLoveStory #PoetryInTamil #LoveInTamil #TamilRomanticQuotes #TamilInstaPoetry #TamilQuoteLovers #InstaKavithai #KadhalInstagram","Save this poem as your little love reminder to brighten your day. If it touched your heart, leave a ❤, and share it with someone who needs to hear this. Let's spread love... save it, share it!

இக்கவிதையை உங்கள் நாளை சிறப்பாக்கும் காதல் நினைவாக சேமியுங்கள். இதன் உணர்வுகள் உங்கள் இதயத்தை தழுவி இருந்தால், ❤ கொடுக்கவும், இதை உணர வேண்டியவருடன் பகிரவும். காதலை பரப்புவோம்... சேமியுங்கள், பகிருங்கள்!","Tamil, English",1759293000
02-10-2025 10:00,Black,KadhalThinamThinam355.png,https://github.com/mr-php20/amiableWrites/blob/main/Black/KadhalThinamThinam355.png?raw=true,"#amiablewrites #kadhalthinamthinam #meendumorkadhalmazhai #karpanaiyokadhalvasam #peachhouseperson #arivalan

#TamilKavithai #TamilPoetry #TamilLovePoems #KadhalKavithai #RomanticKavithai #TamilKadhal #KadhalPoetry #TamilQuotes #TamilKadhalKavithaigal #RomanticQuotes #TamilKavithaigal #TamilLoveQuotes #TamilSadQuotes #TamilThathuvangal #TamilKavidhai #TamilPoems #TamilKavithaikal #TamilLoveStory #PoetryInTamil #LoveInTamil #TamilRomanticQuotes #TamilInstaPoetry #TamilQuoteLovers #InstaKavithai #KadhalInstagram","Save this poem as your little love reminder to brighten your day. If it touched your heart, leave a ❤, and share it with someone who needs to hear this. Let's spread love... save it, share it!

இக்கவிதையை உங்கள் நாளை சிறப்பாக்கும் காதல் நினைவாக சேமியுங்கள். இதன் உணர்வுகள் உங்கள் இதயத்தை தழுவி இருந்தால், ❤ கொடுக்கவும், இதை உணர வேண்டியவருடன் பகிரவும். காதலை பரப்புவோம்... சேமியுங்கள், பகிருங்கள்!","Tamil, English",1759379400
03-10-2025 10:00,Color,0065_Green_KadhalThinamThinam193.png,https://github.com/mr-php20/amiableWrites/blob/main/Spectrum/0065_Green_KadhalThinamThinam193.png?raw=true,"#amiablewrites #kadhalthinamthinam #meendumorkadhalmazhai #karpanaiyokadhalvasam #peachhouseperson #arivalan

#TamilKavithai #TamilPoetry #TamilLovePoems #KadhalKavithai #RomanticKavithai #TamilKadhal #KadhalPoetry #TamilQuotes #TamilKadhalKavithaigal #RomanticQuotes #TamilKavithaigal #TamilLoveQuotes #TamilSadQuotes #TamilThathuvangal #TamilKavidhai #TamilPoems #TamilKavithaikal #TamilLoveStory #PoetryInTamil #LoveInTamil #TamilRomanticQuotes #TamilInstaPoetry #TamilQuoteLovers #InstaKavithai #KadhalInstagram","Save this poem as your little love reminder to brighten your day. If it touched your heart, leave a ❤, and share it with someone who needs to hear this. Let's spread love... save it, share it!

இக்கவிதையை உங்கள் நாளை சிறப்பாக்கும் காதல் நினைவாக சேமியுங்கள். இதன் உணர்வுகள் உங்கள் இதயத்தை தழுவி இருந்தால், ❤ கொடுக்கவும், இதை உணர வேண்டியவருடன் பகிரவும். காதலை பரப்புவோம்... சேமியுங்கள், பகிருங்கள்!","Tamil, English",1759465800
04-10-2025 10:00,White,KadhalThinamThinam335.png,https://github.com/mr-php20/amiableWrites/blob/main/White/KadhalThinamThinam335.png?raw=true,"#amiablewrites #kadhalthinamthinam #meendumorkadhalmazhai #karpanaiyokadhalvasam #peachhouseperson #arivalan

#TamilKavithai #TamilPoetry #TamilLovePoems #KadhalKavithai #RomanticKavithai #TamilKadhal #KadhalPoetry #TamilQuotes #TamilKadhalKavithaigal #RomanticQuotes #TamilKavithaigal #TamilLoveQuotes #TamilSadQuotes #TamilThathuvangal #TamilKavidhai #TamilPoems #TamilKavithaikal #TamilLoveStory #PoetryInTamil #LoveInTamil #TamilRomanticQuotes #TamilInstaPoetry #TamilQuoteLovers #InstaKavithai #KadhalInstagram","Save this poem as your little love reminder to brighten your day. If it touched your heart, leave a ❤, and share it with someone who needs to hear this. Let's spread love... save it, share it!

இக்கவிதையை உங்கள் நாளை சிறப்பாக்கும் காதல் நினைவாக சேமியுங்கள். இதன் உணர்வுகள் உங்கள் இதயத்தை தழுவி இருந்தால், ❤ கொடுக்கவும், இதை உணர வேண்டியவருடன் பகிரவும். காதலை பரப்புவோம்... சேமியுங்கள், பகிருங்கள்!","Tamil, English",1759552200
05-10-2025 10:00,Black,KadhalThinamThinam362.png,https://github.com/mr-php20/amiableWrites/blob/main/Black/KadhalThinamThinam362.png?raw=true,"#amiablewrites #kadhalthinamthinam #meendumorkadhalmazhai #karpanaiyokadhalvasam #peachhouseperson #arivalan

#TamilKavithai #TamilPoetry #TamilLovePoems #KadhalKavithai #RomanticKavithai #TamilKadhal #KadhalPoetry #TamilQuotes #TamilKadhalKavithaigal #RomanticQuotes #TamilKavithaigal #TamilLoveQuotes #TamilSadQuotes #TamilThathuvangal #TamilKavidhai #TamilPoems #TamilKavithaikal #TamilLoveStory #PoetryInTamil #LoveInTamil #TamilRomanticQuotes #TamilInstaPoetry #TamilQuoteLovers #InstaKavithai #KadhalInstagram","Save this poem as your little love reminder to brighten your day. If it touched your heart, leave a ❤, and share it with someone who needs to hear this. Let's spread love... save it, share it!

இக்கவிதையை உங்கள் நாளை சிறப்பாக்கும் காதல் நினைவாக சேமியுங்கள். இதன் உணர்வுகள் உங்கள் இதயத்தை தழுவி இருந்தால், ❤ கொடுக்கவும், இதை உணர வேண்டியவருடன் பகிரவும். காதலை பரப்புவோம்... சேமியுங்கள், பகிருங்கள்!","Tamil, English",1759638600
06-10-2025 10:00,Color,0066_Green_KadhalThinamThinam173.png,https://github.com/mr-php20/amiableWrites/blob/main/Spectrum/0066_Green_KadhalThinamThinam173.png?raw=true,"#amiablewrites #kadhalthinamthinam #meendumorkadhalmazhai #karpanaiyokadhalvasam #peachhouseperson #arivalan

#TamilKavithai #TamilPoetry #TamilLovePoems #KadhalKavithai #RomanticKavithai #TamilKadhal #KadhalPoetry #TamilQuotes #TamilKadhalKavithaigal #RomanticQuotes #TamilKavithaigal #TamilLoveQuotes #TamilSadQuotes #TamilThathuvangal #TamilKavidhai #TamilPoems #TamilKavithaikal #TamilLoveStory #PoetryInTamil #LoveInTamil #TamilRomanticQuotes #TamilInstaPoetry #TamilQuoteLovers #InstaKavithai #KadhalInstagram","Save this poem as your little love reminder to brighten your day. If it touched your heart, leave a ❤, and share it with someone who needs to hear this. Let's spread love... save it, share it!

இக்கவிதையை உங்கள் நாளை சிறப்பாக்கும் காதல் நினைவாக சேமியுங்கள். இதன் உணர்வுகள் உங்கள் இதயத்தை தழுவி இருந்தால், ❤ கொடுக்கவும், இதை உணர வேண்டியவருடன் பகிரவும். காதலை பரப்புவோம்... சேமியுங்கள், பகிருங்கள்!","Tamil, English",1759725000
07-10-2025 10:00,White,KadhalThinamThinam344.png,https://github.com/mr-php20/amiableWrites/blob/main/White/KadhalThinamThinam344.png?raw=true,"#amiablewrites #kadhalthinamthinam #meendumorkadhalmazhai #karpanaiyokadhalvasam #peachhouseperson #arivalan

#TamilKavithai #TamilPoetry #TamilLovePoems #KadhalKavithai #RomanticKavithai #TamilKadhal #KadhalPoetry #TamilQuotes #TamilKadhalKavithaigal #RomanticQuotes #TamilKavithaigal #TamilLoveQuotes #TamilSadQuotes #TamilThathuvangal #TamilKavidhai #TamilPoems #TamilKavithaikal #TamilLoveStory #PoetryInTamil #LoveInTamil #TamilRomanticQuotes #TamilInstaPoetry #TamilQuoteLovers #InstaKavithai #KadhalInstagram","Save this poem as your little love reminder to brighten your day. If it touched your heart, leave a ❤, and share it with someone who needs to hear this. Let's spread love... save it, share it!

இக்கவிதையை உங்கள் நாளை சிறப்பாக்கும் காதல் நினைவாக சேமியுங்கள். இதன் உணர்வுகள் உங்கள் இதயத்தை தழுவி இருந்தால், ❤ கொடுக்கவும், இதை உணர வேண்டியவருடன் பகிரவும். காதலை பரப்புவோம்... சேமியுங்கள், பகிருங்கள்!","Tamil, English",1759811400
08-10-2025 10:00,Black,KadhalThinamThinam365.png,https://github.com/mr-php20/amiableWrites/blob/main/Black/KadhalThinamThinam365.png?raw=true,"#amiablewrites #kadhalthinamthinam #meendumorkadhalmazhai #karpanaiyokadhalvasam #peachhouseperson #arivalan

#TamilKavithai #TamilPoetry #TamilLovePoems #KadhalKavithai #RomanticKavithai #TamilKadhal #KadhalPoetry #TamilQuotes #TamilKadhalKavithaigal #RomanticQuotes #TamilKavithaigal #TamilLoveQuotes #TamilSadQuotes #TamilThathuvangal #TamilKavidhai #TamilPoems #TamilKavithaikal #TamilLoveStory #PoetryInTamil #LoveInTamil #TamilRomanticQuotes #TamilInstaPoetry #TamilQuoteLovers #InstaKavithai #KadhalInstagram","Save this poem as your little love reminder to brighten your day. If it touched your heart, leave a ❤, and share it with someone who needs to hear this. Let's spread love... save it, share it!

இக்கவிதையை உங்கள் நாளை சிறப்பாக்கும் காதல் நினைவாக சேமியுங்கள். இதன் உணர்வுகள் உங்கள் இதயத்தை தழுவி இருந்தால், ❤ கொடுக்கவும், இதை உணர வேண்டியவருடன் பகிரவும். காதலை பரப்புவோம்... சேமியுங்கள், பகிருங்கள்!","Tamil, English",1759897800
09-10-2025 10:00,Color,0067_Yellow_KadhalThinamThinam211.png,https://github.com/mr-php20/amiableWrites/blob/main/Spectrum/0067_Yellow_KadhalThinamThinam211.png?raw=true,"#amiablewrites #kadhalthinamthinam #meendumorkadhalmazhai #karpanaiyokadhalvasam #peachhouseperson #arivalan

#TamilKavithai #TamilPoetry #TamilLovePoems #KadhalKavithai #RomanticKavithai #TamilKadhal #KadhalPoetry #TamilQuotes #TamilKadhalKavithaigal #RomanticQuotes #TamilKavithaigal #TamilLoveQuotes #TamilSadQuotes #TamilThathuvangal #TamilKavidhai #TamilPoems #TamilKavithaikal #TamilLoveStory #PoetryInTamil #LoveInTamil #TamilRomanticQuotes #TamilInstaPoetry #TamilQuoteLovers #InstaKavithai #KadhalInstagram","Save this poem as your little love reminder to brighten your day. If it touched your heart, leave a ❤, and share it with someone who needs to hear this. Let's spread love... save it, share it!

இக்கவிதையை உங்கள் நாளை சிறப்பாக்கும் காதல் நினைவாக சேமியுங்கள். இதன் உணர்வுகள் உங்கள் இதயத்தை தழுவி இருந்தால், ❤ கொடுக்கவும், இதை உணர வேண்டியவருடன் பகிரவும். காதலை பரப்புவோம்... சேமியுங்கள், பகிருங்கள்!","Tamil, English",1759984200
