Date,Category,Filename,Filepath,GitHub_URL,Hashtags,Caption,CustomCaption,Languages,Publish_Timestamp
2025-03-20 18:00:00,White,KadhalThinamThinam008.png,f:\Quotes\InstaAutomation\KadhalThinamThinamInsta\White\KadhalThinamThinam008.png,https://raw.githubusercontent.com/mr-php20/amiableWrites/refs/heads/main/White/KadhalThinamThinam008.png,"#amiablewrites #kadhalthinamthinam #meendumorkadhalmazhai #karpanaiyokadhalvasam #peachhouseperson #Arivalan

#TamilKavithai #TamilPoetry #TamilLovePoems #KadhalKavithai #RomanticKavithai #TamilKadhal #TamilQuotes #TamilKadhalKavithaigal #RomanticQuotes #TamilKavithaigal #TamilLoveQuotes #TamilSadQuotes #TamilThathuvangal #TamilKavidhai #TamilPoems #TamilKavithaikal #TamilLoveStory #PoetryInTamil #LoveInTamil #TamilRomanticQuotes #TamilInstaPoetry #TamilQuoteLovers #InstaKavithai #KadhalInstagram","Save this poem as your little love reminder to brighten your day. If it touched your heart, leave a ❤, and share it with someone who needs to hear this. Let's spread love... save it, share it!

இக்கவிதையை உங்கள் நாளை சிறப்பாக்கும் காதல் நினைவாக சேமியுங்கள். இதன் உணர்வுகள் உங்கள் இதயத்தை தழுவி இருந்தால், ❤ கொடுக்கவும், இதை உணர வேண்டியவருடன் பகிரவும். காதலை பரப்புவோம்... சேமியுங்கள், பகிருங்கள்!",,"Tamil, English",1742473800
2025-03-21 18:00:00,Black,KadhalThinamThinam041.png,f:\Quotes\InstaAutomation\KadhalThinamThinamInsta\Black\KadhalThinamThinam041.png,https://raw.githubusercontent.com/mr-php20/amiableWrites/refs/heads/main/Black/KadhalThinamThinam041.png,"#amiablewrites #kadhalthinamthinam #meendumorkadhalmazhai #karpanaiyokadhalvasam #peachhouseperson #Arivalan

#TamilKavithai #TamilPoetry #TamilLovePoems #KadhalKavithai #RomanticKavithai #TamilKadhal #TamilQuotes #TamilKadhalKavithaigal #RomanticQuotes #TamilKavithaigal #TamilLoveQuotes #TamilSadQuotes #TamilThathuvangal #TamilKavidhai #TamilPoems #TamilKavithaikal #TamilLoveStory #PoetryInTamil #LoveInTamil #TamilRomanticQuotes #TamilInstaPoetry #TamilQuoteLovers #InstaKavithai #KadhalInstagram","Save this poem as your little love reminder to brighten your day. If it touched your heart, leave a ❤, and share it with someone who needs to hear this. Let's spread love... save it, share it!

இக்கவிதையை உங்கள் நாளை சிறப்பாக்கும் காதல் நினைவாக சேமியுங்கள். இதன் உணர்வுகள் உங்கள் இதயத்தை தழுவி இருந்தால், ❤ கொடுக்கவும், இதை உணர வேண்டியவருடன் பகிரவும். காதலை பரப்புவோம்... சேமியுங்கள், பகிருங்கள்!",,"Tamil, English",1742560200
2025-03-22 18:00:00,Color,0000_Violet_KadhalThinamThinam203.png,f:\Quotes\InstaAutomation\KadhalThinamThinamInsta\Spectrum\0000_Violet_KadhalThinamThinam203.png,https://raw.githubusercontent.com/mr-php20/amiableWrites/refs/heads/main/Spectrum/0000_Violet_KadhalThinamThinam203.png,"#amiablewrites #kadhalthinamthinam #meendumorkadhalmazhai #karpanaiyokadhalvasam #peachhouseperson #Arivalan

#TamilKavithai #TamilPoetry #TamilLovePoems #KadhalKavithai #RomanticKavithai #TamilKadhal #TamilQuotes #TamilKadhalKavithaigal #RomanticQuotes #TamilKavithaigal #TamilLoveQuotes #TamilSadQuotes #TamilThathuvangal #TamilKavidhai #TamilPoems #TamilKavithaikal #TamilLoveStory #PoetryInTamil #LoveInTamil #TamilRomanticQuotes #TamilInstaPoetry #TamilQuoteLovers #InstaKavithai #KadhalInstagram","Save this poem as your little love reminder to brighten your day. If it touched your heart, leave a ❤, and share it with someone who needs to hear this. Let's spread love... save it, share it!

இக்கவிதையை உங்கள் நாளை சிறப்பாக்கும் காதல் நினைவாக சேமியுங்கள். இதன் உணர்வுகள் உங்கள் இதயத்தை தழுவி இருந்தால், ❤ கொடுக்கவும், இதை உணர வேண்டியவருடன் பகிரவும். காதலை பரப்புவோம்... சேமியுங்கள், பகிருங்கள்!",,"Tamil, English",1742646600
2025-03-23 18:00:00,White,KadhalThinamThinam084.png,f:\Quotes\InstaAutomation\KadhalThinamThinamInsta\White\KadhalThinamThinam084.png,https://raw.githubusercontent.com/mr-php20/amiableWrites/refs/heads/main/White/KadhalThinamThinam084.png,"#amiablewrites #kadhalthinamthinam #meendumorkadhalmazhai #karpanaiyokadhalvasam #peachhouseperson #Arivalan

#TamilKavithai #TamilPoetry #TamilLovePoems #KadhalKavithai #RomanticKavithai #TamilKadhal #TamilQuotes #TamilKadhalKavithaigal #RomanticQuotes #TamilKavithaigal #TamilLoveQuotes #TamilSadQuotes #TamilThathuvangal #TamilKavidhai #TamilPoems #TamilKavithaikal #TamilLoveStory #PoetryInTamil #LoveInTamil #TamilRomanticQuotes #TamilInstaPoetry #TamilQuoteLovers #InstaKavithai #KadhalInstagram","Save this poem as your little love reminder to brighten your day. If it touched your heart, leave a ❤, and share it with someone who needs to hear this. Let's spread love... save it, share it!

இக்கவிதையை உங்கள் நாளை சிறப்பாக்கும் காதல் நினைவாக சேமியுங்கள். இதன் உணர்வுகள் உங்கள் இதயத்தை தழுவி இருந்தால், ❤ கொடுக்கவும், இதை உணர வேண்டியவருடன் பகிரவும். காதலை பரப்புவோம்... சேமியுங்கள், பகிருங்கள்!",,"Tamil, English",1742733000
2025-03-24 18:00:00,Black,KadhalThinamThinam076.png,f:\Quotes\InstaAutomation\KadhalThinamThinamInsta\Black\KadhalThinamThinam076.png,https://raw.githubusercontent.com/mr-php20/amiableWrites/refs/heads/main/Black/KadhalThinamThinam076.png,"#amiablewrites #kadhalthinamthinam #meendumorkadhalmazhai #karpanaiyokadhalvasam #peachhouseperson #Arivalan

#TamilKavithai #TamilPoetry #TamilLovePoems #KadhalKavithai #RomanticKavithai #TamilKadhal #TamilQuotes #TamilKadhalKavithaigal #RomanticQuotes #TamilKavithaigal #TamilLoveQuotes #TamilSadQuotes #TamilThathuvangal #TamilKavidhai #TamilPoems #TamilKavithaikal #TamilLoveStory #PoetryInTamil #LoveInTamil #TamilRomanticQuotes #TamilInstaPoetry #TamilQuoteLovers #InstaKavithai #KadhalInstagram","Save this poem as your little love reminder to brighten your day. If it touched your heart, leave a ❤, and share it with someone who needs to hear this. Let's spread love... save it, share it!

இக்கவிதையை உங்கள் நாளை சிறப்பாக்கும் காதல் நினைவாக சேமியுங்கள். இதன் உணர்வுகள் உங்கள் இதயத்தை தழுவி இருந்தால், ❤ கொடுக்கவும், இதை உணர வேண்டியவருடன் பகிரவும். காதலை பரப்புவோம்... சேமியுங்கள், பகிருங்கள்!",,"Tamil, English",1742819400
2025-03-25 18:00:00,Color,0001_Violet_KadhalThinamThinam295.png,f:\Quotes\InstaAutomation\KadhalThinamThinamInsta\Spectrum\0001_Violet_KadhalThinamThinam295.png,https://raw.githubusercontent.com/mr-php20/amiableWrites/refs/heads/main/Spectrum/0001_Violet_KadhalThinamThinam295.png,"#amiablewrites #kadhalthinamthinam #meendumorkadhalmazhai #karpanaiyokadhalvasam #peachhouseperson #Arivalan

#TamilKavithai #TamilPoetry #TamilLovePoems #KadhalKavithai #RomanticKavithai #TamilKadhal #TamilQuotes #TamilKadhalKavithaigal #RomanticQuotes #TamilKavithaigal #TamilLoveQuotes #TamilSadQuotes #TamilThathuvangal #TamilKavidhai #TamilPoems #TamilKavithaikal #TamilLoveStory #PoetryInTamil #LoveInTamil #TamilRomanticQuotes #TamilInstaPoetry #TamilQuoteLovers #InstaKavithai #KadhalInstagram","Save this poem as your little love reminder to brighten your day. If it touched your heart, leave a ❤, and share it with someone who needs to hear this. Let's spread love... save it, share it!

இக்கவிதையை உங்கள் நாளை சிறப்பாக்கும் காதல் நினைவாக சேமியுங்கள். இதன் உணர்வுகள் உங்கள் இதயத்தை தழுவி இருந்தால், ❤ கொடுக்கவும், இதை உணர வேண்டியவருடன் பகிரவும். காதலை பரப்புவோம்... சேமியுங்கள், பகிருங்கள்!",,"Tamil, English",1742905800
2025-03-26 18:00:00,White,KadhalThinamThinam089.png,f:\Quotes\InstaAutomation\KadhalThinamThinamInsta\White\KadhalThinamThinam089.png,https://raw.githubusercontent.com/mr-php20/amiableWrites/refs/heads/main/White/KadhalThinamThinam089.png,"#amiablewrites #kadhalthinamthinam #meendumorkadhalmazhai #karpanaiyokadhalvasam #peachhouseperson #Arivalan

#TamilKavithai #TamilPoetry #TamilLovePoems #KadhalKavithai #RomanticKavithai #TamilKadhal #TamilQuotes #TamilKadhalKavithaigal #RomanticQuotes #TamilKavithaigal #TamilLoveQuotes #TamilSadQuotes #TamilThathuvangal #TamilKavidhai #TamilPoems #TamilKavithaikal #TamilLoveStory #PoetryInTamil #LoveInTamil #TamilRomanticQuotes #TamilInstaPoetry #TamilQuoteLovers #InstaKavithai #KadhalInstagram","Save this poem as your little love reminder to brighten your day. If it touched your heart, leave a ❤, and share it with someone who needs to hear this. Let's spread love... save it, share it!

இக்கவிதையை உங்கள் நாளை சிறப்பாக்கும் காதல் நினைவாக சேமியுங்கள். இதன் உணர்வுகள் உங்கள் இதயத்தை தழுவி இருந்தால், ❤ கொடுக்கவும், இதை உணர வேண்டியவருடன் பகிரவும். காதலை பரப்புவோம்... சேமியுங்கள், பகிருங்கள்!",,"Tamil, English",1742992200
2025-03-27 18:00:00,Black,KadhalThinamThinam079.png,f:\Quotes\InstaAutomation\KadhalThinamThinamInsta\Black\KadhalThinamThinam079.png,https://raw.githubusercontent.com/mr-php20/amiableWrites/refs/heads/main/Black/KadhalThinamThinam079.png,"#amiablewrites #kadhalthinamthinam #meendumorkadhalmazhai #karpanaiyokadhalvasam #peachhouseperson #Arivalan

#TamilKavithai #TamilPoetry #TamilLovePoems #KadhalKavithai #RomanticKavithai #TamilKadhal #TamilQuotes #TamilKadhalKavithaigal #RomanticQuotes #TamilKavithaigal #TamilLoveQuotes #TamilSadQuotes #TamilThathuvangal #TamilKavidhai #TamilPoems #TamilKavithaikal #TamilLoveStory #PoetryInTamil #LoveInTamil #TamilRomanticQuotes #TamilInstaPoetry #TamilQuoteLovers #InstaKavithai #KadhalInstagram","Save this poem as your little love reminder to brighten your day. If it touched your heart, leave a ❤, and share it with someone who needs to hear this. Let's spread love... save it, share it!

இக்கவிதையை உங்கள் நாளை சிறப்பாக்கும் காதல் நினைவாக சேமியுங்கள். இதன் உணர்வுகள் உங்கள் இதயத்தை தழுவி இருந்தால், ❤ கொடுக்கவும், இதை உணர வேண்டியவருடன் பகிரவும். காதலை பரப்புவோம்... சேமியுங்கள், பகிருங்கள்!",,"Tamil, English",1743078600
2025-03-28 18:00:00,Color,0002_Violet_KadhalThinamThinam129.png,f:\Quotes\InstaAutomation\KadhalThinamThinamInsta\Spectrum\0002_Violet_KadhalThinamThinam129.png,https://raw.githubusercontent.com/mr-php20/amiableWrites/refs/heads/main/Spectrum/0002_Violet_KadhalThinamThinam129.png,"#amiablewrites #kadhalthinamthinam #meendumorkadhalmazhai #karpanaiyokadhalvasam #peachhouseperson #Arivalan

#TamilKavithai #TamilPoetry #TamilLovePoems #KadhalKavithai #RomanticKavithai #TamilKadhal #TamilQuotes #TamilKadhalKavithaigal #RomanticQuotes #TamilKavithaigal #TamilLoveQuotes #TamilSadQuotes #TamilThathuvangal #TamilKavidhai #TamilPoems #TamilKavithaikal #TamilLoveStory #PoetryInTamil #LoveInTamil #TamilRomanticQuotes #TamilInstaPoetry #TamilQuoteLovers #InstaKavithai #KadhalInstagram","Save this poem as your little love reminder to brighten your day. If it touched your heart, leave a ❤, and share it with someone who needs to hear this. Let's spread love... save it, share it!

இக்கவிதையை உங்கள் நாளை சிறப்பாக்கும் காதல் நினைவாக சேமியுங்கள். இதன் உணர்வுகள் உங்கள் இதயத்தை தழுவி இருந்தால், ❤ கொடுக்கவும், இதை உணர வேண்டியவருடன் பகிரவும். காதலை பரப்புவோம்... சேமியுங்கள், பகிருங்கள்!",,"Tamil, English",1743165000
2025-03-29 18:00:00,White,KadhalThinamThinam091.png,f:\Quotes\InstaAutomation\KadhalThinamThinamInsta\White\KadhalThinamThinam091.png,https://raw.githubusercontent.com/mr-php20/amiableWrites/refs/heads/main/White/KadhalThinamThinam091.png,"#amiablewrites #kadhalthinamthinam #meendumorkadhalmazhai #karpanaiyokadhalvasam #peachhouseperson #Arivalan

#TamilKavithai #TamilPoetry #TamilLovePoems #KadhalKavithai #RomanticKavithai #TamilKadhal #TamilQuotes #TamilKadhalKavithaigal #RomanticQuotes #TamilKavithaigal #TamilLoveQuotes #TamilSadQuotes #TamilThathuvangal #TamilKavidhai #TamilPoems #TamilKavithaikal #TamilLoveStory #PoetryInTamil #LoveInTamil #TamilRomanticQuotes #TamilInstaPoetry #TamilQuoteLovers #InstaKavithai #KadhalInstagram","Save this poem as your little love reminder to brighten your day. If it touched your heart, leave a ❤, and share it with someone who needs to hear this. Let's spread love... save it, share it!

இக்கவிதையை உங்கள் நாளை சிறப்பாக்கும் காதல் நினைவாக சேமியுங்கள். இதன் உணர்வுகள் உங்கள் இதயத்தை தழுவி இருந்தால், ❤ கொடுக்கவும், இதை உணர வேண்டியவருடன் பகிரவும். காதலை பரப்புவோம்... சேமியுங்கள், பகிருங்கள்!",,"Tamil, English",1743251400
2025-03-30 18:00:00,Black,KadhalThinamThinam085.png,f:\Quotes\InstaAutomation\KadhalThinamThinamInsta\Black\KadhalThinamThinam085.png,https://raw.githubusercontent.com/mr-php20/amiableWrites/refs/heads/main/Black/KadhalThinamThinam085.png,"#amiablewrites #kadhalthinamthinam #meendumorkadhalmazhai #karpanaiyokadhalvasam #peachhouseperson #Arivalan

#TamilKavithai #TamilPoetry #TamilLovePoems #KadhalKavithai #RomanticKavithai #TamilKadhal #TamilQuotes #TamilKadhalKavithaigal #RomanticQuotes #TamilKavithaigal #TamilLoveQuotes #TamilSadQuotes #TamilThathuvangal #TamilKavidhai #TamilPoems #TamilKavithaikal #TamilLoveStory #PoetryInTamil #LoveInTamil #TamilRomanticQuotes #TamilInstaPoetry #TamilQuoteLovers #InstaKavithai #KadhalInstagram","Save this poem as your little love reminder to brighten your day. If it touched your heart, leave a ❤, and share it with someone who needs to hear this. Let's spread love... save it, share it!

இக்கவிதையை உங்கள் நாளை சிறப்பாக்கும் காதல் நினைவாக சேமியுங்கள். இதன் உணர்வுகள் உங்கள் இதயத்தை தழுவி இருந்தால், ❤ கொடுக்கவும், இதை உணர வேண்டியவருடன் பகிரவும். காதலை பரப்புவோம்... சேமியுங்கள், பகிருங்கள்!",,"Tamil, English",1743337800
2025-03-31 18:00:00,Color,0003_Indigo_KadhalThinamThinam354.png,f:\Quotes\InstaAutomation\KadhalThinamThinamInsta\Spectrum\0003_Indigo_KadhalThinamThinam354.png,https://raw.githubusercontent.com/mr-php20/amiableWrites/refs/heads/main/Spectrum/0003_Indigo_KadhalThinamThinam354.png,"#amiablewrites #kadhalthinamthinam #meendumorkadhalmazhai #karpanaiyokadhalvasam #peachhouseperson #Arivalan

#TamilKavithai #TamilPoetry #TamilLovePoems #KadhalKavithai #RomanticKavithai #TamilKadhal #TamilQuotes #TamilKadhalKavithaigal #RomanticQuotes #TamilKavithaigal #TamilLoveQuotes #TamilSadQuotes #TamilThathuvangal #TamilKavidhai #TamilPoems #TamilKavithaikal #TamilLoveStory #PoetryInTamil #LoveInTamil #TamilRomanticQuotes #TamilInstaPoetry #TamilQuoteLovers #InstaKavithai #KadhalInstagram","Save this poem as your little love reminder to brighten your day. If it touched your heart, leave a ❤, and share it with someone who needs to hear this. Let's spread love... save it, share it!

இக்கவிதையை உங்கள் நாளை சிறப்பாக்கும் காதல் நினைவாக சேமியுங்கள். இதன் உணர்வுகள் உங்கள் இதயத்தை தழுவி இருந்தால், ❤ கொடுக்கவும், இதை உணர வேண்டியவருடன் பகிரவும். காதலை பரப்புவோம்... சேமியுங்கள், பகிருங்கள்!",,"Tamil, English",1743424200
2025-04-01 18:00:00,White,KadhalThinamThinam096.png,f:\Quotes\InstaAutomation\KadhalThinamThinamInsta\White\KadhalThinamThinam096.png,https://raw.githubusercontent.com/mr-php20/amiableWrites/refs/heads/main/White/KadhalThinamThinam096.png,"#amiablewrites #kadhalthinamthinam #meendumorkadhalmazhai #karpanaiyokadhalvasam #peachhouseperson #Arivalan

#TamilKavithai #TamilPoetry #TamilLovePoems #KadhalKavithai #RomanticKavithai #TamilKadhal #TamilQuotes #TamilKadhalKavithaigal #RomanticQuotes #TamilKavithaigal #TamilLoveQuotes #TamilSadQuotes #TamilThathuvangal #TamilKavidhai #TamilPoems #TamilKavithaikal #TamilLoveStory #PoetryInTamil #LoveInTamil #TamilRomanticQuotes #TamilInstaPoetry #TamilQuoteLovers #InstaKavithai #KadhalInstagram","Save this poem as your little love reminder to brighten your day. If it touched your heart, leave a ❤, and share it with someone who needs to hear this. Let's spread love... save it, share it!

இக்கவிதையை உங்கள் நாளை சிறப்பாக்கும் காதல் நினைவாக சேமியுங்கள். இதன் உணர்வுகள் உங்கள் இதயத்தை தழுவி இருந்தால், ❤ கொடுக்கவும், இதை உணர வேண்டியவருடன் பகிரவும். காதலை பரப்புவோம்... சேமியுங்கள், பகிருங்கள்!",,"Tamil, English",1743510600
2025-04-02 18:00:00,Black,KadhalThinamThinam088.png,f:\Quotes\InstaAutomation\KadhalThinamThinamInsta\Black\KadhalThinamThinam088.png,https://raw.githubusercontent.com/mr-php20/amiableWrites/refs/heads/main/Black/KadhalThinamThinam088.png,"#amiablewrites #kadhalthinamthinam #meendumorkadhalmazhai #karpanaiyokadhalvasam #peachhouseperson #Arivalan

#TamilKavithai #TamilPoetry #TamilLovePoems #KadhalKavithai #RomanticKavithai #TamilKadhal #TamilQuotes #TamilKadhalKavithaigal #RomanticQuotes #TamilKavithaigal #TamilLoveQuotes #TamilSadQuotes #TamilThathuvangal #TamilKavidhai #TamilPoems #TamilKavithaikal #TamilLoveStory #PoetryInTamil #LoveInTamil #TamilRomanticQuotes #TamilInstaPoetry #TamilQuoteLovers #InstaKavithai #KadhalInstagram","Save this poem as your little love reminder to brighten your day. If it touched your heart, leave a ❤, and share it with someone who needs to hear this. Let's spread love... save it, share it!

இக்கவிதையை உங்கள் நாளை சிறப்பாக்கும் காதல் நினைவாக சேமியுங்கள். இதன் உணர்வுகள் உங்கள் இதயத்தை தழுவி இருந்தால், ❤ கொடுக்கவும், இதை உணர வேண்டியவருடன் பகிரவும். காதலை பரப்புவோம்... சேமியுங்கள், பகிருங்கள்!",,"Tamil, English",1743597000
2025-04-03 18:00:00,Color,0004_Indigo_KadhalThinamThinam339.png,f:\Quotes\InstaAutomation\KadhalThinamThinamInsta\Spectrum\0004_Indigo_KadhalThinamThinam339.png,https://raw.githubusercontent.com/mr-php20/amiableWrites/refs/heads/main/Spectrum/0004_Indigo_KadhalThinamThinam339.png,"#amiablewrites #kadhalthinamthinam #meendumorkadhalmazhai #karpanaiyokadhalvasam #peachhouseperson #Arivalan

#TamilKavithai #TamilPoetry #TamilLovePoems #KadhalKavithai #RomanticKavithai #TamilKadhal #TamilQuotes #TamilKadhalKavithaigal #RomanticQuotes #TamilKavithaigal #TamilLoveQuotes #TamilSadQuotes #TamilThathuvangal #TamilKavidhai #TamilPoems #TamilKavithaikal #TamilLoveStory #PoetryInTamil #LoveInTamil #TamilRomanticQuotes #TamilInstaPoetry #TamilQuoteLovers #InstaKavithai #KadhalInstagram","Save this poem as your little love reminder to brighten your day. If it touched your heart, leave a ❤, and share it with someone who needs to hear this. Let's spread love... save it, share it!

இக்கவிதையை உங்கள் நாளை சிறப்பாக்கும் காதல் நினைவாக சேமியுங்கள். இதன் உணர்வுகள் உங்கள் இதயத்தை தழுவி இருந்தால், ❤ கொடுக்கவும், இதை உணர வேண்டியவருடன் பகிரவும். காதலை பரப்புவோம்... சேமியுங்கள், பகிருங்கள்!",,"Tamil, English",1743683400
2025-04-04 18:00:00,White,KadhalThinamThinam099.png,f:\Quotes\InstaAutomation\KadhalThinamThinamInsta\White\KadhalThinamThinam099.png,https://raw.githubusercontent.com/mr-php20/amiableWrites/refs/heads/main/White/KadhalThinamThinam099.png,"#amiablewrites #kadhalthinamthinam #meendumorkadhalmazhai #karpanaiyokadhalvasam #peachhouseperson #Arivalan

#TamilKavithai #TamilPoetry #TamilLovePoems #KadhalKavithai #RomanticKavithai #TamilKadhal #TamilQuotes #TamilKadhalKavithaigal #RomanticQuotes #TamilKavithaigal #TamilLoveQuotes #TamilSadQuotes #TamilThathuvangal #TamilKavidhai #TamilPoems #TamilKavithaikal #TamilLoveStory #PoetryInTamil #LoveInTamil #TamilRomanticQuotes #TamilInstaPoetry #TamilQuoteLovers #InstaKavithai #KadhalInstagram","Save this poem as your little love reminder to brighten your day. If it touched your heart, leave a ❤, and share it with someone who needs to hear this. Let's spread love... save it, share it!

இக்கவிதையை உங்கள் நாளை சிறப்பாக்கும் காதல் நினைவாக சேமியுங்கள். இதன் உணர்வுகள் உங்கள் இதயத்தை தழுவி இருந்தால், ❤ கொடுக்கவும், இதை உணர வேண்டியவருடன் பகிரவும். காதலை பரப்புவோம்... சேமியுங்கள், பகிருங்கள்!",,"Tamil, English",1743769800
2025-04-05 18:00:00,Black,KadhalThinamThinam090.png,f:\Quotes\InstaAutomation\KadhalThinamThinamInsta\Black\KadhalThinamThinam090.png,https://raw.githubusercontent.com/mr-php20/amiableWrites/refs/heads/main/Black/KadhalThinamThinam090.png,"#amiablewrites #kadhalthinamthinam #meendumorkadhalmazhai #karpanaiyokadhalvasam #peachhouseperson #Arivalan

#TamilKavithai #TamilPoetry #TamilLovePoems #KadhalKavithai #RomanticKavithai #TamilKadhal #TamilQuotes #TamilKadhalKavithaigal #RomanticQuotes #TamilKavithaigal #TamilLoveQuotes #TamilSadQuotes #TamilThathuvangal #TamilKavidhai #TamilPoems #TamilKavithaikal #TamilLoveStory #PoetryInTamil #LoveInTamil #TamilRomanticQuotes #TamilInstaPoetry #TamilQuoteLovers #InstaKavithai #KadhalInstagram","Save this poem as your little love reminder to brighten your day. If it touched your heart, leave a ❤, and share it with someone who needs to hear this. Let's spread love... save it, share it!

இக்கவிதையை உங்கள் நாளை சிறப்பாக்கும் காதல் நினைவாக சேமியுங்கள். இதன் உணர்வுகள் உங்கள் இதயத்தை தழுவி இருந்தால், ❤ கொடுக்கவும், இதை உணர வேண்டியவருடன் பகிரவும். காதலை பரப்புவோம்... சேமியுங்கள், பகிருங்கள்!",,"Tamil, English",1743856200
2025-04-06 18:00:00,Color,0005_Indigo_KadhalThinamThinam163.png,f:\Quotes\InstaAutomation\KadhalThinamThinamInsta\Spectrum\0005_Indigo_KadhalThinamThinam163.png,https://raw.githubusercontent.com/mr-php20/amiableWrites/refs/heads/main/Spectrum/0005_Indigo_KadhalThinamThinam163.png,"#amiablewrites #kadhalthinamthinam #meendumorkadhalmazhai #karpanaiyokadhalvasam #peachhouseperson #Arivalan

#TamilKavithai #TamilPoetry #TamilLovePoems #KadhalKavithai #RomanticKavithai #TamilKadhal #TamilQuotes #TamilKadhalKavithaigal #RomanticQuotes #TamilKavithaigal #TamilLoveQuotes #TamilSadQuotes #TamilThathuvangal #TamilKavidhai #TamilPoems #TamilKavithaikal #TamilLoveStory #PoetryInTamil #LoveInTamil #TamilRomanticQuotes #TamilInstaPoetry #TamilQuoteLovers #InstaKavithai #KadhalInstagram","Save this poem as your little love reminder to brighten your day. If it touched your heart, leave a ❤, and share it with someone who needs to hear this. Let's spread love... save it, share it!

இக்கவிதையை உங்கள் நாளை சிறப்பாக்கும் காதல் நினைவாக சேமியுங்கள். இதன் உணர்வுகள் உங்கள் இதயத்தை தழுவி இருந்தால், ❤ கொடுக்கவும், இதை உணர வேண்டியவருடன் பகிரவும். காதலை பரப்புவோம்... சேமியுங்கள், பகிருங்கள்!",,"Tamil, English",1743942600
2025-04-07 18:00:00,White,KadhalThinamThinam105.png,f:\Quotes\InstaAutomation\KadhalThinamThinamInsta\White\KadhalThinamThinam105.png,https://raw.githubusercontent.com/mr-php20/amiableWrites/refs/heads/main/White/KadhalThinamThinam105.png,"#amiablewrites #kadhalthinamthinam #meendumorkadhalmazhai #karpanaiyokadhalvasam #peachhouseperson #Arivalan

#TamilKavithai #TamilPoetry #TamilLovePoems #KadhalKavithai #RomanticKavithai #TamilKadhal #TamilQuotes #TamilKadhalKavithaigal #RomanticQuotes #TamilKavithaigal #TamilLoveQuotes #TamilSadQuotes #TamilThathuvangal #TamilKavidhai #TamilPoems #TamilKavithaikal #TamilLoveStory #PoetryInTamil #LoveInTamil #TamilRomanticQuotes #TamilInstaPoetry #TamilQuoteLovers #InstaKavithai #KadhalInstagram","Save this poem as your little love reminder to brighten your day. If it touched your heart, leave a ❤, and share it with someone who needs to hear this. Let's spread love... save it, share it!

இக்கவிதையை உங்கள் நாளை சிறப்பாக்கும் காதல் நினைவாக சேமியுங்கள். இதன் உணர்வுகள் உங்கள் இதயத்தை தழுவி இருந்தால், ❤ கொடுக்கவும், இதை உணர வேண்டியவருடன் பகிரவும். காதலை பரப்புவோம்... சேமியுங்கள், பகிருங்கள்!",,"Tamil, English",1744029000
2025-04-08 18:00:00,Black,KadhalThinamThinam092.png,f:\Quotes\InstaAutomation\KadhalThinamThinamInsta\Black\KadhalThinamThinam092.png,https://raw.githubusercontent.com/mr-php20/amiableWrites/refs/heads/main/Black/KadhalThinamThinam092.png,"#amiablewrites #kadhalthinamthinam #meendumorkadhalmazhai #karpanaiyokadhalvasam #peachhouseperson #Arivalan

#TamilKavithai #TamilPoetry #TamilLovePoems #KadhalKavithai #RomanticKavithai #TamilKadhal #TamilQuotes #TamilKadhalKavithaigal #RomanticQuotes #TamilKavithaigal #TamilLoveQuotes #TamilSadQuotes #TamilThathuvangal #TamilKavidhai #TamilPoems #TamilKavithaikal #TamilLoveStory #PoetryInTamil #LoveInTamil #TamilRomanticQuotes #TamilInstaPoetry #TamilQuoteLovers #InstaKavithai #KadhalInstagram","Save this poem as your little love reminder to brighten your day. If it touched your heart, leave a ❤, and share it with someone who needs to hear this. Let's spread love... save it, share it!

இக்கவிதையை உங்கள் நாளை சிறப்பாக்கும் காதல் நினைவாக சேமியுங்கள். இதன் உணர்வுகள் உங்கள் இதயத்தை தழுவி இருந்தால், ❤ கொடுக்கவும், இதை உணர வேண்டியவருடன் பகிரவும். காதலை பரப்புவோம்... சேமியுங்கள், பகிருங்கள்!",,"Tamil, English",1744115400
2025-04-09 18:00:00,Color,0006_Indigo_KadhalThinamThinam199.png,f:\Quotes\InstaAutomation\KadhalThinamThinamInsta\Spectrum\0006_Indigo_KadhalThinamThinam199.png,https://raw.githubusercontent.com/mr-php20/amiableWrites/refs/heads/main/Spectrum/0006_Indigo_KadhalThinamThinam199.png,"#amiablewrites #kadhalthinamthinam #meendumorkadhalmazhai #karpanaiyokadhalvasam #peachhouseperson #Arivalan

#TamilKavithai #TamilPoetry #TamilLovePoems #KadhalKavithai #RomanticKavithai #TamilKadhal #TamilQuotes #TamilKadhalKavithaigal #RomanticQuotes #TamilKavithaigal #TamilLoveQuotes #TamilSadQuotes #TamilThathuvangal #TamilKavidhai #TamilPoems #TamilKavithaikal #TamilLoveStory #PoetryInTamil #LoveInTamil #TamilRomanticQuotes #TamilInstaPoetry #TamilQuoteLovers #InstaKavithai #KadhalInstagram","Save this poem as your little love reminder to brighten your day. If it touched your heart, leave a ❤, and share it with someone who needs to hear this. Let's spread love... save it, share it!

இக்கவிதையை உங்கள் நாளை சிறப்பாக்கும் காதல் நினைவாக சேமியுங்கள். இதன் உணர்வுகள் உங்கள் இதயத்தை தழுவி இருந்தால், ❤ கொடுக்கவும், இதை உணர வேண்டியவருடன் பகிரவும். காதலை பரப்புவோம்... சேமியுங்கள், பகிருங்கள்!",,"Tamil, English",1744201800
2025-04-10 18:00:00,White,KadhalThinamThinam109.png,f:\Quotes\InstaAutomation\KadhalThinamThinamInsta\White\KadhalThinamThinam109.png,https://raw.githubusercontent.com/mr-php20/amiableWrites/refs/heads/main/White/KadhalThinamThinam109.png,"#amiablewrites #kadhalthinamthinam #meendumorkadhalmazhai #karpanaiyokadhalvasam #peachhouseperson #Arivalan

#TamilKavithai #TamilPoetry #TamilLovePoems #KadhalKavithai #RomanticKavithai #TamilKadhal #TamilQuotes #TamilKadhalKavithaigal #RomanticQuotes #TamilKavithaigal #TamilLoveQuotes #TamilSadQuotes #TamilThathuvangal #TamilKavidhai #TamilPoems #TamilKavithaikal #TamilLoveStory #PoetryInTamil #LoveInTamil #TamilRomanticQuotes #TamilInstaPoetry #TamilQuoteLovers #InstaKavithai #KadhalInstagram","Save this poem as your little love reminder to brighten your day. If it touched your heart, leave a ❤, and share it with someone who needs to hear this. Let's spread love... save it, share it!

இக்கவிதையை உங்கள் நாளை சிறப்பாக்கும் காதல் நினைவாக சேமியுங்கள். இதன் உணர்வுகள் உங்கள் இதயத்தை தழுவி இருந்தால், ❤ கொடுக்கவும், இதை உணர வேண்டியவருடன் பகிரவும். காதலை பரப்புவோம்... சேமியுங்கள், பகிருங்கள்!",,"Tamil, English",1744288200
2025-04-11 18:00:00,Black,KadhalThinamThinam093.png,f:\Quotes\InstaAutomation\KadhalThinamThinamInsta\Black\KadhalThinamThinam093.png,https://raw.githubusercontent.com/mr-php20/amiableWrites/refs/heads/main/Black/KadhalThinamThinam093.png,"#amiablewrites #kadhalthinamthinam #meendumorkadhalmazhai #karpanaiyokadhalvasam #peachhouseperson #Arivalan

#TamilKavithai #TamilPoetry #TamilLovePoems #KadhalKavithai #RomanticKavithai #TamilKadhal #TamilQuotes #TamilKadhalKavithaigal #RomanticQuotes #TamilKavithaigal #TamilLoveQuotes #TamilSadQuotes #TamilThathuvangal #TamilKavidhai #TamilPoems #TamilKavithaikal #TamilLoveStory #PoetryInTamil #LoveInTamil #TamilRomanticQuotes #TamilInstaPoetry #TamilQuoteLovers #InstaKavithai #KadhalInstagram","Save this poem as your little love reminder to brighten your day. If it touched your heart, leave a ❤, and share it with someone who needs to hear this. Let's spread love... save it, share it!

இக்கவிதையை உங்கள் நாளை சிறப்பாக்கும் காதல் நினைவாக சேமியுங்கள். இதன் உணர்வுகள் உங்கள் இதயத்தை தழுவி இருந்தால், ❤ கொடுக்கவும், இதை உணர வேண்டியவருடன் பகிரவும். காதலை பரப்புவோம்... சேமியுங்கள், பகிருங்கள்!",,"Tamil, English",1744374600
2025-04-12 18:00:00,Color,0007_Indigo_KadhalThinamThinam304.png,f:\Quotes\InstaAutomation\KadhalThinamThinamInsta\Spectrum\0007_Indigo_KadhalThinamThinam304.png,https://raw.githubusercontent.com/mr-php20/amiableWrites/refs/heads/main/Spectrum/0007_Indigo_KadhalThinamThinam304.png,"#amiablewrites #kadhalthinamthinam #meendumorkadhalmazhai #karpanaiyokadhalvasam #peachhouseperson #Arivalan

#TamilKavithai #TamilPoetry #TamilLovePoems #KadhalKavithai #RomanticKavithai #TamilKadhal #TamilQuotes #TamilKadhalKavithaigal #RomanticQuotes #TamilKavithaigal #TamilLoveQuotes #TamilSadQuotes #TamilThathuvangal #TamilKavidhai #TamilPoems #TamilKavithaikal #TamilLoveStory #PoetryInTamil #LoveInTamil #TamilRomanticQuotes #TamilInstaPoetry #TamilQuoteLovers #InstaKavithai #KadhalInstagram","Save this poem as your little love reminder to brighten your day. If it touched your heart, leave a ❤, and share it with someone who needs to hear this. Let's spread love... save it, share it!

இக்கவிதையை உங்கள் நாளை சிறப்பாக்கும் காதல் நினைவாக சேமியுங்கள். இதன் உணர்வுகள் உங்கள் இதயத்தை தழுவி இருந்தால், ❤ கொடுக்கவும், இதை உணர வேண்டியவருடன் பகிரவும். காதலை பரப்புவோம்... சேமியுங்கள், பகிருங்கள்!",,"Tamil, English",1744461000
2025-04-13 18:00:00,White,KadhalThinamThinam113.png,f:\Quotes\InstaAutomation\KadhalThinamThinamInsta\White\KadhalThinamThinam113.png,https://raw.githubusercontent.com/mr-php20/amiableWrites/refs/heads/main/White/KadhalThinamThinam113.png,"#amiablewrites #kadhalthinamthinam #meendumorkadhalmazhai #karpanaiyokadhalvasam #peachhouseperson #Arivalan

#TamilKavithai #TamilPoetry #TamilLovePoems #KadhalKavithai #RomanticKavithai #TamilKadhal #TamilQuotes #TamilKadhalKavithaigal #RomanticQuotes #TamilKavithaigal #TamilLoveQuotes #TamilSadQuotes #TamilThathuvangal #TamilKavidhai #TamilPoems #TamilKavithaikal #TamilLoveStory #PoetryInTamil #LoveInTamil #TamilRomanticQuotes #TamilInstaPoetry #TamilQuoteLovers #InstaKavithai #KadhalInstagram","Save this poem as your little love reminder to brighten your day. If it touched your heart, leave a ❤, and share it with someone who needs to hear this. Let's spread love... save it, share it!

இக்கவிதையை உங்கள் நாளை சிறப்பாக்கும் காதல் நினைவாக சேமியுங்கள். இதன் உணர்வுகள் உங்கள் இதயத்தை தழுவி இருந்தால், ❤ கொடுக்கவும், இதை உணர வேண்டியவருடன் பகிரவும். காதலை பரப்புவோம்... சேமியுங்கள், பகிருங்கள்!",,"Tamil, English",1744547400
2025-04-14 18:00:00,Black,KadhalThinamThinam098.png,f:\Quotes\InstaAutomation\KadhalThinamThinamInsta\Black\KadhalThinamThinam098.png,https://raw.githubusercontent.com/mr-php20/amiableWrites/refs/heads/main/Black/KadhalThinamThinam098.png,"#amiablewrites #kadhalthinamthinam #meendumorkadhalmazhai #karpanaiyokadhalvasam #peachhouseperson #Arivalan

#TamilKavithai #TamilPoetry #TamilLovePoems #KadhalKavithai #RomanticKavithai #TamilKadhal #TamilQuotes #TamilKadhalKavithaigal #RomanticQuotes #TamilKavithaigal #TamilLoveQuotes #TamilSadQuotes #TamilThathuvangal #TamilKavidhai #TamilPoems #TamilKavithaikal #TamilLoveStory #PoetryInTamil #LoveInTamil #TamilRomanticQuotes #TamilInstaPoetry #TamilQuoteLovers #InstaKavithai #KadhalInstagram","Save this poem as your little love reminder to brighten your day. If it touched your heart, leave a ❤, and share it with someone who needs to hear this. Let's spread love... save it, share it!

இக்கவிதையை உங்கள் நாளை சிறப்பாக்கும் காதல் நினைவாக சேமியுங்கள். இதன் உணர்வுகள் உங்கள் இதயத்தை தழுவி இருந்தால், ❤ கொடுக்கவும், இதை உணர வேண்டியவருடன் பகிரவும். காதலை பரப்புவோம்... சேமியுங்கள், பகிருங்கள்!",,"Tamil, English",1744633800
2025-04-15 18:00:00,Color,0008_Indigo_KadhalThinamThinam111.png,f:\Quotes\InstaAutomation\KadhalThinamThinamInsta\Spectrum\0008_Indigo_KadhalThinamThinam111.png,https://raw.githubusercontent.com/mr-php20/amiableWrites/refs/heads/main/Spectrum/0008_Indigo_KadhalThinamThinam111.png,"#amiablewrites #kadhalthinamthinam #meendumorkadhalmazhai #karpanaiyokadhalvasam #peachhouseperson #Arivalan

#TamilKavithai #TamilPoetry #TamilLovePoems #KadhalKavithai #RomanticKavithai #TamilKadhal #TamilQuotes #TamilKadhalKavithaigal #RomanticQuotes #TamilKavithaigal #TamilLoveQuotes #TamilSadQuotes #TamilThathuvangal #TamilKavidhai #TamilPoems #TamilKavithaikal #TamilLoveStory #PoetryInTamil #LoveInTamil #TamilRomanticQuotes #TamilInstaPoetry #TamilQuoteLovers #InstaKavithai #KadhalInstagram","Save this poem as your little love reminder to brighten your day. If it touched your heart, leave a ❤, and share it with someone who needs to hear this. Let's spread love... save it, share it!

இக்கவிதையை உங்கள் நாளை சிறப்பாக்கும் காதல் நினைவாக சேமியுங்கள். இதன் உணர்வுகள் உங்கள் இதயத்தை தழுவி இருந்தால், ❤ கொடுக்கவும், இதை உணர வேண்டியவருடன் பகிரவும். காதலை பரப்புவோம்... சேமியுங்கள், பகிருங்கள்!",,"Tamil, English",1744720200
2025-04-16 18:00:00,White,KadhalThinamThinam122.png,f:\Quotes\InstaAutomation\KadhalThinamThinamInsta\White\KadhalThinamThinam122.png,https://raw.githubusercontent.com/mr-php20/amiableWrites/refs/heads/main/White/KadhalThinamThinam122.png,"#amiablewrites #kadhalthinamthinam #meendumorkadhalmazhai #karpanaiyokadhalvasam #peachhouseperson #Arivalan

#TamilKavithai #TamilPoetry #TamilLovePoems #KadhalKavithai #RomanticKavithai #TamilKadhal #TamilQuotes #TamilKadhalKavithaigal #RomanticQuotes #TamilKavithaigal #TamilLoveQuotes #TamilSadQuotes #TamilThathuvangal #TamilKavidhai #TamilPoems #TamilKavithaikal #TamilLoveStory #PoetryInTamil #LoveInTamil #TamilRomanticQuotes #TamilInstaPoetry #TamilQuoteLovers #InstaKavithai #KadhalInstagram","Save this poem as your little love reminder to brighten your day. If it touched your heart, leave a ❤, and share it with someone who needs to hear this. Let's spread love... save it, share it!

இக்கவிதையை உங்கள் நாளை சிறப்பாக்கும் காதல் நினைவாக சேமியுங்கள். இதன் உணர்வுகள் உங்கள் இதயத்தை தழுவி இருந்தால், ❤ கொடுக்கவும், இதை உணர வேண்டியவருடன் பகிரவும். காதலை பரப்புவோம்... சேமியுங்கள், பகிருங்கள்!",,"Tamil, English",1744806600
2025-04-17 18:00:00,Black,KadhalThinamThinam100.png,f:\Quotes\InstaAutomation\KadhalThinamThinamInsta\Black\KadhalThinamThinam100.png,https://raw.githubusercontent.com/mr-php20/amiableWrites/refs/heads/main/Black/KadhalThinamThinam100.png,"#amiablewrites #kadhalthinamthinam #meendumorkadhalmazhai #karpanaiyokadhalvasam #peachhouseperson #Arivalan

#TamilKavithai #TamilPoetry #TamilLovePoems #KadhalKavithai #RomanticKavithai #TamilKadhal #TamilQuotes #TamilKadhalKavithaigal #RomanticQuotes #TamilKavithaigal #TamilLoveQuotes #TamilSadQuotes #TamilThathuvangal #TamilKavidhai #TamilPoems #TamilKavithaikal #TamilLoveStory #PoetryInTamil #LoveInTamil #TamilRomanticQuotes #TamilInstaPoetry #TamilQuoteLovers #InstaKavithai #KadhalInstagram","Save this poem as your little love reminder to brighten your day. If it touched your heart, leave a ❤, and share it with someone who needs to hear this. Let's spread love... save it, share it!

இக்கவிதையை உங்கள் நாளை சிறப்பாக்கும் காதல் நினைவாக சேமியுங்கள். இதன் உணர்வுகள் உங்கள் இதயத்தை தழுவி இருந்தால், ❤ கொடுக்கவும், இதை உணர வேண்டியவருடன் பகிரவும். காதலை பரப்புவோம்... சேமியுங்கள், பகிருங்கள்!",,"Tamil, English",1744893000
2025-04-18 18:00:00,Color,0009_Indigo_KadhalThinamThinam288.png,f:\Quotes\InstaAutomation\KadhalThinamThinamInsta\Spectrum\0009_Indigo_KadhalThinamThinam288.png,https://raw.githubusercontent.com/mr-php20/amiableWrites/refs/heads/main/Spectrum/0009_Indigo_KadhalThinamThinam288.png,"#amiablewrites #kadhalthinamthinam #meendumorkadhalmazhai #karpanaiyokadhalvasam #peachhouseperson #Arivalan

#TamilKavithai #TamilPoetry #TamilLovePoems #KadhalKavithai #RomanticKavithai #TamilKadhal #TamilQuotes #TamilKadhalKavithaigal #RomanticQuotes #TamilKavithaigal #TamilLoveQuotes #TamilSadQuotes #TamilThathuvangal #TamilKavidhai #TamilPoems #TamilKavithaikal #TamilLoveStory #PoetryInTamil #LoveInTamil #TamilRomanticQuotes #TamilInstaPoetry #TamilQuoteLovers #InstaKavithai #KadhalInstagram","Save this poem as your little love reminder to brighten your day. If it touched your heart, leave a ❤, and share it with someone who needs to hear this. Let's spread love... save it, share it!

இக்கவிதையை உங்கள் நாளை சிறப்பாக்கும் காதல் நினைவாக சேமியுங்கள். இதன் உணர்வுகள் உங்கள் இதயத்தை தழுவி இருந்தால், ❤ கொடுக்கவும், இதை உணர வேண்டியவருடன் பகிரவும். காதலை பரப்புவோம்... சேமியுங்கள், பகிருங்கள்!",,"Tamil, English",1744979400
2025-04-19 18:00:00,White,KadhalThinamThinam124.png,f:\Quotes\InstaAutomation\KadhalThinamThinamInsta\White\KadhalThinamThinam124.png,https://raw.githubusercontent.com/mr-php20/amiableWrites/refs/heads/main/White/KadhalThinamThinam124.png,"#amiablewrites #kadhalthinamthinam #meendumorkadhalmazhai #karpanaiyokadhalvasam #peachhouseperson #Arivalan

#TamilKavithai #TamilPoetry #TamilLovePoems #KadhalKavithai #RomanticKavithai #TamilKadhal #TamilQuotes #TamilKadhalKavithaigal #RomanticQuotes #TamilKavithaigal #TamilLoveQuotes #TamilSadQuotes #TamilThathuvangal #TamilKavidhai #TamilPoems #TamilKavithaikal #TamilLoveStory #PoetryInTamil #LoveInTamil #TamilRomanticQuotes #TamilInstaPoetry #TamilQuoteLovers #InstaKavithai #KadhalInstagram","Save this poem as your little love reminder to brighten your day. If it touched your heart, leave a ❤, and share it with someone who needs to hear this. Let's spread love... save it, share it!

இக்கவிதையை உங்கள் நாளை சிறப்பாக்கும் காதல் நினைவாக சேமியுங்கள். இதன் உணர்வுகள் உங்கள் இதயத்தை தழுவி இருந்தால், ❤ கொடுக்கவும், இதை உணர வேண்டியவருடன் பகிரவும். காதலை பரப்புவோம்... சேமியுங்கள், பகிருங்கள்!",,"Tamil, English",1745065800
2025-04-20 18:00:00,Black,KadhalThinamThinam101.png,f:\Quotes\InstaAutomation\KadhalThinamThinamInsta\Black\KadhalThinamThinam101.png,https://raw.githubusercontent.com/mr-php20/amiableWrites/refs/heads/main/Black/KadhalThinamThinam101.png,"#amiablewrites #kadhalthinamthinam #meendumorkadhalmazhai #karpanaiyokadhalvasam #peachhouseperson #Arivalan

#TamilKavithai #TamilPoetry #TamilLovePoems #KadhalKavithai #RomanticKavithai #TamilKadhal #TamilQuotes #TamilKadhalKavithaigal #RomanticQuotes #TamilKavithaigal #TamilLoveQuotes #TamilSadQuotes #TamilThathuvangal #TamilKavidhai #TamilPoems #TamilKavithaikal #TamilLoveStory #PoetryInTamil #LoveInTamil #TamilRomanticQuotes #TamilInstaPoetry #TamilQuoteLovers #InstaKavithai #KadhalInstagram","Save this poem as your little love reminder to brighten your day. If it touched your heart, leave a ❤, and share it with someone who needs to hear this. Let's spread love... save it, share it!

இக்கவிதையை உங்கள் நாளை சிறப்பாக்கும் காதல் நினைவாக சேமியுங்கள். இதன் உணர்வுகள் உங்கள் இதயத்தை தழுவி இருந்தால், ❤ கொடுக்கவும், இதை உணர வேண்டியவருடன் பகிரவும். காதலை பரப்புவோம்... சேமியுங்கள், பகிருங்கள்!",,"Tamil, English",1745152200
2025-04-21 18:00:00,Color,0010_Indigo_KadhalThinamThinam114.png,f:\Quotes\InstaAutomation\KadhalThinamThinamInsta\Spectrum\0010_Indigo_KadhalThinamThinam114.png,https://raw.githubusercontent.com/mr-php20/amiableWrites/refs/heads/main/Spectrum/0010_Indigo_KadhalThinamThinam114.png,"#amiablewrites #kadhalthinamthinam #meendumorkadhalmazhai #karpanaiyokadhalvasam #peachhouseperson #Arivalan

#TamilKavithai #TamilPoetry #TamilLovePoems #KadhalKavithai #RomanticKavithai #TamilKadhal #TamilQuotes #TamilKadhalKavithaigal #RomanticQuotes #TamilKavithaigal #TamilLoveQuotes #TamilSadQuotes #TamilThathuvangal #TamilKavidhai #TamilPoems #TamilKavithaikal #TamilLoveStory #PoetryInTamil #LoveInTamil #TamilRomanticQuotes #TamilInstaPoetry #TamilQuoteLovers #InstaKavithai #KadhalInstagram","Save this poem as your little love reminder to brighten your day. If it touched your heart, leave a ❤, and share it with someone who needs to hear this. Let's spread love... save it, share it!

இக்கவிதையை உங்கள் நாளை சிறப்பாக்கும் காதல் நினைவாக சேமியுங்கள். இதன் உணர்வுகள் உங்கள் இதயத்தை தழுவி இருந்தால், ❤ கொடுக்கவும், இதை உணர வேண்டியவருடன் பகிரவும். காதலை பரப்புவோம்... சேமியுங்கள், பகிருங்கள்!",,"Tamil, English",1745238600
2025-04-22 18:00:00,White,KadhalThinamThinam125.png,f:\Quotes\InstaAutomation\KadhalThinamThinamInsta\White\KadhalThinamThinam125.png,https://raw.githubusercontent.com/mr-php20/amiableWrites/refs/heads/main/White/KadhalThinamThinam125.png,"#amiablewrites #kadhalthinamthinam #meendumorkadhalmazhai #karpanaiyokadhalvasam #peachhouseperson #Arivalan

#TamilKavithai #TamilPoetry #TamilLovePoems #KadhalKavithai #RomanticKavithai #TamilKadhal #TamilQuotes #TamilKadhalKavithaigal #RomanticQuotes #TamilKavithaigal #TamilLoveQuotes #TamilSadQuotes #TamilThathuvangal #TamilKavidhai #TamilPoems #TamilKavithaikal #TamilLoveStory #PoetryInTamil #LoveInTamil #TamilRomanticQuotes #TamilInstaPoetry #TamilQuoteLovers #InstaKavithai #KadhalInstagram","Save this poem as your little love reminder to brighten your day. If it touched your heart, leave a ❤, and share it with someone who needs to hear this. Let's spread love... save it, share it!

இக்கவிதையை உங்கள் நாளை சிறப்பாக்கும் காதல் நினைவாக சேமியுங்கள். இதன் உணர்வுகள் உங்கள் இதயத்தை தழுவி இருந்தால், ❤ கொடுக்கவும், இதை உணர வேண்டியவருடன் பகிரவும். காதலை பரப்புவோம்... சேமியுங்கள், பகிருங்கள்!",,"Tamil, English",1745325000
2025-04-23 18:00:00,Black,KadhalThinamThinam110.png,f:\Quotes\InstaAutomation\KadhalThinamThinamInsta\Black\KadhalThinamThinam110.png,https://raw.githubusercontent.com/mr-php20/amiableWrites/refs/heads/main/Black/KadhalThinamThinam110.png,"#amiablewrites #kadhalthinamthinam #meendumorkadhalmazhai #karpanaiyokadhalvasam #peachhouseperson #Arivalan

#TamilKavithai #TamilPoetry #TamilLovePoems #KadhalKavithai #RomanticKavithai #TamilKadhal #TamilQuotes #TamilKadhalKavithaigal #RomanticQuotes #TamilKavithaigal #TamilLoveQuotes #TamilSadQuotes #TamilThathuvangal #TamilKavidhai #TamilPoems #TamilKavithaikal #TamilLoveStory #PoetryInTamil #LoveInTamil #TamilRomanticQuotes #TamilInstaPoetry #TamilQuoteLovers #InstaKavithai #KadhalInstagram","Save this poem as your little love reminder to brighten your day. If it touched your heart, leave a ❤, and share it with someone who needs to hear this. Let's spread love... save it, share it!

இக்கவிதையை உங்கள் நாளை சிறப்பாக்கும் காதல் நினைவாக சேமியுங்கள். இதன் உணர்வுகள் உங்கள் இதயத்தை தழுவி இருந்தால், ❤ கொடுக்கவும், இதை உணர வேண்டியவருடன் பகிரவும். காதலை பரப்புவோம்... சேமியுங்கள், பகிருங்கள்!",,"Tamil, English",1745411400
2025-04-24 18:00:00,Color,0012_Blue_KadhalThinamThinam146.png,f:\Quotes\InstaAutomation\KadhalThinamThinamInsta\Spectrum\0012_Blue_KadhalThinamThinam146.png,https://raw.githubusercontent.com/mr-php20/amiableWrites/refs/heads/main/Spectrum/0012_Blue_KadhalThinamThinam146.png,"#amiablewrites #kadhalthinamthinam #meendumorkadhalmazhai #karpanaiyokadhalvasam #peachhouseperson #Arivalan

#TamilKavithai #TamilPoetry #TamilLovePoems #KadhalKavithai #RomanticKavithai #TamilKadhal #TamilQuotes #TamilKadhalKavithaigal #RomanticQuotes #TamilKavithaigal #TamilLoveQuotes #TamilSadQuotes #TamilThathuvangal #TamilKavidhai #TamilPoems #TamilKavithaikal #TamilLoveStory #PoetryInTamil #LoveInTamil #TamilRomanticQuotes #TamilInstaPoetry #TamilQuoteLovers #InstaKavithai #KadhalInstagram","Save this poem as your little love reminder to brighten your day. If it touched your heart, leave a ❤, and share it with someone who needs to hear this. Let's spread love... save it, share it!

இக்கவிதையை உங்கள் நாளை சிறப்பாக்கும் காதல் நினைவாக சேமியுங்கள். இதன் உணர்வுகள் உங்கள் இதயத்தை தழுவி இருந்தால், ❤ கொடுக்கவும், இதை உணர வேண்டியவருடன் பகிரவும். காதலை பரப்புவோம்... சேமியுங்கள், பகிருங்கள்!",,"Tamil, English",1745497800
2025-04-25 18:00:00,White,KadhalThinamThinam127.png,f:\Quotes\InstaAutomation\KadhalThinamThinamInsta\White\KadhalThinamThinam127.png,https://raw.githubusercontent.com/mr-php20/amiableWrites/refs/heads/main/White/KadhalThinamThinam127.png,"#amiablewrites #kadhalthinamthinam #meendumorkadhalmazhai #karpanaiyokadhalvasam #peachhouseperson #Arivalan

#TamilKavithai #TamilPoetry #TamilLovePoems #KadhalKavithai #RomanticKavithai #TamilKadhal #TamilQuotes #TamilKadhalKavithaigal #RomanticQuotes #TamilKavithaigal #TamilLoveQuotes #TamilSadQuotes #TamilThathuvangal #TamilKavidhai #TamilPoems #TamilKavithaikal #TamilLoveStory #PoetryInTamil #LoveInTamil #TamilRomanticQuotes #TamilInstaPoetry #TamilQuoteLovers #InstaKavithai #KadhalInstagram","Save this poem as your little love reminder to brighten your day. If it touched your heart, leave a ❤, and share it with someone who needs to hear this. Let's spread love... save it, share it!

இக்கவிதையை உங்கள் நாளை சிறப்பாக்கும் காதல் நினைவாக சேமியுங்கள். இதன் உணர்வுகள் உங்கள் இதயத்தை தழுவி இருந்தால், ❤ கொடுக்கவும், இதை உணர வேண்டியவருடன் பகிரவும். காதலை பரப்புவோம்... சேமியுங்கள், பகிருங்கள்!",,"Tamil, English",1745584200
2025-04-26 18:00:00,Black,KadhalThinamThinam115.png,f:\Quotes\InstaAutomation\KadhalThinamThinamInsta\Black\KadhalThinamThinam115.png,https://raw.githubusercontent.com/mr-php20/amiableWrites/refs/heads/main/Black/KadhalThinamThinam115.png,"#amiablewrites #kadhalthinamthinam #meendumorkadhalmazhai #karpanaiyokadhalvasam #peachhouseperson #Arivalan

#TamilKavithai #TamilPoetry #TamilLovePoems #KadhalKavithai #RomanticKavithai #TamilKadhal #TamilQuotes #TamilKadhalKavithaigal #RomanticQuotes #TamilKavithaigal #TamilLoveQuotes #TamilSadQuotes #TamilThathuvangal #TamilKavidhai #TamilPoems #TamilKavithaikal #TamilLoveStory #PoetryInTamil #LoveInTamil #TamilRomanticQuotes #TamilInstaPoetry #TamilQuoteLovers #InstaKavithai #KadhalInstagram","Save this poem as your little love reminder to brighten your day. If it touched your heart, leave a ❤, and share it with someone who needs to hear this. Let's spread love... save it, share it!

இக்கவிதையை உங்கள் நாளை சிறப்பாக்கும் காதல் நினைவாக சேமியுங்கள். இதன் உணர்வுகள் உங்கள் இதயத்தை தழுவி இருந்தால், ❤ கொடுக்கவும், இதை உணர வேண்டியவருடன் பகிரவும். காதலை பரப்புவோம்... சேமியுங்கள், பகிருங்கள்!",,"Tamil, English",1745670600
2025-04-27 18:00:00,Color,0013_Blue_KadhalThinamThinam217.png,f:\Quotes\InstaAutomation\KadhalThinamThinamInsta\Spectrum\0013_Blue_KadhalThinamThinam217.png,https://raw.githubusercontent.com/mr-php20/amiableWrites/refs/heads/main/Spectrum/0013_Blue_KadhalThinamThinam217.png,"#amiablewrites #kadhalthinamthinam #meendumorkadhalmazhai #karpanaiyokadhalvasam #peachhouseperson #Arivalan

#TamilKavithai #TamilPoetry #TamilLovePoems #KadhalKavithai #RomanticKavithai #TamilKadhal #TamilQuotes #TamilKadhalKavithaigal #RomanticQuotes #TamilKavithaigal #TamilLoveQuotes #TamilSadQuotes #TamilThathuvangal #TamilKavidhai #TamilPoems #TamilKavithaikal #TamilLoveStory #PoetryInTamil #LoveInTamil #TamilRomanticQuotes #TamilInstaPoetry #TamilQuoteLovers #InstaKavithai #KadhalInstagram","Save this poem as your little love reminder to brighten your day. If it touched your heart, leave a ❤, and share it with someone who needs to hear this. Let's spread love... save it, share it!

இக்கவிதையை உங்கள் நாளை சிறப்பாக்கும் காதல் நினைவாக சேமியுங்கள். இதன் உணர்வுகள் உங்கள் இதயத்தை தழுவி இருந்தால், ❤ கொடுக்கவும், இதை உணர வேண்டியவருடன் பகிரவும். காதலை பரப்புவோம்... சேமியுங்கள், பகிருங்கள்!",,"Tamil, English",1745757000
2025-04-28 18:00:00,White,KadhalThinamThinam131.png,f:\Quotes\InstaAutomation\KadhalThinamThinamInsta\White\KadhalThinamThinam131.png,https://raw.githubusercontent.com/mr-php20/amiableWrites/refs/heads/main/White/KadhalThinamThinam131.png,"#amiablewrites #kadhalthinamthinam #meendumorkadhalmazhai #karpanaiyokadhalvasam #peachhouseperson #Arivalan

#TamilKavithai #TamilPoetry #TamilLovePoems #KadhalKavithai #RomanticKavithai #TamilKadhal #TamilQuotes #TamilKadhalKavithaigal #RomanticQuotes #TamilKavithaigal #TamilLoveQuotes #TamilSadQuotes #TamilThathuvangal #TamilKavidhai #TamilPoems #TamilKavithaikal #TamilLoveStory #PoetryInTamil #LoveInTamil #TamilRomanticQuotes #TamilInstaPoetry #TamilQuoteLovers #InstaKavithai #KadhalInstagram","Save this poem as your little love reminder to brighten your day. If it touched your heart, leave a ❤, and share it with someone who needs to hear this. Let's spread love... save it, share it!

இக்கவிதையை உங்கள் நாளை சிறப்பாக்கும் காதல் நினைவாக சேமியுங்கள். இதன் உணர்வுகள் உங்கள் இதயத்தை தழுவி இருந்தால், ❤ கொடுக்கவும், இதை உணர வேண்டியவருடன் பகிரவும். காதலை பரப்புவோம்... சேமியுங்கள், பகிருங்கள்!",,"Tamil, English",1745843400
2025-04-29 18:00:00,Black,KadhalThinamThinam117.png,f:\Quotes\InstaAutomation\KadhalThinamThinamInsta\Black\KadhalThinamThinam117.png,https://raw.githubusercontent.com/mr-php20/amiableWrites/refs/heads/main/Black/KadhalThinamThinam117.png,"#amiablewrites #kadhalthinamthinam #meendumorkadhalmazhai #karpanaiyokadhalvasam #peachhouseperson #Arivalan

#TamilKavithai #TamilPoetry #TamilLovePoems #KadhalKavithai #RomanticKavithai #TamilKadhal #TamilQuotes #TamilKadhalKavithaigal #RomanticQuotes #TamilKavithaigal #TamilLoveQuotes #TamilSadQuotes #TamilThathuvangal #TamilKavidhai #TamilPoems #TamilKavithaikal #TamilLoveStory #PoetryInTamil #LoveInTamil #TamilRomanticQuotes #TamilInstaPoetry #TamilQuoteLovers #InstaKavithai #KadhalInstagram","Save this poem as your little love reminder to brighten your day. If it touched your heart, leave a ❤, and share it with someone who needs to hear this. Let's spread love... save it, share it!

இக்கவிதையை உங்கள் நாளை சிறப்பாக்கும் காதல் நினைவாக சேமியுங்கள். இதன் உணர்வுகள் உங்கள் இதயத்தை தழுவி இருந்தால், ❤ கொடுக்கவும், இதை உணர வேண்டியவருடன் பகிரவும். காதலை பரப்புவோம்... சேமியுங்கள், பகிருங்கள்!",,"Tamil, English",1745929800
2025-04-30 18:00:00,Color,0014_Blue_KadhalThinamThinam326.png,f:\Quotes\InstaAutomation\KadhalThinamThinamInsta\Spectrum\0014_Blue_KadhalThinamThinam326.png,https://raw.githubusercontent.com/mr-php20/amiableWrites/refs/heads/main/Spectrum/0014_Blue_KadhalThinamThinam326.png,"#amiablewrites #kadhalthinamthinam #meendumorkadhalmazhai #karpanaiyokadhalvasam #peachhouseperson #Arivalan

#TamilKavithai #TamilPoetry #TamilLovePoems #KadhalKavithai #RomanticKavithai #TamilKadhal #TamilQuotes #TamilKadhalKavithaigal #RomanticQuotes #TamilKavithaigal #TamilLoveQuotes #TamilSadQuotes #TamilThathuvangal #TamilKavidhai #TamilPoems #TamilKavithaikal #TamilLoveStory #PoetryInTamil #LoveInTamil #TamilRomanticQuotes #TamilInstaPoetry #TamilQuoteLovers #InstaKavithai #KadhalInstagram","Save this poem as your little love reminder to brighten your day. If it touched your heart, leave a ❤, and share it with someone who needs to hear this. Let's spread love... save it, share it!

இக்கவிதையை உங்கள் நாளை சிறப்பாக்கும் காதல் நினைவாக சேமியுங்கள். இதன் உணர்வுகள் உங்கள் இதயத்தை தழுவி இருந்தால், ❤ கொடுக்கவும், இதை உணர வேண்டியவருடன் பகிரவும். காதலை பரப்புவோம்... சேமியுங்கள், பகிருங்கள்!",,"Tamil, English",1746016200
2025-05-01 18:00:00,White,KadhalThinamThinam138.png,f:\Quotes\InstaAutomation\KadhalThinamThinamInsta\White\KadhalThinamThinam138.png,https://raw.githubusercontent.com/mr-php20/amiableWrites/refs/heads/main/White/KadhalThinamThinam138.png,"#amiablewrites #kadhalthinamthinam #meendumorkadhalmazhai #karpanaiyokadhalvasam #peachhouseperson #Arivalan

#TamilKavithai #TamilPoetry #TamilLovePoems #KadhalKavithai #RomanticKavithai #TamilKadhal #TamilQuotes #TamilKadhalKavithaigal #RomanticQuotes #TamilKavithaigal #TamilLoveQuotes #TamilSadQuotes #TamilThathuvangal #TamilKavidhai #TamilPoems #TamilKavithaikal #TamilLoveStory #PoetryInTamil #LoveInTamil #TamilRomanticQuotes #TamilInstaPoetry #TamilQuoteLovers #InstaKavithai #KadhalInstagram","Save this poem as your little love reminder to brighten your day. If it touched your heart, leave a ❤, and share it with someone who needs to hear this. Let's spread love... save it, share it!

இக்கவிதையை உங்கள் நாளை சிறப்பாக்கும் காதல் நினைவாக சேமியுங்கள். இதன் உணர்வுகள் உங்கள் இதயத்தை தழுவி இருந்தால், ❤ கொடுக்கவும், இதை உணர வேண்டியவருடன் பகிரவும். காதலை பரப்புவோம்... சேமியுங்கள், பகிருங்கள்!",,"Tamil, English",1746102600
2025-05-02 18:00:00,Black,KadhalThinamThinam121.png,f:\Quotes\InstaAutomation\KadhalThinamThinamInsta\Black\KadhalThinamThinam121.png,https://raw.githubusercontent.com/mr-php20/amiableWrites/refs/heads/main/Black/KadhalThinamThinam121.png,"#amiablewrites #kadhalthinamthinam #meendumorkadhalmazhai #karpanaiyokadhalvasam #peachhouseperson #Arivalan

#TamilKavithai #TamilPoetry #TamilLovePoems #KadhalKavithai #RomanticKavithai #TamilKadhal #TamilQuotes #TamilKadhalKavithaigal #RomanticQuotes #TamilKavithaigal #TamilLoveQuotes #TamilSadQuotes #TamilThathuvangal #TamilKavidhai #TamilPoems #TamilKavithaikal #TamilLoveStory #PoetryInTamil #LoveInTamil #TamilRomanticQuotes #TamilInstaPoetry #TamilQuoteLovers #InstaKavithai #KadhalInstagram","Save this poem as your little love reminder to brighten your day. If it touched your heart, leave a ❤, and share it with someone who needs to hear this. Let's spread love... save it, share it!

இக்கவிதையை உங்கள் நாளை சிறப்பாக்கும் காதல் நினைவாக சேமியுங்கள். இதன் உணர்வுகள் உங்கள் இதயத்தை தழுவி இருந்தால், ❤ கொடுக்கவும், இதை உணர வேண்டியவருடன் பகிரவும். காதலை பரப்புவோம்... சேமியுங்கள், பகிருங்கள்!",,"Tamil, English",1746189000
2025-05-03 18:00:00,Color,0015_Blue_KadhalThinamThinam214.png,f:\Quotes\InstaAutomation\KadhalThinamThinamInsta\Spectrum\0015_Blue_KadhalThinamThinam214.png,https://raw.githubusercontent.com/mr-php20/amiableWrites/refs/heads/main/Spectrum/0015_Blue_KadhalThinamThinam214.png,"#amiablewrites #kadhalthinamthinam #meendumorkadhalmazhai #karpanaiyokadhalvasam #peachhouseperson #Arivalan

#TamilKavithai #TamilPoetry #TamilLovePoems #KadhalKavithai #RomanticKavithai #TamilKadhal #TamilQuotes #TamilKadhalKavithaigal #RomanticQuotes #TamilKavithaigal #TamilLoveQuotes #TamilSadQuotes #TamilThathuvangal #TamilKavidhai #TamilPoems #TamilKavithaikal #TamilLoveStory #PoetryInTamil #LoveInTamil #TamilRomanticQuotes #TamilInstaPoetry #TamilQuoteLovers #InstaKavithai #KadhalInstagram","Save this poem as your little love reminder to brighten your day. If it touched your heart, leave a ❤, and share it with someone who needs to hear this. Let's spread love... save it, share it!

இக்கவிதையை உங்கள் நாளை சிறப்பாக்கும் காதல் நினைவாக சேமியுங்கள். இதன் உணர்வுகள் உங்கள் இதயத்தை தழுவி இருந்தால், ❤ கொடுக்கவும், இதை உணர வேண்டியவருடன் பகிரவும். காதலை பரப்புவோம்... சேமியுங்கள், பகிருங்கள்!",,"Tamil, English",1746275400
2025-05-04 18:00:00,White,KadhalThinamThinam139.png,f:\Quotes\InstaAutomation\KadhalThinamThinamInsta\White\KadhalThinamThinam139.png,https://raw.githubusercontent.com/mr-php20/amiableWrites/refs/heads/main/White/KadhalThinamThinam139.png,"#amiablewrites #kadhalthinamthinam #meendumorkadhalmazhai #karpanaiyokadhalvasam #peachhouseperson #Arivalan

#TamilKavithai #TamilPoetry #TamilLovePoems #KadhalKavithai #RomanticKavithai #TamilKadhal #TamilQuotes #TamilKadhalKavithaigal #RomanticQuotes #TamilKavithaigal #TamilLoveQuotes #TamilSadQuotes #TamilThathuvangal #TamilKavidhai #TamilPoems #TamilKavithaikal #TamilLoveStory #PoetryInTamil #LoveInTamil #TamilRomanticQuotes #TamilInstaPoetry #TamilQuoteLovers #InstaKavithai #KadhalInstagram","Save this poem as your little love reminder to brighten your day. If it touched your heart, leave a ❤, and share it with someone who needs to hear this. Let's spread love... save it, share it!

இக்கவிதையை உங்கள் நாளை சிறப்பாக்கும் காதல் நினைவாக சேமியுங்கள். இதன் உணர்வுகள் உங்கள் இதயத்தை தழுவி இருந்தால், ❤ கொடுக்கவும், இதை உணர வேண்டியவருடன் பகிரவும். காதலை பரப்புவோம்... சேமியுங்கள், பகிருங்கள்!",,"Tamil, English",1746361800
2025-05-05 18:00:00,Black,KadhalThinamThinam126.png,f:\Quotes\InstaAutomation\KadhalThinamThinamInsta\Black\KadhalThinamThinam126.png,https://raw.githubusercontent.com/mr-php20/amiableWrites/refs/heads/main/Black/KadhalThinamThinam126.png,"#amiablewrites #kadhalthinamthinam #meendumorkadhalmazhai #karpanaiyokadhalvasam #peachhouseperson #Arivalan

#TamilKavithai #TamilPoetry #TamilLovePoems #KadhalKavithai #RomanticKavithai #TamilKadhal #TamilQuotes #TamilKadhalKavithaigal #RomanticQuotes #TamilKavithaigal #TamilLoveQuotes #TamilSadQuotes #TamilThathuvangal #TamilKavidhai #TamilPoems #TamilKavithaikal #TamilLoveStory #PoetryInTamil #LoveInTamil #TamilRomanticQuotes #TamilInstaPoetry #TamilQuoteLovers #InstaKavithai #KadhalInstagram","Save this poem as your little love reminder to brighten your day. If it touched your heart, leave a ❤, and share it with someone who needs to hear this. Let's spread love... save it, share it!

இக்கவிதையை உங்கள் நாளை சிறப்பாக்கும் காதல் நினைவாக சேமியுங்கள். இதன் உணர்வுகள் உங்கள் இதயத்தை தழுவி இருந்தால், ❤ கொடுக்கவும், இதை உணர வேண்டியவருடன் பகிரவும். காதலை பரப்புவோம்... சேமியுங்கள், பகிருங்கள்!",,"Tamil, English",1746448200
2025-05-06 18:00:00,Color,0016_Blue_KadhalThinamThinam312.png,f:\Quotes\InstaAutomation\KadhalThinamThinamInsta\Spectrum\0016_Blue_KadhalThinamThinam312.png,https://raw.githubusercontent.com/mr-php20/amiableWrites/refs/heads/main/Spectrum/0016_Blue_KadhalThinamThinam312.png,"#amiablewrites #kadhalthinamthinam #meendumorkadhalmazhai #karpanaiyokadhalvasam #peachhouseperson #Arivalan

#TamilKavithai #TamilPoetry #TamilLovePoems #KadhalKavithai #RomanticKavithai #TamilKadhal #TamilQuotes #TamilKadhalKavithaigal #RomanticQuotes #TamilKavithaigal #TamilLoveQuotes #TamilSadQuotes #TamilThathuvangal #TamilKavidhai #TamilPoems #TamilKavithaikal #TamilLoveStory #PoetryInTamil #LoveInTamil #TamilRomanticQuotes #TamilInstaPoetry #TamilQuoteLovers #InstaKavithai #KadhalInstagram","Save this poem as your little love reminder to brighten your day. If it touched your heart, leave a ❤, and share it with someone who needs to hear this. Let's spread love... save it, share it!

இக்கவிதையை உங்கள் நாளை சிறப்பாக்கும் காதல் நினைவாக சேமியுங்கள். இதன் உணர்வுகள் உங்கள் இதயத்தை தழுவி இருந்தால், ❤ கொடுக்கவும், இதை உணர வேண்டியவருடன் பகிரவும். காதலை பரப்புவோம்... சேமியுங்கள், பகிருங்கள்!",,"Tamil, English",1746534600
2025-05-07 18:00:00,White,KadhalThinamThinam141.png,f:\Quotes\InstaAutomation\KadhalThinamThinamInsta\White\KadhalThinamThinam141.png,https://raw.githubusercontent.com/mr-php20/amiableWrites/refs/heads/main/White/KadhalThinamThinam141.png,"#amiablewrites #kadhalthinamthinam #meendumorkadhalmazhai #karpanaiyokadhalvasam #peachhouseperson #Arivalan

#TamilKavithai #TamilPoetry #TamilLovePoems #KadhalKavithai #RomanticKavithai #TamilKadhal #TamilQuotes #TamilKadhalKavithaigal #RomanticQuotes #TamilKavithaigal #TamilLoveQuotes #TamilSadQuotes #TamilThathuvangal #TamilKavidhai #TamilPoems #TamilKavithaikal #TamilLoveStory #PoetryInTamil #LoveInTamil #TamilRomanticQuotes #TamilInstaPoetry #TamilQuoteLovers #InstaKavithai #KadhalInstagram","Save this poem as your little love reminder to brighten your day. If it touched your heart, leave a ❤, and share it with someone who needs to hear this. Let's spread love... save it, share it!

இக்கவிதையை உங்கள் நாளை சிறப்பாக்கும் காதல் நினைவாக சேமியுங்கள். இதன் உணர்வுகள் உங்கள் இதயத்தை தழுவி இருந்தால், ❤ கொடுக்கவும், இதை உணர வேண்டியவருடன் பகிரவும். காதலை பரப்புவோம்... சேமியுங்கள், பகிருங்கள்!",,"Tamil, English",1746621000
2025-05-08 18:00:00,Black,KadhalThinamThinam128.png,f:\Quotes\InstaAutomation\KadhalThinamThinamInsta\Black\KadhalThinamThinam128.png,https://raw.githubusercontent.com/mr-php20/amiableWrites/refs/heads/main/Black/KadhalThinamThinam128.png,"#amiablewrites #kadhalthinamthinam #meendumorkadhalmazhai #karpanaiyokadhalvasam #peachhouseperson #Arivalan

#TamilKavithai #TamilPoetry #TamilLovePoems #KadhalKavithai #RomanticKavithai #TamilKadhal #TamilQuotes #TamilKadhalKavithaigal #RomanticQuotes #TamilKavithaigal #TamilLoveQuotes #TamilSadQuotes #TamilThathuvangal #TamilKavidhai #TamilPoems #TamilKavithaikal #TamilLoveStory #PoetryInTamil #LoveInTamil #TamilRomanticQuotes #TamilInstaPoetry #TamilQuoteLovers #InstaKavithai #KadhalInstagram","Save this poem as your little love reminder to brighten your day. If it touched your heart, leave a ❤, and share it with someone who needs to hear this. Let's spread love... save it, share it!

இக்கவிதையை உங்கள் நாளை சிறப்பாக்கும் காதல் நினைவாக சேமியுங்கள். இதன் உணர்வுகள் உங்கள் இதயத்தை தழுவி இருந்தால், ❤ கொடுக்கவும், இதை உணர வேண்டியவருடன் பகிரவும். காதலை பரப்புவோம்... சேமியுங்கள், பகிருங்கள்!",,"Tamil, English",1746707400
2025-05-09 18:00:00,Color,0017_Blue_KadhalThinamThinam159.png,f:\Quotes\InstaAutomation\KadhalThinamThinamInsta\Spectrum\0017_Blue_KadhalThinamThinam159.png,https://raw.githubusercontent.com/mr-php20/amiableWrites/refs/heads/main/Spectrum/0017_Blue_KadhalThinamThinam159.png,"#amiablewrites #kadhalthinamthinam #meendumorkadhalmazhai #karpanaiyokadhalvasam #peachhouseperson #Arivalan

#TamilKavithai #TamilPoetry #TamilLovePoems #KadhalKavithai #RomanticKavithai #TamilKadhal #TamilQuotes #TamilKadhalKavithaigal #RomanticQuotes #TamilKavithaigal #TamilLoveQuotes #TamilSadQuotes #TamilThathuvangal #TamilKavidhai #TamilPoems #TamilKavithaikal #TamilLoveStory #PoetryInTamil #LoveInTamil #TamilRomanticQuotes #TamilInstaPoetry #TamilQuoteLovers #InstaKavithai #KadhalInstagram","Save this poem as your little love reminder to brighten your day. If it touched your heart, leave a ❤, and share it with someone who needs to hear this. Let's spread love... save it, share it!

இக்கவிதையை உங்கள் நாளை சிறப்பாக்கும் காதல் நினைவாக சேமியுங்கள். இதன் உணர்வுகள் உங்கள் இதயத்தை தழுவி இருந்தால், ❤ கொடுக்கவும், இதை உணர வேண்டியவருடன் பகிரவும். காதலை பரப்புவோம்... சேமியுங்கள், பகிருங்கள்!",,"Tamil, English",1746793800
2025-05-10 18:00:00,White,KadhalThinamThinam149.png,f:\Quotes\InstaAutomation\KadhalThinamThinamInsta\White\KadhalThinamThinam149.png,https://raw.githubusercontent.com/mr-php20/amiableWrites/refs/heads/main/White/KadhalThinamThinam149.png,"#amiablewrites #kadhalthinamthinam #meendumorkadhalmazhai #karpanaiyokadhalvasam #peachhouseperson #Arivalan

#TamilKavithai #TamilPoetry #TamilLovePoems #KadhalKavithai #RomanticKavithai #TamilKadhal #TamilQuotes #TamilKadhalKavithaigal #RomanticQuotes #TamilKavithaigal #TamilLoveQuotes #TamilSadQuotes #TamilThathuvangal #TamilKavidhai #TamilPoems #TamilKavithaikal #TamilLoveStory #PoetryInTamil #LoveInTamil #TamilRomanticQuotes #TamilInstaPoetry #TamilQuoteLovers #InstaKavithai #KadhalInstagram","Save this poem as your little love reminder to brighten your day. If it touched your heart, leave a ❤, and share it with someone who needs to hear this. Let's spread love... save it, share it!

இக்கவிதையை உங்கள் நாளை சிறப்பாக்கும் காதல் நினைவாக சேமியுங்கள். இதன் உணர்வுகள் உங்கள் இதயத்தை தழுவி இருந்தால், ❤ கொடுக்கவும், இதை உணர வேண்டியவருடன் பகிரவும். காதலை பரப்புவோம்... சேமியுங்கள், பகிருங்கள்!",,"Tamil, English",1746880200
2025-05-11 18:00:00,Black,KadhalThinamThinam130.png,f:\Quotes\InstaAutomation\KadhalThinamThinamInsta\Black\KadhalThinamThinam130.png,https://raw.githubusercontent.com/mr-php20/amiableWrites/refs/heads/main/Black/KadhalThinamThinam130.png,"#amiablewrites #kadhalthinamthinam #meendumorkadhalmazhai #karpanaiyokadhalvasam #peachhouseperson #Arivalan

#TamilKavithai #TamilPoetry #TamilLovePoems #KadhalKavithai #RomanticKavithai #TamilKadhal #TamilQuotes #TamilKadhalKavithaigal #RomanticQuotes #TamilKavithaigal #TamilLoveQuotes #TamilSadQuotes #TamilThathuvangal #TamilKavidhai #TamilPoems #TamilKavithaikal #TamilLoveStory #PoetryInTamil #LoveInTamil #TamilRomanticQuotes #TamilInstaPoetry #TamilQuoteLovers #InstaKavithai #KadhalInstagram","Save this poem as your little love reminder to brighten your day. If it touched your heart, leave a ❤, and share it with someone who needs to hear this. Let's spread love... save it, share it!

இக்கவிதையை உங்கள் நாளை சிறப்பாக்கும் காதல் நினைவாக சேமியுங்கள். இதன் உணர்வுகள் உங்கள் இதயத்தை தழுவி இருந்தால், ❤ கொடுக்கவும், இதை உணர வேண்டியவருடன் பகிரவும். காதலை பரப்புவோம்... சேமியுங்கள், பகிருங்கள்!",,"Tamil, English",1746966600
2025-05-12 18:00:00,Color,0018_Blue_KadhalThinamThinam137.png,f:\Quotes\InstaAutomation\KadhalThinamThinamInsta\Spectrum\0018_Blue_KadhalThinamThinam137.png,https://raw.githubusercontent.com/mr-php20/amiableWrites/refs/heads/main/Spectrum/0018_Blue_KadhalThinamThinam137.png,"#amiablewrites #kadhalthinamthinam #meendumorkadhalmazhai #karpanaiyokadhalvasam #peachhouseperson #Arivalan

#TamilKavithai #TamilPoetry #TamilLovePoems #KadhalKavithai #RomanticKavithai #TamilKadhal #TamilQuotes #TamilKadhalKavithaigal #RomanticQuotes #TamilKavithaigal #TamilLoveQuotes #TamilSadQuotes #TamilThathuvangal #TamilKavidhai #TamilPoems #TamilKavithaikal #TamilLoveStory #PoetryInTamil #LoveInTamil #TamilRomanticQuotes #TamilInstaPoetry #TamilQuoteLovers #InstaKavithai #KadhalInstagram","Save this poem as your little love reminder to brighten your day. If it touched your heart, leave a ❤, and share it with someone who needs to hear this. Let's spread love... save it, share it!

இக்கவிதையை உங்கள் நாளை சிறப்பாக்கும் காதல் நினைவாக சேமியுங்கள். இதன் உணர்வுகள் உங்கள் இதயத்தை தழுவி இருந்தால், ❤ கொடுக்கவும், இதை உணர வேண்டியவருடன் பகிரவும். காதலை பரப்புவோம்... சேமியுங்கள், பகிருங்கள்!",,"Tamil, English",1747053000
2025-05-13 18:00:00,White,KadhalThinamThinam156.png,f:\Quotes\InstaAutomation\KadhalThinamThinamInsta\White\KadhalThinamThinam156.png,https://raw.githubusercontent.com/mr-php20/amiableWrites/refs/heads/main/White/KadhalThinamThinam156.png,"#amiablewrites #kadhalthinamthinam #meendumorkadhalmazhai #karpanaiyokadhalvasam #peachhouseperson #Arivalan

#TamilKavithai #TamilPoetry #TamilLovePoems #KadhalKavithai #RomanticKavithai #TamilKadhal #TamilQuotes #TamilKadhalKavithaigal #RomanticQuotes #TamilKavithaigal #TamilLoveQuotes #TamilSadQuotes #TamilThathuvangal #TamilKavidhai #TamilPoems #TamilKavithaikal #TamilLoveStory #PoetryInTamil #LoveInTamil #TamilRomanticQuotes #TamilInstaPoetry #TamilQuoteLovers #InstaKavithai #KadhalInstagram","Save this poem as your little love reminder to brighten your day. If it touched your heart, leave a ❤, and share it with someone who needs to hear this. Let's spread love... save it, share it!

இக்கவிதையை உங்கள் நாளை சிறப்பாக்கும் காதல் நினைவாக சேமியுங்கள். இதன் உணர்வுகள் உங்கள் இதயத்தை தழுவி இருந்தால், ❤ கொடுக்கவும், இதை உணர வேண்டியவருடன் பகிரவும். காதலை பரப்புவோம்... சேமியுங்கள், பகிருங்கள்!",,"Tamil, English",1747139400
2025-05-14 18:00:00,Black,KadhalThinamThinam142.png,f:\Quotes\InstaAutomation\KadhalThinamThinamInsta\Black\KadhalThinamThinam142.png,https://raw.githubusercontent.com/mr-php20/amiableWrites/refs/heads/main/Black/KadhalThinamThinam142.png,"#amiablewrites #kadhalthinamthinam #meendumorkadhalmazhai #karpanaiyokadhalvasam #peachhouseperson #Arivalan

#TamilKavithai #TamilPoetry #TamilLovePoems #KadhalKavithai #RomanticKavithai #TamilKadhal #TamilQuotes #TamilKadhalKavithaigal #RomanticQuotes #TamilKavithaigal #TamilLoveQuotes #TamilSadQuotes #TamilThathuvangal #TamilKavidhai #TamilPoems #TamilKavithaikal #TamilLoveStory #PoetryInTamil #LoveInTamil #TamilRomanticQuotes #TamilInstaPoetry #TamilQuoteLovers #InstaKavithai #KadhalInstagram","Save this poem as your little love reminder to brighten your day. If it touched your heart, leave a ❤, and share it with someone who needs to hear this. Let's spread love... save it, share it!

இக்கவிதையை உங்கள் நாளை சிறப்பாக்கும் காதல் நினைவாக சேமியுங்கள். இதன் உணர்வுகள் உங்கள் இதயத்தை தழுவி இருந்தால், ❤ கொடுக்கவும், இதை உணர வேண்டியவருடன் பகிரவும். காதலை பரப்புவோம்... சேமியுங்கள், பகிருங்கள்!",,"Tamil, English",1747225800
2025-05-15 18:00:00,Color,0019_Blue_KadhalThinamThinam357.png,f:\Quotes\InstaAutomation\KadhalThinamThinamInsta\Spectrum\0019_Blue_KadhalThinamThinam357.png,https://raw.githubusercontent.com/mr-php20/amiableWrites/refs/heads/main/Spectrum/0019_Blue_KadhalThinamThinam357.png,"#amiablewrites #kadhalthinamthinam #meendumorkadhalmazhai #karpanaiyokadhalvasam #peachhouseperson #Arivalan

#TamilKavithai #TamilPoetry #TamilLovePoems #KadhalKavithai #RomanticKavithai #TamilKadhal #TamilQuotes #TamilKadhalKavithaigal #RomanticQuotes #TamilKavithaigal #TamilLoveQuotes #TamilSadQuotes #TamilThathuvangal #TamilKavidhai #TamilPoems #TamilKavithaikal #TamilLoveStory #PoetryInTamil #LoveInTamil #TamilRomanticQuotes #TamilInstaPoetry #TamilQuoteLovers #InstaKavithai #KadhalInstagram","Save this poem as your little love reminder to brighten your day. If it touched your heart, leave a ❤, and share it with someone who needs to hear this. Let's spread love... save it, share it!

இக்கவிதையை உங்கள் நாளை சிறப்பாக்கும் காதல் நினைவாக சேமியுங்கள். இதன் உணர்வுகள் உங்கள் இதயத்தை தழுவி இருந்தால், ❤ கொடுக்கவும், இதை உணர வேண்டியவருடன் பகிரவும். காதலை பரப்புவோம்... சேமியுங்கள், பகிருங்கள்!",,"Tamil, English",1747312200
2025-05-16 18:00:00,White,KadhalThinamThinam157.png,f:\Quotes\InstaAutomation\KadhalThinamThinamInsta\White\KadhalThinamThinam157.png,https://raw.githubusercontent.com/mr-php20/amiableWrites/refs/heads/main/White/KadhalThinamThinam157.png,"#amiablewrites #kadhalthinamthinam #meendumorkadhalmazhai #karpanaiyokadhalvasam #peachhouseperson #Arivalan

#TamilKavithai #TamilPoetry #TamilLovePoems #KadhalKavithai #RomanticKavithai #TamilKadhal #TamilQuotes #TamilKadhalKavithaigal #RomanticQuotes #TamilKavithaigal #TamilLoveQuotes #TamilSadQuotes #TamilThathuvangal #TamilKavidhai #TamilPoems #TamilKavithaikal #TamilLoveStory #PoetryInTamil #LoveInTamil #TamilRomanticQuotes #TamilInstaPoetry #TamilQuoteLovers #InstaKavithai #KadhalInstagram","Save this poem as your little love reminder to brighten your day. If it touched your heart, leave a ❤, and share it with someone who needs to hear this. Let's spread love... save it, share it!

இக்கவிதையை உங்கள் நாளை சிறப்பாக்கும் காதல் நினைவாக சேமியுங்கள். இதன் உணர்வுகள் உங்கள் இதயத்தை தழுவி இருந்தால், ❤ கொடுக்கவும், இதை உணர வேண்டியவருடன் பகிரவும். காதலை பரப்புவோம்... சேமியுங்கள், பகிருங்கள்!",,"Tamil, English",1747398600
2025-05-17 18:00:00,Black,KadhalThinamThinam143.png,f:\Quotes\InstaAutomation\KadhalThinamThinamInsta\Black\KadhalThinamThinam143.png,https://raw.githubusercontent.com/mr-php20/amiableWrites/refs/heads/main/Black/KadhalThinamThinam143.png,"#amiablewrites #kadhalthinamthinam #meendumorkadhalmazhai #karpanaiyokadhalvasam #peachhouseperson #Arivalan

#TamilKavithai #TamilPoetry #TamilLovePoems #KadhalKavithai #RomanticKavithai #TamilKadhal #TamilQuotes #TamilKadhalKavithaigal #RomanticQuotes #TamilKavithaigal #TamilLoveQuotes #TamilSadQuotes #TamilThathuvangal #TamilKavidhai #TamilPoems #TamilKavithaikal #TamilLoveStory #PoetryInTamil #LoveInTamil #TamilRomanticQuotes #TamilInstaPoetry #TamilQuoteLovers #InstaKavithai #KadhalInstagram","Save this poem as your little love reminder to brighten your day. If it touched your heart, leave a ❤, and share it with someone who needs to hear this. Let's spread love... save it, share it!

இக்கவிதையை உங்கள் நாளை சிறப்பாக்கும் காதல் நினைவாக சேமியுங்கள். இதன் உணர்வுகள் உங்கள் இதயத்தை தழுவி இருந்தால், ❤ கொடுக்கவும், இதை உணர வேண்டியவருடன் பகிரவும். காதலை பரப்புவோம்... சேமியுங்கள், பகிருங்கள்!",,"Tamil, English",1747485000
2025-05-18 18:00:00,Color,0020_Blue_KadhalThinamThinam191.png,f:\Quotes\InstaAutomation\KadhalThinamThinamInsta\Spectrum\0020_Blue_KadhalThinamThinam191.png,https://raw.githubusercontent.com/mr-php20/amiableWrites/refs/heads/main/Spectrum/0020_Blue_KadhalThinamThinam191.png,"#amiablewrites #kadhalthinamthinam #meendumorkadhalmazhai #karpanaiyokadhalvasam #peachhouseperson #Arivalan

#TamilKavithai #TamilPoetry #TamilLovePoems #KadhalKavithai #RomanticKavithai #TamilKadhal #TamilQuotes #TamilKadhalKavithaigal #RomanticQuotes #TamilKavithaigal #TamilLoveQuotes #TamilSadQuotes #TamilThathuvangal #TamilKavidhai #TamilPoems #TamilKavithaikal #TamilLoveStory #PoetryInTamil #LoveInTamil #TamilRomanticQuotes #TamilInstaPoetry #TamilQuoteLovers #InstaKavithai #KadhalInstagram","Save this poem as your little love reminder to brighten your day. If it touched your heart, leave a ❤, and share it with someone who needs to hear this. Let's spread love... save it, share it!

இக்கவிதையை உங்கள் நாளை சிறப்பாக்கும் காதல் நினைவாக சேமியுங்கள். இதன் உணர்வுகள் உங்கள் இதயத்தை தழுவி இருந்தால், ❤ கொடுக்கவும், இதை உணர வேண்டியவருடன் பகிரவும். காதலை பரப்புவோம்... சேமியுங்கள், பகிருங்கள்!",,"Tamil, English",1747571400
2025-05-19 18:00:00,White,KadhalThinamThinam161.png,f:\Quotes\InstaAutomation\KadhalThinamThinamInsta\White\KadhalThinamThinam161.png,https://raw.githubusercontent.com/mr-php20/amiableWrites/refs/heads/main/White/KadhalThinamThinam161.png,"#amiablewrites #kadhalthinamthinam #meendumorkadhalmazhai #karpanaiyokadhalvasam #peachhouseperson #Arivalan

#TamilKavithai #TamilPoetry #TamilLovePoems #KadhalKavithai #RomanticKavithai #TamilKadhal #TamilQuotes #TamilKadhalKavithaigal #RomanticQuotes #TamilKavithaigal #TamilLoveQuotes #TamilSadQuotes #TamilThathuvangal #TamilKavidhai #TamilPoems #TamilKavithaikal #TamilLoveStory #PoetryInTamil #LoveInTamil #TamilRomanticQuotes #TamilInstaPoetry #TamilQuoteLovers #InstaKavithai #KadhalInstagram","Save this poem as your little love reminder to brighten your day. If it touched your heart, leave a ❤, and share it with someone who needs to hear this. Let's spread love... save it, share it!

இக்கவிதையை உங்கள் நாளை சிறப்பாக்கும் காதல் நினைவாக சேமியுங்கள். இதன் உணர்வுகள் உங்கள் இதயத்தை தழுவி இருந்தால், ❤ கொடுக்கவும், இதை உணர வேண்டியவருடன் பகிரவும். காதலை பரப்புவோம்... சேமியுங்கள், பகிருங்கள்!",,"Tamil, English",1747657800
2025-05-20 18:00:00,Black,KadhalThinamThinam144.png,f:\Quotes\InstaAutomation\KadhalThinamThinamInsta\Black\KadhalThinamThinam144.png,https://raw.githubusercontent.com/mr-php20/amiableWrites/refs/heads/main/Black/KadhalThinamThinam144.png,"#amiablewrites #kadhalthinamthinam #meendumorkadhalmazhai #karpanaiyokadhalvasam #peachhouseperson #Arivalan

#TamilKavithai #TamilPoetry #TamilLovePoems #KadhalKavithai #RomanticKavithai #TamilKadhal #TamilQuotes #TamilKadhalKavithaigal #RomanticQuotes #TamilKavithaigal #TamilLoveQuotes #TamilSadQuotes #TamilThathuvangal #TamilKavidhai #TamilPoems #TamilKavithaikal #TamilLoveStory #PoetryInTamil #LoveInTamil #TamilRomanticQuotes #TamilInstaPoetry #TamilQuoteLovers #InstaKavithai #KadhalInstagram","Save this poem as your little love reminder to brighten your day. If it touched your heart, leave a ❤, and share it with someone who needs to hear this. Let's spread love... save it, share it!

இக்கவிதையை உங்கள் நாளை சிறப்பாக்கும் காதல் நினைவாக சேமியுங்கள். இதன் உணர்வுகள் உங்கள் இதயத்தை தழுவி இருந்தால், ❤ கொடுக்கவும், இதை உணர வேண்டியவருடன் பகிரவும். காதலை பரப்புவோம்... சேமியுங்கள், பகிருங்கள்!",,"Tamil, English",1747744200
2025-05-21 18:00:00,Color,0021_Blue_KadhalThinamThinam184.png,f:\Quotes\InstaAutomation\KadhalThinamThinamInsta\Spectrum\0021_Blue_KadhalThinamThinam184.png,https://raw.githubusercontent.com/mr-php20/amiableWrites/refs/heads/main/Spectrum/0021_Blue_KadhalThinamThinam184.png,"#amiablewrites #kadhalthinamthinam #meendumorkadhalmazhai #karpanaiyokadhalvasam #peachhouseperson #Arivalan

#TamilKavithai #TamilPoetry #TamilLovePoems #KadhalKavithai #RomanticKavithai #TamilKadhal #TamilQuotes #TamilKadhalKavithaigal #RomanticQuotes #TamilKavithaigal #TamilLoveQuotes #TamilSadQuotes #TamilThathuvangal #TamilKavidhai #TamilPoems #TamilKavithaikal #TamilLoveStory #PoetryInTamil #LoveInTamil #TamilRomanticQuotes #TamilInstaPoetry #TamilQuoteLovers #InstaKavithai #KadhalInstagram","Save this poem as your little love reminder to brighten your day. If it touched your heart, leave a ❤, and share it with someone who needs to hear this. Let's spread love... save it, share it!

இக்கவிதையை உங்கள் நாளை சிறப்பாக்கும் காதல் நினைவாக சேமியுங்கள். இதன் உணர்வுகள் உங்கள் இதயத்தை தழுவி இருந்தால், ❤ கொடுக்கவும், இதை உணர வேண்டியவருடன் பகிரவும். காதலை பரப்புவோம்... சேமியுங்கள், பகிருங்கள்!",,"Tamil, English",1747830600
2025-05-22 18:00:00,White,KadhalThinamThinam162.png,f:\Quotes\InstaAutomation\KadhalThinamThinamInsta\White\KadhalThinamThinam162.png,https://raw.githubusercontent.com/mr-php20/amiableWrites/refs/heads/main/White/KadhalThinamThinam162.png,"#amiablewrites #kadhalthinamthinam #meendumorkadhalmazhai #karpanaiyokadhalvasam #peachhouseperson #Arivalan

#TamilKavithai #TamilPoetry #TamilLovePoems #KadhalKavithai #RomanticKavithai #TamilKadhal #TamilQuotes #TamilKadhalKavithaigal #RomanticQuotes #TamilKavithaigal #TamilLoveQuotes #TamilSadQuotes #TamilThathuvangal #TamilKavidhai #TamilPoems #TamilKavithaikal #TamilLoveStory #PoetryInTamil #LoveInTamil #TamilRomanticQuotes #TamilInstaPoetry #TamilQuoteLovers #InstaKavithai #KadhalInstagram","Save this poem as your little love reminder to brighten your day. If it touched your heart, leave a ❤, and share it with someone who needs to hear this. Let's spread love... save it, share it!

இக்கவிதையை உங்கள் நாளை சிறப்பாக்கும் காதல் நினைவாக சேமியுங்கள். இதன் உணர்வுகள் உங்கள் இதயத்தை தழுவி இருந்தால், ❤ கொடுக்கவும், இதை உணர வேண்டியவருடன் பகிரவும். காதலை பரப்புவோம்... சேமியுங்கள், பகிருங்கள்!",,"Tamil, English",1747917000
2025-05-23 18:00:00,Black,KadhalThinamThinam152.png,f:\Quotes\InstaAutomation\KadhalThinamThinamInsta\Black\KadhalThinamThinam152.png,https://raw.githubusercontent.com/mr-php20/amiableWrites/refs/heads/main/Black/KadhalThinamThinam152.png,"#amiablewrites #kadhalthinamthinam #meendumorkadhalmazhai #karpanaiyokadhalvasam #peachhouseperson #Arivalan

#TamilKavithai #TamilPoetry #TamilLovePoems #KadhalKavithai #RomanticKavithai #TamilKadhal #TamilQuotes #TamilKadhalKavithaigal #RomanticQuotes #TamilKavithaigal #TamilLoveQuotes #TamilSadQuotes #TamilThathuvangal #TamilKavidhai #TamilPoems #TamilKavithaikal #TamilLoveStory #PoetryInTamil #LoveInTamil #TamilRomanticQuotes #TamilInstaPoetry #TamilQuoteLovers #InstaKavithai #KadhalInstagram","Save this poem as your little love reminder to brighten your day. If it touched your heart, leave a ❤, and share it with someone who needs to hear this. Let's spread love... save it, share it!

இக்கவிதையை உங்கள் நாளை சிறப்பாக்கும் காதல் நினைவாக சேமியுங்கள். இதன் உணர்வுகள் உங்கள் இதயத்தை தழுவி இருந்தால், ❤ கொடுக்கவும், இதை உணர வேண்டியவருடன் பகிரவும். காதலை பரப்புவோம்... சேமியுங்கள், பகிருங்கள்!",,"Tamil, English",1748003400
2025-05-24 18:00:00,Color,0022_Blue_KadhalThinamThinam247.png,f:\Quotes\InstaAutomation\KadhalThinamThinamInsta\Spectrum\0022_Blue_KadhalThinamThinam247.png,https://raw.githubusercontent.com/mr-php20/amiableWrites/refs/heads/main/Spectrum/0022_Blue_KadhalThinamThinam247.png,"#amiablewrites #kadhalthinamthinam #meendumorkadhalmazhai #karpanaiyokadhalvasam #peachhouseperson #Arivalan

#TamilKavithai #TamilPoetry #TamilLovePoems #KadhalKavithai #RomanticKavithai #TamilKadhal #TamilQuotes #TamilKadhalKavithaigal #RomanticQuotes #TamilKavithaigal #TamilLoveQuotes #TamilSadQuotes #TamilThathuvangal #TamilKavidhai #TamilPoems #TamilKavithaikal #TamilLoveStory #PoetryInTamil #LoveInTamil #TamilRomanticQuotes #TamilInstaPoetry #TamilQuoteLovers #InstaKavithai #KadhalInstagram","Save this poem as your little love reminder to brighten your day. If it touched your heart, leave a ❤, and share it with someone who needs to hear this. Let's spread love... save it, share it!

இக்கவிதையை உங்கள் நாளை சிறப்பாக்கும் காதல் நினைவாக சேமியுங்கள். இதன் உணர்வுகள் உங்கள் இதயத்தை தழுவி இருந்தால், ❤ கொடுக்கவும், இதை உணர வேண்டியவருடன் பகிரவும். காதலை பரப்புவோம்... சேமியுங்கள், பகிருங்கள்!",,"Tamil, English",1748089800
2025-05-25 18:00:00,White,KadhalThinamThinam164.png,f:\Quotes\InstaAutomation\KadhalThinamThinamInsta\White\KadhalThinamThinam164.png,https://raw.githubusercontent.com/mr-php20/amiableWrites/refs/heads/main/White/KadhalThinamThinam164.png,"#amiablewrites #kadhalthinamthinam #meendumorkadhalmazhai #karpanaiyokadhalvasam #peachhouseperson #Arivalan

#TamilKavithai #TamilPoetry #TamilLovePoems #KadhalKavithai #RomanticKavithai #TamilKadhal #TamilQuotes #TamilKadhalKavithaigal #RomanticQuotes #TamilKavithaigal #TamilLoveQuotes #TamilSadQuotes #TamilThathuvangal #TamilKavidhai #TamilPoems #TamilKavithaikal #TamilLoveStory #PoetryInTamil #LoveInTamil #TamilRomanticQuotes #TamilInstaPoetry #TamilQuoteLovers #InstaKavithai #KadhalInstagram","Save this poem as your little love reminder to brighten your day. If it touched your heart, leave a ❤, and share it with someone who needs to hear this. Let's spread love... save it, share it!

இக்கவிதையை உங்கள் நாளை சிறப்பாக்கும் காதல் நினைவாக சேமியுங்கள். இதன் உணர்வுகள் உங்கள் இதயத்தை தழுவி இருந்தால், ❤ கொடுக்கவும், இதை உணர வேண்டியவருடன் பகிரவும். காதலை பரப்புவோம்... சேமியுங்கள், பகிருங்கள்!",,"Tamil, English",1748176200
2025-05-26 18:00:00,Black,KadhalThinamThinam160.png,f:\Quotes\InstaAutomation\KadhalThinamThinamInsta\Black\KadhalThinamThinam160.png,https://raw.githubusercontent.com/mr-php20/amiableWrites/refs/heads/main/Black/KadhalThinamThinam160.png,"#amiablewrites #kadhalthinamthinam #meendumorkadhalmazhai #karpanaiyokadhalvasam #peachhouseperson #Arivalan

#TamilKavithai #TamilPoetry #TamilLovePoems #KadhalKavithai #RomanticKavithai #TamilKadhal #TamilQuotes #TamilKadhalKavithaigal #RomanticQuotes #TamilKavithaigal #TamilLoveQuotes #TamilSadQuotes #TamilThathuvangal #TamilKavidhai #TamilPoems #TamilKavithaikal #TamilLoveStory #PoetryInTamil #LoveInTamil #TamilRomanticQuotes #TamilInstaPoetry #TamilQuoteLovers #InstaKavithai #KadhalInstagram","Save this poem as your little love reminder to brighten your day. If it touched your heart, leave a ❤, and share it with someone who needs to hear this. Let's spread love... save it, share it!

இக்கவிதையை உங்கள் நாளை சிறப்பாக்கும் காதல் நினைவாக சேமியுங்கள். இதன் உணர்வுகள் உங்கள் இதயத்தை தழுவி இருந்தால், ❤ கொடுக்கவும், இதை உணர வேண்டியவருடன் பகிரவும். காதலை பரப்புவோம்... சேமியுங்கள், பகிருங்கள்!",,"Tamil, English",1748262600
2025-05-27 18:00:00,Color,0023_Blue_KadhalThinamThinam168.png,f:\Quotes\InstaAutomation\KadhalThinamThinamInsta\Spectrum\0023_Blue_KadhalThinamThinam168.png,https://raw.githubusercontent.com/mr-php20/amiableWrites/refs/heads/main/Spectrum/0023_Blue_KadhalThinamThinam168.png,"#amiablewrites #kadhalthinamthinam #meendumorkadhalmazhai #karpanaiyokadhalvasam #peachhouseperson #Arivalan

#TamilKavithai #TamilPoetry #TamilLovePoems #KadhalKavithai #RomanticKavithai #TamilKadhal #TamilQuotes #TamilKadhalKavithaigal #RomanticQuotes #TamilKavithaigal #TamilLoveQuotes #TamilSadQuotes #TamilThathuvangal #TamilKavidhai #TamilPoems #TamilKavithaikal #TamilLoveStory #PoetryInTamil #LoveInTamil #TamilRomanticQuotes #TamilInstaPoetry #TamilQuoteLovers #InstaKavithai #KadhalInstagram","Save this poem as your little love reminder to brighten your day. If it touched your heart, leave a ❤, and share it with someone who needs to hear this. Let's spread love... save it, share it!

இக்கவிதையை உங்கள் நாளை சிறப்பாக்கும் காதல் நினைவாக சேமியுங்கள். இதன் உணர்வுகள் உங்கள் இதயத்தை தழுவி இருந்தால், ❤ கொடுக்கவும், இதை உணர வேண்டியவருடன் பகிரவும். காதலை பரப்புவோம்... சேமியுங்கள், பகிருங்கள்!",,"Tamil, English",1748349000
2025-05-28 18:00:00,White,KadhalThinamThinam165.png,f:\Quotes\InstaAutomation\KadhalThinamThinamInsta\White\KadhalThinamThinam165.png,https://raw.githubusercontent.com/mr-php20/amiableWrites/refs/heads/main/White/KadhalThinamThinam165.png,"#amiablewrites #kadhalthinamthinam #meendumorkadhalmazhai #karpanaiyokadhalvasam #peachhouseperson #Arivalan

#TamilKavithai #TamilPoetry #TamilLovePoems #KadhalKavithai #RomanticKavithai #TamilKadhal #TamilQuotes #TamilKadhalKavithaigal #RomanticQuotes #TamilKavithaigal #TamilLoveQuotes #TamilSadQuotes #TamilThathuvangal #TamilKavidhai #TamilPoems #TamilKavithaikal #TamilLoveStory #PoetryInTamil #LoveInTamil #TamilRomanticQuotes #TamilInstaPoetry #TamilQuoteLovers #InstaKavithai #KadhalInstagram","Save this poem as your little love reminder to brighten your day. If it touched your heart, leave a ❤, and share it with someone who needs to hear this. Let's spread love... save it, share it!

இக்கவிதையை உங்கள் நாளை சிறப்பாக்கும் காதல் நினைவாக சேமியுங்கள். இதன் உணர்வுகள் உங்கள் இதயத்தை தழுவி இருந்தால், ❤ கொடுக்கவும், இதை உணர வேண்டியவருடன் பகிரவும். காதலை பரப்புவோம்... சேமியுங்கள், பகிருங்கள்!",,"Tamil, English",1748435400
2025-05-29 18:00:00,Black,KadhalThinamThinam174.png,f:\Quotes\InstaAutomation\KadhalThinamThinamInsta\Black\KadhalThinamThinam174.png,https://raw.githubusercontent.com/mr-php20/amiableWrites/refs/heads/main/Black/KadhalThinamThinam174.png,"#amiablewrites #kadhalthinamthinam #meendumorkadhalmazhai #karpanaiyokadhalvasam #peachhouseperson #Arivalan

#TamilKavithai #TamilPoetry #TamilLovePoems #KadhalKavithai #RomanticKavithai #TamilKadhal #TamilQuotes #TamilKadhalKavithaigal #RomanticQuotes #TamilKavithaigal #TamilLoveQuotes #TamilSadQuotes #TamilThathuvangal #TamilKavidhai #TamilPoems #TamilKavithaikal #TamilLoveStory #PoetryInTamil #LoveInTamil #TamilRomanticQuotes #TamilInstaPoetry #TamilQuoteLovers #InstaKavithai #KadhalInstagram","Save this poem as your little love reminder to brighten your day. If it touched your heart, leave a ❤, and share it with someone who needs to hear this. Let's spread love... save it, share it!

இக்கவிதையை உங்கள் நாளை சிறப்பாக்கும் காதல் நினைவாக சேமியுங்கள். இதன் உணர்வுகள் உங்கள் இதயத்தை தழுவி இருந்தால், ❤ கொடுக்கவும், இதை உணர வேண்டியவருடன் பகிரவும். காதலை பரப்புவோம்... சேமியுங்கள், பகிருங்கள்!",,"Tamil, English",1748521800
2025-05-30 18:00:00,Color,0024_Blue_KadhalThinamThinam258.png,f:\Quotes\InstaAutomation\KadhalThinamThinamInsta\Spectrum\0024_Blue_KadhalThinamThinam258.png,https://raw.githubusercontent.com/mr-php20/amiableWrites/refs/heads/main/Spectrum/0024_Blue_KadhalThinamThinam258.png,"#amiablewrites #kadhalthinamthinam #meendumorkadhalmazhai #karpanaiyokadhalvasam #peachhouseperson #Arivalan

#TamilKavithai #TamilPoetry #TamilLovePoems #KadhalKavithai #RomanticKavithai #TamilKadhal #TamilQuotes #TamilKadhalKavithaigal #RomanticQuotes #TamilKavithaigal #TamilLoveQuotes #TamilSadQuotes #TamilThathuvangal #TamilKavidhai #TamilPoems #TamilKavithaikal #TamilLoveStory #PoetryInTamil #LoveInTamil #TamilRomanticQuotes #TamilInstaPoetry #TamilQuoteLovers #InstaKavithai #KadhalInstagram","Save this poem as your little love reminder to brighten your day. If it touched your heart, leave a ❤, and share it with someone who needs to hear this. Let's spread love... save it, share it!

இக்கவிதையை உங்கள் நாளை சிறப்பாக்கும் காதல் நினைவாக சேமியுங்கள். இதன் உணர்வுகள் உங்கள் இதயத்தை தழுவி இருந்தால், ❤ கொடுக்கவும், இதை உணர வேண்டியவருடன் பகிரவும். காதலை பரப்புவோம்... சேமியுங்கள், பகிருங்கள்!",,"Tamil, English",1748608200
2025-05-31 18:00:00,White,KadhalThinamThinam166.png,f:\Quotes\InstaAutomation\KadhalThinamThinamInsta\White\KadhalThinamThinam166.png,https://raw.githubusercontent.com/mr-php20/amiableWrites/refs/heads/main/White/KadhalThinamThinam166.png,"#amiablewrites #kadhalthinamthinam #meendumorkadhalmazhai #karpanaiyokadhalvasam #peachhouseperson #Arivalan

#TamilKavithai #TamilPoetry #TamilLovePoems #KadhalKavithai #RomanticKavithai #TamilKadhal #TamilQuotes #TamilKadhalKavithaigal #RomanticQuotes #TamilKavithaigal #TamilLoveQuotes #TamilSadQuotes #TamilThathuvangal #TamilKavidhai #TamilPoems #TamilKavithaikal #TamilLoveStory #PoetryInTamil #LoveInTamil #TamilRomanticQuotes #TamilInstaPoetry #TamilQuoteLovers #InstaKavithai #KadhalInstagram","Save this poem as your little love reminder to brighten your day. If it touched your heart, leave a ❤, and share it with someone who needs to hear this. Let's spread love... save it, share it!

இக்கவிதையை உங்கள் நாளை சிறப்பாக்கும் காதல் நினைவாக சேமியுங்கள். இதன் உணர்வுகள் உங்கள் இதயத்தை தழுவி இருந்தால், ❤ கொடுக்கவும், இதை உணர வேண்டியவருடன் பகிரவும். காதலை பரப்புவோம்... சேமியுங்கள், பகிருங்கள்!",,"Tamil, English",1748694600
2025-06-01 18:00:00,Black,KadhalThinamThinam180.png,f:\Quotes\InstaAutomation\KadhalThinamThinamInsta\Black\KadhalThinamThinam180.png,https://raw.githubusercontent.com/mr-php20/amiableWrites/refs/heads/main/Black/KadhalThinamThinam180.png,"#amiablewrites #kadhalthinamthinam #meendumorkadhalmazhai #karpanaiyokadhalvasam #peachhouseperson #Arivalan

#TamilKavithai #TamilPoetry #TamilLovePoems #KadhalKavithai #RomanticKavithai #TamilKadhal #TamilQuotes #TamilKadhalKavithaigal #RomanticQuotes #TamilKavithaigal #TamilLoveQuotes #TamilSadQuotes #TamilThathuvangal #TamilKavidhai #TamilPoems #TamilKavithaikal #TamilLoveStory #PoetryInTamil #LoveInTamil #TamilRomanticQuotes #TamilInstaPoetry #TamilQuoteLovers #InstaKavithai #KadhalInstagram","Save this poem as your little love reminder to brighten your day. If it touched your heart, leave a ❤, and share it with someone who needs to hear this. Let's spread love... save it, share it!

இக்கவிதையை உங்கள் நாளை சிறப்பாக்கும் காதல் நினைவாக சேமியுங்கள். இதன் உணர்வுகள் உங்கள் இதயத்தை தழுவி இருந்தால், ❤ கொடுக்கவும், இதை உணர வேண்டியவருடன் பகிரவும். காதலை பரப்புவோம்... சேமியுங்கள், பகிருங்கள்!",,"Tamil, English",1748781000
2025-06-02 18:00:00,Color,0025_Blue_KadhalThinamThinam349.png,f:\Quotes\InstaAutomation\KadhalThinamThinamInsta\Spectrum\0025_Blue_KadhalThinamThinam349.png,https://raw.githubusercontent.com/mr-php20/amiableWrites/refs/heads/main/Spectrum/0025_Blue_KadhalThinamThinam349.png,"#amiablewrites #kadhalthinamthinam #meendumorkadhalmazhai #karpanaiyokadhalvasam #peachhouseperson #Arivalan

#TamilKavithai #TamilPoetry #TamilLovePoems #KadhalKavithai #RomanticKavithai #TamilKadhal #TamilQuotes #TamilKadhalKavithaigal #RomanticQuotes #TamilKavithaigal #TamilLoveQuotes #TamilSadQuotes #TamilThathuvangal #TamilKavidhai #TamilPoems #TamilKavithaikal #TamilLoveStory #PoetryInTamil #LoveInTamil #TamilRomanticQuotes #TamilInstaPoetry #TamilQuoteLovers #InstaKavithai #KadhalInstagram","Save this poem as your little love reminder to brighten your day. If it touched your heart, leave a ❤, and share it with someone who needs to hear this. Let's spread love... save it, share it!

இக்கவிதையை உங்கள் நாளை சிறப்பாக்கும் காதல் நினைவாக சேமியுங்கள். இதன் உணர்வுகள் உங்கள் இதயத்தை தழுவி இருந்தால், ❤ கொடுக்கவும், இதை உணர வேண்டியவருடன் பகிரவும். காதலை பரப்புவோம்... சேமியுங்கள், பகிருங்கள்!",,"Tamil, English",1748867400
2025-06-03 18:00:00,White,KadhalThinamThinam167.png,f:\Quotes\InstaAutomation\KadhalThinamThinamInsta\White\KadhalThinamThinam167.png,https://raw.githubusercontent.com/mr-php20/amiableWrites/refs/heads/main/White/KadhalThinamThinam167.png,"#amiablewrites #kadhalthinamthinam #meendumorkadhalmazhai #karpanaiyokadhalvasam #peachhouseperson #Arivalan

#TamilKavithai #TamilPoetry #TamilLovePoems #KadhalKavithai #RomanticKavithai #TamilKadhal #TamilQuotes #TamilKadhalKavithaigal #RomanticQuotes #TamilKavithaigal #TamilLoveQuotes #TamilSadQuotes #TamilThathuvangal #TamilKavidhai #TamilPoems #TamilKavithaikal #TamilLoveStory #PoetryInTamil #LoveInTamil #TamilRomanticQuotes #TamilInstaPoetry #TamilQuoteLovers #InstaKavithai #KadhalInstagram","Save this poem as your little love reminder to brighten your day. If it touched your heart, leave a ❤, and share it with someone who needs to hear this. Let's spread love... save it, share it!

இக்கவிதையை உங்கள் நாளை சிறப்பாக்கும் காதல் நினைவாக சேமியுங்கள். இதன் உணர்வுகள் உங்கள் இதயத்தை தழுவி இருந்தால், ❤ கொடுக்கவும், இதை உணர வேண்டியவருடன் பகிரவும். காதலை பரப்புவோம்... சேமியுங்கள், பகிருங்கள்!",,"Tamil, English",1748953800
2025-06-04 18:00:00,Black,KadhalThinamThinam189.png,f:\Quotes\InstaAutomation\KadhalThinamThinamInsta\Black\KadhalThinamThinam189.png,https://raw.githubusercontent.com/mr-php20/amiableWrites/refs/heads/main/Black/KadhalThinamThinam189.png,"#amiablewrites #kadhalthinamthinam #meendumorkadhalmazhai #karpanaiyokadhalvasam #peachhouseperson #Arivalan

#TamilKavithai #TamilPoetry #TamilLovePoems #KadhalKavithai #RomanticKavithai #TamilKadhal #TamilQuotes #TamilKadhalKavithaigal #RomanticQuotes #TamilKavithaigal #TamilLoveQuotes #TamilSadQuotes #TamilThathuvangal #TamilKavidhai #TamilPoems #TamilKavithaikal #TamilLoveStory #PoetryInTamil #LoveInTamil #TamilRomanticQuotes #TamilInstaPoetry #TamilQuoteLovers #InstaKavithai #KadhalInstagram","Save this poem as your little love reminder to brighten your day. If it touched your heart, leave a ❤, and share it with someone who needs to hear this. Let's spread love... save it, share it!

இக்கவிதையை உங்கள் நாளை சிறப்பாக்கும் காதல் நினைவாக சேமியுங்கள். இதன் உணர்வுகள் உங்கள் இதயத்தை தழுவி இருந்தால், ❤ கொடுக்கவும், இதை உணர வேண்டியவருடன் பகிரவும். காதலை பரப்புவோம்... சேமியுங்கள், பகிருங்கள்!",,"Tamil, English",1749040200
2025-06-05 18:00:00,Color,0026_Blue_KadhalThinamThinam257.png,f:\Quotes\InstaAutomation\KadhalThinamThinamInsta\Spectrum\0026_Blue_KadhalThinamThinam257.png,https://raw.githubusercontent.com/mr-php20/amiableWrites/refs/heads/main/Spectrum/0026_Blue_KadhalThinamThinam257.png,"#amiablewrites #kadhalthinamthinam #meendumorkadhalmazhai #karpanaiyokadhalvasam #peachhouseperson #Arivalan

#TamilKavithai #TamilPoetry #TamilLovePoems #KadhalKavithai #RomanticKavithai #TamilKadhal #TamilQuotes #TamilKadhalKavithaigal #RomanticQuotes #TamilKavithaigal #TamilLoveQuotes #TamilSadQuotes #TamilThathuvangal #TamilKavidhai #TamilPoems #TamilKavithaikal #TamilLoveStory #PoetryInTamil #LoveInTamil #TamilRomanticQuotes #TamilInstaPoetry #TamilQuoteLovers #InstaKavithai #KadhalInstagram","Save this poem as your little love reminder to brighten your day. If it touched your heart, leave a ❤, and share it with someone who needs to hear this. Let's spread love... save it, share it!

இக்கவிதையை உங்கள் நாளை சிறப்பாக்கும் காதல் நினைவாக சேமியுங்கள். இதன் உணர்வுகள் உங்கள் இதயத்தை தழுவி இருந்தால், ❤ கொடுக்கவும், இதை உணர வேண்டியவருடன் பகிரவும். காதலை பரப்புவோம்... சேமியுங்கள், பகிருங்கள்!",,"Tamil, English",1749126600
2025-06-06 18:00:00,White,KadhalThinamThinam169.png,f:\Quotes\InstaAutomation\KadhalThinamThinamInsta\White\KadhalThinamThinam169.png,https://raw.githubusercontent.com/mr-php20/amiableWrites/refs/heads/main/White/KadhalThinamThinam169.png,"#amiablewrites #kadhalthinamthinam #meendumorkadhalmazhai #karpanaiyokadhalvasam #peachhouseperson #Arivalan

#TamilKavithai #TamilPoetry #TamilLovePoems #KadhalKavithai #RomanticKavithai #TamilKadhal #TamilQuotes #TamilKadhalKavithaigal #RomanticQuotes #TamilKavithaigal #TamilLoveQuotes #TamilSadQuotes #TamilThathuvangal #TamilKavidhai #TamilPoems #TamilKavithaikal #TamilLoveStory #PoetryInTamil #LoveInTamil #TamilRomanticQuotes #TamilInstaPoetry #TamilQuoteLovers #InstaKavithai #KadhalInstagram","Save this poem as your little love reminder to brighten your day. If it touched your heart, leave a ❤, and share it with someone who needs to hear this. Let's spread love... save it, share it!

இக்கவிதையை உங்கள் நாளை சிறப்பாக்கும் காதல் நினைவாக சேமியுங்கள். இதன் உணர்வுகள் உங்கள் இதயத்தை தழுவி இருந்தால், ❤ கொடுக்கவும், இதை உணர வேண்டியவருடன் பகிரவும். காதலை பரப்புவோம்... சேமியுங்கள், பகிருங்கள்!",,"Tamil, English",1749213000
2025-06-07 18:00:00,Black,KadhalThinamThinam190.png,f:\Quotes\InstaAutomation\KadhalThinamThinamInsta\Black\KadhalThinamThinam190.png,https://raw.githubusercontent.com/mr-php20/amiableWrites/refs/heads/main/Black/KadhalThinamThinam190.png,"#amiablewrites #kadhalthinamthinam #meendumorkadhalmazhai #karpanaiyokadhalvasam #peachhouseperson #Arivalan

#TamilKavithai #TamilPoetry #TamilLovePoems #KadhalKavithai #RomanticKavithai #TamilKadhal #TamilQuotes #TamilKadhalKavithaigal #RomanticQuotes #TamilKavithaigal #TamilLoveQuotes #TamilSadQuotes #TamilThathuvangal #TamilKavidhai #TamilPoems #TamilKavithaikal #TamilLoveStory #PoetryInTamil #LoveInTamil #TamilRomanticQuotes #TamilInstaPoetry #TamilQuoteLovers #InstaKavithai #KadhalInstagram","Save this poem as your little love reminder to brighten your day. If it touched your heart, leave a ❤, and share it with someone who needs to hear this. Let's spread love... save it, share it!

இக்கவிதையை உங்கள் நாளை சிறப்பாக்கும் காதல் நினைவாக சேமியுங்கள். இதன் உணர்வுகள் உங்கள் இதயத்தை தழுவி இருந்தால், ❤ கொடுக்கவும், இதை உணர வேண்டியவருடன் பகிரவும். காதலை பரப்புவோம்... சேமியுங்கள், பகிருங்கள்!",,"Tamil, English",1749299400
2025-06-08 18:00:00,Color,0027_Blue_KadhalThinamThinam207.png,f:\Quotes\InstaAutomation\KadhalThinamThinamInsta\Spectrum\0027_Blue_KadhalThinamThinam207.png,https://raw.githubusercontent.com/mr-php20/amiableWrites/refs/heads/main/Spectrum/0027_Blue_KadhalThinamThinam207.png,"#amiablewrites #kadhalthinamthinam #meendumorkadhalmazhai #karpanaiyokadhalvasam #peachhouseperson #Arivalan

#TamilKavithai #TamilPoetry #TamilLovePoems #KadhalKavithai #RomanticKavithai #TamilKadhal #TamilQuotes #TamilKadhalKavithaigal #RomanticQuotes #TamilKavithaigal #TamilLoveQuotes #TamilSadQuotes #TamilThathuvangal #TamilKavidhai #TamilPoems #TamilKavithaikal #TamilLoveStory #PoetryInTamil #LoveInTamil #TamilRomanticQuotes #TamilInstaPoetry #TamilQuoteLovers #InstaKavithai #KadhalInstagram","Save this poem as your little love reminder to brighten your day. If it touched your heart, leave a ❤, and share it with someone who needs to hear this. Let's spread love... save it, share it!

இக்கவிதையை உங்கள் நாளை சிறப்பாக்கும் காதல் நினைவாக சேமியுங்கள். இதன் உணர்வுகள் உங்கள் இதயத்தை தழுவி இருந்தால், ❤ கொடுக்கவும், இதை உணர வேண்டியவருடன் பகிரவும். காதலை பரப்புவோம்... சேமியுங்கள், பகிருங்கள்!",,"Tamil, English",1749385800
2025-06-09 18:00:00,White,KadhalThinamThinam171.png,f:\Quotes\InstaAutomation\KadhalThinamThinamInsta\White\KadhalThinamThinam171.png,https://raw.githubusercontent.com/mr-php20/amiableWrites/refs/heads/main/White/KadhalThinamThinam171.png,"#amiablewrites #kadhalthinamthinam #meendumorkadhalmazhai #karpanaiyokadhalvasam #peachhouseperson #Arivalan

#TamilKavithai #TamilPoetry #TamilLovePoems #KadhalKavithai #RomanticKavithai #TamilKadhal #TamilQuotes #TamilKadhalKavithaigal #RomanticQuotes #TamilKavithaigal #TamilLoveQuotes #TamilSadQuotes #TamilThathuvangal #TamilKavidhai #TamilPoems #TamilKavithaikal #TamilLoveStory #PoetryInTamil #LoveInTamil #TamilRomanticQuotes #TamilInstaPoetry #TamilQuoteLovers #InstaKavithai #KadhalInstagram","Save this poem as your little love reminder to brighten your day. If it touched your heart, leave a ❤, and share it with someone who needs to hear this. Let's spread love... save it, share it!

இக்கவிதையை உங்கள் நாளை சிறப்பாக்கும் காதல் நினைவாக சேமியுங்கள். இதன் உணர்வுகள் உங்கள் இதயத்தை தழுவி இருந்தால், ❤ கொடுக்கவும், இதை உணர வேண்டியவருடன் பகிரவும். காதலை பரப்புவோம்... சேமியுங்கள், பகிருங்கள்!",,"Tamil, English",1749472200
2025-06-10 18:00:00,Black,KadhalThinamThinam192.png,f:\Quotes\InstaAutomation\KadhalThinamThinamInsta\Black\KadhalThinamThinam192.png,https://raw.githubusercontent.com/mr-php20/amiableWrites/refs/heads/main/Black/KadhalThinamThinam192.png,"#amiablewrites #kadhalthinamthinam #meendumorkadhalmazhai #karpanaiyokadhalvasam #peachhouseperson #Arivalan

#TamilKavithai #TamilPoetry #TamilLovePoems #KadhalKavithai #RomanticKavithai #TamilKadhal #TamilQuotes #TamilKadhalKavithaigal #RomanticQuotes #TamilKavithaigal #TamilLoveQuotes #TamilSadQuotes #TamilThathuvangal #TamilKavidhai #TamilPoems #TamilKavithaikal #TamilLoveStory #PoetryInTamil #LoveInTamil #TamilRomanticQuotes #TamilInstaPoetry #TamilQuoteLovers #InstaKavithai #KadhalInstagram","Save this poem as your little love reminder to brighten your day. If it touched your heart, leave a ❤, and share it with someone who needs to hear this. Let's spread love... save it, share it!

இக்கவிதையை உங்கள் நாளை சிறப்பாக்கும் காதல் நினைவாக சேமியுங்கள். இதன் உணர்வுகள் உங்கள் இதயத்தை தழுவி இருந்தால், ❤ கொடுக்கவும், இதை உணர வேண்டியவருடன் பகிரவும். காதலை பரப்புவோம்... சேமியுங்கள், பகிருங்கள்!",,"Tamil, English",1749558600
2025-06-11 18:00:00,Color,0028_Blue_KadhalThinamThinam255.png,f:\Quotes\InstaAutomation\KadhalThinamThinamInsta\Spectrum\0028_Blue_KadhalThinamThinam255.png,https://raw.githubusercontent.com/mr-php20/amiableWrites/refs/heads/main/Spectrum/0028_Blue_KadhalThinamThinam255.png,"#amiablewrites #kadhalthinamthinam #meendumorkadhalmazhai #karpanaiyokadhalvasam #peachhouseperson #Arivalan

#TamilKavithai #TamilPoetry #TamilLovePoems #KadhalKavithai #RomanticKavithai #TamilKadhal #TamilQuotes #TamilKadhalKavithaigal #RomanticQuotes #TamilKavithaigal #TamilLoveQuotes #TamilSadQuotes #TamilThathuvangal #TamilKavidhai #TamilPoems #TamilKavithaikal #TamilLoveStory #PoetryInTamil #LoveInTamil #TamilRomanticQuotes #TamilInstaPoetry #TamilQuoteLovers #InstaKavithai #KadhalInstagram","Save this poem as your little love reminder to brighten your day. If it touched your heart, leave a ❤, and share it with someone who needs to hear this. Let's spread love... save it, share it!

இக்கவிதையை உங்கள் நாளை சிறப்பாக்கும் காதல் நினைவாக சேமியுங்கள். இதன் உணர்வுகள் உங்கள் இதயத்தை தழுவி இருந்தால், ❤ கொடுக்கவும், இதை உணர வேண்டியவருடன் பகிரவும். காதலை பரப்புவோம்... சேமியுங்கள், பகிருங்கள்!",,"Tamil, English",1749645000
2025-06-12 18:00:00,White,KadhalThinamThinam172.png,f:\Quotes\InstaAutomation\KadhalThinamThinamInsta\White\KadhalThinamThinam172.png,https://raw.githubusercontent.com/mr-php20/amiableWrites/refs/heads/main/White/KadhalThinamThinam172.png,"#amiablewrites #kadhalthinamthinam #meendumorkadhalmazhai #karpanaiyokadhalvasam #peachhouseperson #Arivalan

#TamilKavithai #TamilPoetry #TamilLovePoems #KadhalKavithai #RomanticKavithai #TamilKadhal #TamilQuotes #TamilKadhalKavithaigal #RomanticQuotes #TamilKavithaigal #TamilLoveQuotes #TamilSadQuotes #TamilThathuvangal #TamilKavidhai #TamilPoems #TamilKavithaikal #TamilLoveStory #PoetryInTamil #LoveInTamil #TamilRomanticQuotes #TamilInstaPoetry #TamilQuoteLovers #InstaKavithai #KadhalInstagram","Save this poem as your little love reminder to brighten your day. If it touched your heart, leave a ❤, and share it with someone who needs to hear this. Let's spread love... save it, share it!

இக்கவிதையை உங்கள் நாளை சிறப்பாக்கும் காதல் நினைவாக சேமியுங்கள். இதன் உணர்வுகள் உங்கள் இதயத்தை தழுவி இருந்தால், ❤ கொடுக்கவும், இதை உணர வேண்டியவருடன் பகிரவும். காதலை பரப்புவோம்... சேமியுங்கள், பகிருங்கள்!",,"Tamil, English",1749731400
2025-06-13 18:00:00,Black,KadhalThinamThinam196.png,f:\Quotes\InstaAutomation\KadhalThinamThinamInsta\Black\KadhalThinamThinam196.png,https://raw.githubusercontent.com/mr-php20/amiableWrites/refs/heads/main/Black/KadhalThinamThinam196.png,"#amiablewrites #kadhalthinamthinam #meendumorkadhalmazhai #karpanaiyokadhalvasam #peachhouseperson #Arivalan

#TamilKavithai #TamilPoetry #TamilLovePoems #KadhalKavithai #RomanticKavithai #TamilKadhal #TamilQuotes #TamilKadhalKavithaigal #RomanticQuotes #TamilKavithaigal #TamilLoveQuotes #TamilSadQuotes #TamilThathuvangal #TamilKavidhai #TamilPoems #TamilKavithaikal #TamilLoveStory #PoetryInTamil #LoveInTamil #TamilRomanticQuotes #TamilInstaPoetry #TamilQuoteLovers #InstaKavithai #KadhalInstagram","Save this poem as your little love reminder to brighten your day. If it touched your heart, leave a ❤, and share it with someone who needs to hear this. Let's spread love... save it, share it!

இக்கவிதையை உங்கள் நாளை சிறப்பாக்கும் காதல் நினைவாக சேமியுங்கள். இதன் உணர்வுகள் உங்கள் இதயத்தை தழுவி இருந்தால், ❤ கொடுக்கவும், இதை உணர வேண்டியவருடன் பகிரவும். காதலை பரப்புவோம்... சேமியுங்கள், பகிருங்கள்!",,"Tamil, English",1749817800
2025-06-14 18:00:00,Color,0029_Blue_KadhalThinamThinam299.png,f:\Quotes\InstaAutomation\KadhalThinamThinamInsta\Spectrum\0029_Blue_KadhalThinamThinam299.png,https://raw.githubusercontent.com/mr-php20/amiableWrites/refs/heads/main/Spectrum/0029_Blue_KadhalThinamThinam299.png,"#amiablewrites #kadhalthinamthinam #meendumorkadhalmazhai #karpanaiyokadhalvasam #peachhouseperson #Arivalan

#TamilKavithai #TamilPoetry #TamilLovePoems #KadhalKavithai #RomanticKavithai #TamilKadhal #TamilQuotes #TamilKadhalKavithaigal #RomanticQuotes #TamilKavithaigal #TamilLoveQuotes #TamilSadQuotes #TamilThathuvangal #TamilKavidhai #TamilPoems #TamilKavithaikal #TamilLoveStory #PoetryInTamil #LoveInTamil #TamilRomanticQuotes #TamilInstaPoetry #TamilQuoteLovers #InstaKavithai #KadhalInstagram","Save this poem as your little love reminder to brighten your day. If it touched your heart, leave a ❤, and share it with someone who needs to hear this. Let's spread love... save it, share it!

இக்கவிதையை உங்கள் நாளை சிறப்பாக்கும் காதல் நினைவாக சேமியுங்கள். இதன் உணர்வுகள் உங்கள் இதயத்தை தழுவி இருந்தால், ❤ கொடுக்கவும், இதை உணர வேண்டியவருடன் பகிரவும். காதலை பரப்புவோம்... சேமியுங்கள், பகிருங்கள்!",,"Tamil, English",1749904200
2025-06-15 18:00:00,White,KadhalThinamThinam176.png,f:\Quotes\InstaAutomation\KadhalThinamThinamInsta\White\KadhalThinamThinam176.png,https://raw.githubusercontent.com/mr-php20/amiableWrites/refs/heads/main/White/KadhalThinamThinam176.png,"#amiablewrites #kadhalthinamthinam #meendumorkadhalmazhai #karpanaiyokadhalvasam #peachhouseperson #Arivalan

#TamilKavithai #TamilPoetry #TamilLovePoems #KadhalKavithai #RomanticKavithai #TamilKadhal #TamilQuotes #TamilKadhalKavithaigal #RomanticQuotes #TamilKavithaigal #TamilLoveQuotes #TamilSadQuotes #TamilThathuvangal #TamilKavidhai #TamilPoems #TamilKavithaikal #TamilLoveStory #PoetryInTamil #LoveInTamil #TamilRomanticQuotes #TamilInstaPoetry #TamilQuoteLovers #InstaKavithai #KadhalInstagram","Save this poem as your little love reminder to brighten your day. If it touched your heart, leave a ❤, and share it with someone who needs to hear this. Let's spread love... save it, share it!

இக்கவிதையை உங்கள் நாளை சிறப்பாக்கும் காதல் நினைவாக சேமியுங்கள். இதன் உணர்வுகள் உங்கள் இதயத்தை தழுவி இருந்தால், ❤ கொடுக்கவும், இதை உணர வேண்டியவருடன் பகிரவும். காதலை பரப்புவோம்... சேமியுங்கள், பகிருங்கள்!",,"Tamil, English",1749990600
2025-06-16 18:00:00,Black,KadhalThinamThinam197.png,f:\Quotes\InstaAutomation\KadhalThinamThinamInsta\Black\KadhalThinamThinam197.png,https://raw.githubusercontent.com/mr-php20/amiableWrites/refs/heads/main/Black/KadhalThinamThinam197.png,"#amiablewrites #kadhalthinamthinam #meendumorkadhalmazhai #karpanaiyokadhalvasam #peachhouseperson #Arivalan

#TamilKavithai #TamilPoetry #TamilLovePoems #KadhalKavithai #RomanticKavithai #TamilKadhal #TamilQuotes #TamilKadhalKavithaigal #RomanticQuotes #TamilKavithaigal #TamilLoveQuotes #TamilSadQuotes #TamilThathuvangal #TamilKavidhai #TamilPoems #TamilKavithaikal #TamilLoveStory #PoetryInTamil #LoveInTamil #TamilRomanticQuotes #TamilInstaPoetry #TamilQuoteLovers #InstaKavithai #KadhalInstagram","Save this poem as your little love reminder to brighten your day. If it touched your heart, leave a ❤, and share it with someone who needs to hear this. Let's spread love... save it, share it!

இக்கவிதையை உங்கள் நாளை சிறப்பாக்கும் காதல் நினைவாக சேமியுங்கள். இதன் உணர்வுகள் உங்கள் இதயத்தை தழுவி இருந்தால், ❤ கொடுக்கவும், இதை உணர வேண்டியவருடன் பகிரவும். காதலை பரப்புவோம்... சேமியுங்கள், பகிருங்கள்!",,"Tamil, English",1750077000
2025-06-17 18:00:00,Color,0030_Blue_KadhalThinamThinam120.png,f:\Quotes\InstaAutomation\KadhalThinamThinamInsta\Spectrum\0030_Blue_KadhalThinamThinam120.png,https://raw.githubusercontent.com/mr-php20/amiableWrites/refs/heads/main/Spectrum/0030_Blue_KadhalThinamThinam120.png,"#amiablewrites #kadhalthinamthinam #meendumorkadhalmazhai #karpanaiyokadhalvasam #peachhouseperson #Arivalan

#TamilKavithai #TamilPoetry #TamilLovePoems #KadhalKavithai #RomanticKavithai #TamilKadhal #TamilQuotes #TamilKadhalKavithaigal #RomanticQuotes #TamilKavithaigal #TamilLoveQuotes #TamilSadQuotes #TamilThathuvangal #TamilKavidhai #TamilPoems #TamilKavithaikal #TamilLoveStory #PoetryInTamil #LoveInTamil #TamilRomanticQuotes #TamilInstaPoetry #TamilQuoteLovers #InstaKavithai #KadhalInstagram","Save this poem as your little love reminder to brighten your day. If it touched your heart, leave a ❤, and share it with someone who needs to hear this. Let's spread love... save it, share it!

இக்கவிதையை உங்கள் நாளை சிறப்பாக்கும் காதல் நினைவாக சேமியுங்கள். இதன் உணர்வுகள் உங்கள் இதயத்தை தழுவி இருந்தால், ❤ கொடுக்கவும், இதை உணர வேண்டியவருடன் பகிரவும். காதலை பரப்புவோம்... சேமியுங்கள், பகிருங்கள்!",,"Tamil, English",1750163400
2025-06-18 18:00:00,White,KadhalThinamThinam179.png,f:\Quotes\InstaAutomation\KadhalThinamThinamInsta\White\KadhalThinamThinam179.png,https://raw.githubusercontent.com/mr-php20/amiableWrites/refs/heads/main/White/KadhalThinamThinam179.png,"#amiablewrites #kadhalthinamthinam #meendumorkadhalmazhai #karpanaiyokadhalvasam #peachhouseperson #Arivalan

#TamilKavithai #TamilPoetry #TamilLovePoems #KadhalKavithai #RomanticKavithai #TamilKadhal #TamilQuotes #TamilKadhalKavithaigal #RomanticQuotes #TamilKavithaigal #TamilLoveQuotes #TamilSadQuotes #TamilThathuvangal #TamilKavidhai #TamilPoems #TamilKavithaikal #TamilLoveStory #PoetryInTamil #LoveInTamil #TamilRomanticQuotes #TamilInstaPoetry #TamilQuoteLovers #InstaKavithai #KadhalInstagram","Save this poem as your little love reminder to brighten your day. If it touched your heart, leave a ❤, and share it with someone who needs to hear this. Let's spread love... save it, share it!

இக்கவிதையை உங்கள் நாளை சிறப்பாக்கும் காதல் நினைவாக சேமியுங்கள். இதன் உணர்வுகள் உங்கள் இதயத்தை தழுவி இருந்தால், ❤ கொடுக்கவும், இதை உணர வேண்டியவருடன் பகிரவும். காதலை பரப்புவோம்... சேமியுங்கள், பகிருங்கள்!",,"Tamil, English",1750249800
2025-06-19 18:00:00,Black,KadhalThinamThinam201.png,f:\Quotes\InstaAutomation\KadhalThinamThinamInsta\Black\KadhalThinamThinam201.png,https://raw.githubusercontent.com/mr-php20/amiableWrites/refs/heads/main/Black/KadhalThinamThinam201.png,"#amiablewrites #kadhalthinamthinam #meendumorkadhalmazhai #karpanaiyokadhalvasam #peachhouseperson #Arivalan

#TamilKavithai #TamilPoetry #TamilLovePoems #KadhalKavithai #RomanticKavithai #TamilKadhal #TamilQuotes #TamilKadhalKavithaigal #RomanticQuotes #TamilKavithaigal #TamilLoveQuotes #TamilSadQuotes #TamilThathuvangal #TamilKavidhai #TamilPoems #TamilKavithaikal #TamilLoveStory #PoetryInTamil #LoveInTamil #TamilRomanticQuotes #TamilInstaPoetry #TamilQuoteLovers #InstaKavithai #KadhalInstagram","Save this poem as your little love reminder to brighten your day. If it touched your heart, leave a ❤, and share it with someone who needs to hear this. Let's spread love... save it, share it!

இக்கவிதையை உங்கள் நாளை சிறப்பாக்கும் காதல் நினைவாக சேமியுங்கள். இதன் உணர்வுகள் உங்கள் இதயத்தை தழுவி இருந்தால், ❤ கொடுக்கவும், இதை உணர வேண்டியவருடன் பகிரவும். காதலை பரப்புவோம்... சேமியுங்கள், பகிருங்கள்!",,"Tamil, English",1750336200
2025-06-20 18:00:00,Color,0031_Blue_KadhalThinamThinam185.png,f:\Quotes\InstaAutomation\KadhalThinamThinamInsta\Spectrum\0031_Blue_KadhalThinamThinam185.png,https://raw.githubusercontent.com/mr-php20/amiableWrites/refs/heads/main/Spectrum/0031_Blue_KadhalThinamThinam185.png,"#amiablewrites #kadhalthinamthinam #meendumorkadhalmazhai #karpanaiyokadhalvasam #peachhouseperson #Arivalan

#TamilKavithai #TamilPoetry #TamilLovePoems #KadhalKavithai #RomanticKavithai #TamilKadhal #TamilQuotes #TamilKadhalKavithaigal #RomanticQuotes #TamilKavithaigal #TamilLoveQuotes #TamilSadQuotes #TamilThathuvangal #TamilKavidhai #TamilPoems #TamilKavithaikal #TamilLoveStory #PoetryInTamil #LoveInTamil #TamilRomanticQuotes #TamilInstaPoetry #TamilQuoteLovers #InstaKavithai #KadhalInstagram","Save this poem as your little love reminder to brighten your day. If it touched your heart, leave a ❤, and share it with someone who needs to hear this. Let's spread love... save it, share it!

இக்கவிதையை உங்கள் நாளை சிறப்பாக்கும் காதல் நினைவாக சேமியுங்கள். இதன் உணர்வுகள் உங்கள் இதயத்தை தழுவி இருந்தால், ❤ கொடுக்கவும், இதை உணர வேண்டியவருடன் பகிரவும். காதலை பரப்புவோம்... சேமியுங்கள், பகிருங்கள்!",,"Tamil, English",1750422600
2025-06-21 18:00:00,White,KadhalThinamThinam183.png,f:\Quotes\InstaAutomation\KadhalThinamThinamInsta\White\KadhalThinamThinam183.png,https://raw.githubusercontent.com/mr-php20/amiableWrites/refs/heads/main/White/KadhalThinamThinam183.png,"#amiablewrites #kadhalthinamthinam #meendumorkadhalmazhai #karpanaiyokadhalvasam #peachhouseperson #Arivalan

#TamilKavithai #TamilPoetry #TamilLovePoems #KadhalKavithai #RomanticKavithai #TamilKadhal #TamilQuotes #TamilKadhalKavithaigal #RomanticQuotes #TamilKavithaigal #TamilLoveQuotes #TamilSadQuotes #TamilThathuvangal #TamilKavidhai #TamilPoems #TamilKavithaikal #TamilLoveStory #PoetryInTamil #LoveInTamil #TamilRomanticQuotes #TamilInstaPoetry #TamilQuoteLovers #InstaKavithai #KadhalInstagram","Save this poem as your little love reminder to brighten your day. If it touched your heart, leave a ❤, and share it with someone who needs to hear this. Let's spread love... save it, share it!

இக்கவிதையை உங்கள் நாளை சிறப்பாக்கும் காதல் நினைவாக சேமியுங்கள். இதன் உணர்வுகள் உங்கள் இதயத்தை தழுவி இருந்தால், ❤ கொடுக்கவும், இதை உணர வேண்டியவருடன் பகிரவும். காதலை பரப்புவோம்... சேமியுங்கள், பகிருங்கள்!",,"Tamil, English",1750509000
2025-06-22 18:00:00,Black,KadhalThinamThinam212.png,f:\Quotes\InstaAutomation\KadhalThinamThinamInsta\Black\KadhalThinamThinam212.png,https://raw.githubusercontent.com/mr-php20/amiableWrites/refs/heads/main/Black/KadhalThinamThinam212.png,"#amiablewrites #kadhalthinamthinam #meendumorkadhalmazhai #karpanaiyokadhalvasam #peachhouseperson #Arivalan

#TamilKavithai #TamilPoetry #TamilLovePoems #KadhalKavithai #RomanticKavithai #TamilKadhal #TamilQuotes #TamilKadhalKavithaigal #RomanticQuotes #TamilKavithaigal #TamilLoveQuotes #TamilSadQuotes #TamilThathuvangal #TamilKavidhai #TamilPoems #TamilKavithaikal #TamilLoveStory #PoetryInTamil #LoveInTamil #TamilRomanticQuotes #TamilInstaPoetry #TamilQuoteLovers #InstaKavithai #KadhalInstagram","Save this poem as your little love reminder to brighten your day. If it touched your heart, leave a ❤, and share it with someone who needs to hear this. Let's spread love... save it, share it!

இக்கவிதையை உங்கள் நாளை சிறப்பாக்கும் காதல் நினைவாக சேமியுங்கள். இதன் உணர்வுகள் உங்கள் இதயத்தை தழுவி இருந்தால், ❤ கொடுக்கவும், இதை உணர வேண்டியவருடன் பகிரவும். காதலை பரப்புவோம்... சேமியுங்கள், பகிருங்கள்!",,"Tamil, English",1750595400
2025-06-23 18:00:00,Color,0032_Blue_KadhalThinamThinam302.png,f:\Quotes\InstaAutomation\KadhalThinamThinamInsta\Spectrum\0032_Blue_KadhalThinamThinam302.png,https://raw.githubusercontent.com/mr-php20/amiableWrites/refs/heads/main/Spectrum/0032_Blue_KadhalThinamThinam302.png,"#amiablewrites #kadhalthinamthinam #meendumorkadhalmazhai #karpanaiyokadhalvasam #peachhouseperson #Arivalan

#TamilKavithai #TamilPoetry #TamilLovePoems #KadhalKavithai #RomanticKavithai #TamilKadhal #TamilQuotes #TamilKadhalKavithaigal #RomanticQuotes #TamilKavithaigal #TamilLoveQuotes #TamilSadQuotes #TamilThathuvangal #TamilKavidhai #TamilPoems #TamilKavithaikal #TamilLoveStory #PoetryInTamil #LoveInTamil #TamilRomanticQuotes #TamilInstaPoetry #TamilQuoteLovers #InstaKavithai #KadhalInstagram","Save this poem as your little love reminder to brighten your day. If it touched your heart, leave a ❤, and share it with someone who needs to hear this. Let's spread love... save it, share it!

இக்கவிதையை உங்கள் நாளை சிறப்பாக்கும் காதல் நினைவாக சேமியுங்கள். இதன் உணர்வுகள் உங்கள் இதயத்தை தழுவி இருந்தால், ❤ கொடுக்கவும், இதை உணர வேண்டியவருடன் பகிரவும். காதலை பரப்புவோம்... சேமியுங்கள், பகிருங்கள்!",,"Tamil, English",1750681800
2025-06-24 18:00:00,White,KadhalThinamThinam187.png,f:\Quotes\InstaAutomation\KadhalThinamThinamInsta\White\KadhalThinamThinam187.png,https://raw.githubusercontent.com/mr-php20/amiableWrites/refs/heads/main/White/KadhalThinamThinam187.png,"#amiablewrites #kadhalthinamthinam #meendumorkadhalmazhai #karpanaiyokadhalvasam #peachhouseperson #Arivalan

#TamilKavithai #TamilPoetry #TamilLovePoems #KadhalKavithai #RomanticKavithai #TamilKadhal #TamilQuotes #TamilKadhalKavithaigal #RomanticQuotes #TamilKavithaigal #TamilLoveQuotes #TamilSadQuotes #TamilThathuvangal #TamilKavidhai #TamilPoems #TamilKavithaikal #TamilLoveStory #PoetryInTamil #LoveInTamil #TamilRomanticQuotes #TamilInstaPoetry #TamilQuoteLovers #InstaKavithai #KadhalInstagram","Save this poem as your little love reminder to brighten your day. If it touched your heart, leave a ❤, and share it with someone who needs to hear this. Let's spread love... save it, share it!

இக்கவிதையை உங்கள் நாளை சிறப்பாக்கும் காதல் நினைவாக சேமியுங்கள். இதன் உணர்வுகள் உங்கள் இதயத்தை தழுவி இருந்தால், ❤ கொடுக்கவும், இதை உணர வேண்டியவருடன் பகிரவும். காதலை பரப்புவோம்... சேமியுங்கள், பகிருங்கள்!",,"Tamil, English",1750768200
2025-06-25 18:00:00,Black,KadhalThinamThinam213.png,f:\Quotes\InstaAutomation\KadhalThinamThinamInsta\Black\KadhalThinamThinam213.png,https://raw.githubusercontent.com/mr-php20/amiableWrites/refs/heads/main/Black/KadhalThinamThinam213.png,"#amiablewrites #kadhalthinamthinam #meendumorkadhalmazhai #karpanaiyokadhalvasam #peachhouseperson #Arivalan

#TamilKavithai #TamilPoetry #TamilLovePoems #KadhalKavithai #RomanticKavithai #TamilKadhal #TamilQuotes #TamilKadhalKavithaigal #RomanticQuotes #TamilKavithaigal #TamilLoveQuotes #TamilSadQuotes #TamilThathuvangal #TamilKavidhai #TamilPoems #TamilKavithaikal #TamilLoveStory #PoetryInTamil #LoveInTamil #TamilRomanticQuotes #TamilInstaPoetry #TamilQuoteLovers #InstaKavithai #KadhalInstagram","Save this poem as your little love reminder to brighten your day. If it touched your heart, leave a ❤, and share it with someone who needs to hear this. Let's spread love... save it, share it!

இக்கவிதையை உங்கள் நாளை சிறப்பாக்கும் காதல் நினைவாக சேமியுங்கள். இதன் உணர்வுகள் உங்கள் இதயத்தை தழுவி இருந்தால், ❤ கொடுக்கவும், இதை உணர வேண்டியவருடன் பகிரவும். காதலை பரப்புவோம்... சேமியுங்கள், பகிருங்கள்!",,"Tamil, English",1750854600
2025-06-26 18:00:00,Color,0033_Blue_KadhalThinamThinam270.png,f:\Quotes\InstaAutomation\KadhalThinamThinamInsta\Spectrum\0033_Blue_KadhalThinamThinam270.png,https://raw.githubusercontent.com/mr-php20/amiableWrites/refs/heads/main/Spectrum/0033_Blue_KadhalThinamThinam270.png,"#amiablewrites #kadhalthinamthinam #meendumorkadhalmazhai #karpanaiyokadhalvasam #peachhouseperson #Arivalan

#TamilKavithai #TamilPoetry #TamilLovePoems #KadhalKavithai #RomanticKavithai #TamilKadhal #TamilQuotes #TamilKadhalKavithaigal #RomanticQuotes #TamilKavithaigal #TamilLoveQuotes #TamilSadQuotes #TamilThathuvangal #TamilKavidhai #TamilPoems #TamilKavithaikal #TamilLoveStory #PoetryInTamil #LoveInTamil #TamilRomanticQuotes #TamilInstaPoetry #TamilQuoteLovers #InstaKavithai #KadhalInstagram","Save this poem as your little love reminder to brighten your day. If it touched your heart, leave a ❤, and share it with someone who needs to hear this. Let's spread love... save it, share it!

இக்கவிதையை உங்கள் நாளை சிறப்பாக்கும் காதல் நினைவாக சேமியுங்கள். இதன் உணர்வுகள் உங்கள் இதயத்தை தழுவி இருந்தால், ❤ கொடுக்கவும், இதை உணர வேண்டியவருடன் பகிரவும். காதலை பரப்புவோம்... சேமியுங்கள், பகிருங்கள்!",,"Tamil, English",1750941000
2025-06-27 18:00:00,White,KadhalThinamThinam188.png,f:\Quotes\InstaAutomation\KadhalThinamThinamInsta\White\KadhalThinamThinam188.png,https://raw.githubusercontent.com/mr-php20/amiableWrites/refs/heads/main/White/KadhalThinamThinam188.png,"#amiablewrites #kadhalthinamthinam #meendumorkadhalmazhai #karpanaiyokadhalvasam #peachhouseperson #Arivalan

#TamilKavithai #TamilPoetry #TamilLovePoems #KadhalKavithai #RomanticKavithai #TamilKadhal #TamilQuotes #TamilKadhalKavithaigal #RomanticQuotes #TamilKavithaigal #TamilLoveQuotes #TamilSadQuotes #TamilThathuvangal #TamilKavidhai #TamilPoems #TamilKavithaikal #TamilLoveStory #PoetryInTamil #LoveInTamil #TamilRomanticQuotes #TamilInstaPoetry #TamilQuoteLovers #InstaKavithai #KadhalInstagram","Save this poem as your little love reminder to brighten your day. If it touched your heart, leave a ❤, and share it with someone who needs to hear this. Let's spread love... save it, share it!

இக்கவிதையை உங்கள் நாளை சிறப்பாக்கும் காதல் நினைவாக சேமியுங்கள். இதன் உணர்வுகள் உங்கள் இதயத்தை தழுவி இருந்தால், ❤ கொடுக்கவும், இதை உணர வேண்டியவருடன் பகிரவும். காதலை பரப்புவோம்... சேமியுங்கள், பகிருங்கள்!",,"Tamil, English",1751027400
2025-06-28 18:00:00,Black,KadhalThinamThinam215.png,f:\Quotes\InstaAutomation\KadhalThinamThinamInsta\Black\KadhalThinamThinam215.png,https://raw.githubusercontent.com/mr-php20/amiableWrites/refs/heads/main/Black/KadhalThinamThinam215.png,"#amiablewrites #kadhalthinamthinam #meendumorkadhalmazhai #karpanaiyokadhalvasam #peachhouseperson #Arivalan

#TamilKavithai #TamilPoetry #TamilLovePoems #KadhalKavithai #RomanticKavithai #TamilKadhal #TamilQuotes #TamilKadhalKavithaigal #RomanticQuotes #TamilKavithaigal #TamilLoveQuotes #TamilSadQuotes #TamilThathuvangal #TamilKavidhai #TamilPoems #TamilKavithaikal #TamilLoveStory #PoetryInTamil #LoveInTamil #TamilRomanticQuotes #TamilInstaPoetry #TamilQuoteLovers #InstaKavithai #KadhalInstagram","Save this poem as your little love reminder to brighten your day. If it touched your heart, leave a ❤, and share it with someone who needs to hear this. Let's spread love... save it, share it!

இக்கவிதையை உங்கள் நாளை சிறப்பாக்கும் காதல் நினைவாக சேமியுங்கள். இதன் உணர்வுகள் உங்கள் இதயத்தை தழுவி இருந்தால், ❤ கொடுக்கவும், இதை உணர வேண்டியவருடன் பகிரவும். காதலை பரப்புவோம்... சேமியுங்கள், பகிருங்கள்!",,"Tamil, English",1751113800
2025-06-29 18:00:00,Color,0034_Blue_KadhalThinamThinam251.png,f:\Quotes\InstaAutomation\KadhalThinamThinamInsta\Spectrum\0034_Blue_KadhalThinamThinam251.png,https://raw.githubusercontent.com/mr-php20/amiableWrites/refs/heads/main/Spectrum/0034_Blue_KadhalThinamThinam251.png,"#amiablewrites #kadhalthinamthinam #meendumorkadhalmazhai #karpanaiyokadhalvasam #peachhouseperson #Arivalan

#TamilKavithai #TamilPoetry #TamilLovePoems #KadhalKavithai #RomanticKavithai #TamilKadhal #TamilQuotes #TamilKadhalKavithaigal #RomanticQuotes #TamilKavithaigal #TamilLoveQuotes #TamilSadQuotes #TamilThathuvangal #TamilKavidhai #TamilPoems #TamilKavithaikal #TamilLoveStory #PoetryInTamil #LoveInTamil #TamilRomanticQuotes #TamilInstaPoetry #TamilQuoteLovers #InstaKavithai #KadhalInstagram","Save this poem as your little love reminder to brighten your day. If it touched your heart, leave a ❤, and share it with someone who needs to hear this. Let's spread love... save it, share it!

இக்கவிதையை உங்கள் நாளை சிறப்பாக்கும் காதல் நினைவாக சேமியுங்கள். இதன் உணர்வுகள் உங்கள் இதயத்தை தழுவி இருந்தால், ❤ கொடுக்கவும், இதை உணர வேண்டியவருடன் பகிரவும். காதலை பரப்புவோம்... சேமியுங்கள், பகிருங்கள்!",,"Tamil, English",1751200200
2025-06-30 18:00:00,White,KadhalThinamThinam200.png,f:\Quotes\InstaAutomation\KadhalThinamThinamInsta\White\KadhalThinamThinam200.png,https://raw.githubusercontent.com/mr-php20/amiableWrites/refs/heads/main/White/KadhalThinamThinam200.png,"#amiablewrites #kadhalthinamthinam #meendumorkadhalmazhai #karpanaiyokadhalvasam #peachhouseperson #Arivalan

#TamilKavithai #TamilPoetry #TamilLovePoems #KadhalKavithai #RomanticKavithai #TamilKadhal #TamilQuotes #TamilKadhalKavithaigal #RomanticQuotes #TamilKavithaigal #TamilLoveQuotes #TamilSadQuotes #TamilThathuvangal #TamilKavidhai #TamilPoems #TamilKavithaikal #TamilLoveStory #PoetryInTamil #LoveInTamil #TamilRomanticQuotes #TamilInstaPoetry #TamilQuoteLovers #InstaKavithai #KadhalInstagram","Save this poem as your little love reminder to brighten your day. If it touched your heart, leave a ❤, and share it with someone who needs to hear this. Let's spread love... save it, share it!

இக்கவிதையை உங்கள் நாளை சிறப்பாக்கும் காதல் நினைவாக சேமியுங்கள். இதன் உணர்வுகள் உங்கள் இதயத்தை தழுவி இருந்தால், ❤ கொடுக்கவும், இதை உணர வேண்டியவருடன் பகிரவும். காதலை பரப்புவோம்... சேமியுங்கள், பகிருங்கள்!",,"Tamil, English",1751286600
2025-07-01 18:00:00,Black,KadhalThinamThinam216.png,f:\Quotes\InstaAutomation\KadhalThinamThinamInsta\Black\KadhalThinamThinam216.png,https://raw.githubusercontent.com/mr-php20/amiableWrites/refs/heads/main/Black/KadhalThinamThinam216.png,"#amiablewrites #kadhalthinamthinam #meendumorkadhalmazhai #karpanaiyokadhalvasam #peachhouseperson #Arivalan

#TamilKavithai #TamilPoetry #TamilLovePoems #KadhalKavithai #RomanticKavithai #TamilKadhal #TamilQuotes #TamilKadhalKavithaigal #RomanticQuotes #TamilKavithaigal #TamilLoveQuotes #TamilSadQuotes #TamilThathuvangal #TamilKavidhai #TamilPoems #TamilKavithaikal #TamilLoveStory #PoetryInTamil #LoveInTamil #TamilRomanticQuotes #TamilInstaPoetry #TamilQuoteLovers #InstaKavithai #KadhalInstagram","Save this poem as your little love reminder to brighten your day. If it touched your heart, leave a ❤, and share it with someone who needs to hear this. Let's spread love... save it, share it!

இக்கவிதையை உங்கள் நாளை சிறப்பாக்கும் காதல் நினைவாக சேமியுங்கள். இதன் உணர்வுகள் உங்கள் இதயத்தை தழுவி இருந்தால், ❤ கொடுக்கவும், இதை உணர வேண்டியவருடன் பகிரவும். காதலை பரப்புவோம்... சேமியுங்கள், பகிருங்கள்!",,"Tamil, English",1751373000
2025-07-02 18:00:00,Color,0035_Blue_KadhalThinamThinam205.png,f:\Quotes\InstaAutomation\KadhalThinamThinamInsta\Spectrum\0035_Blue_KadhalThinamThinam205.png,https://raw.githubusercontent.com/mr-php20/amiableWrites/refs/heads/main/Spectrum/0035_Blue_KadhalThinamThinam205.png,"#amiablewrites #kadhalthinamthinam #meendumorkadhalmazhai #karpanaiyokadhalvasam #peachhouseperson #Arivalan

#TamilKavithai #TamilPoetry #TamilLovePoems #KadhalKavithai #RomanticKavithai #TamilKadhal #TamilQuotes #TamilKadhalKavithaigal #RomanticQuotes #TamilKavithaigal #TamilLoveQuotes #TamilSadQuotes #TamilThathuvangal #TamilKavidhai #TamilPoems #TamilKavithaikal #TamilLoveStory #PoetryInTamil #LoveInTamil #TamilRomanticQuotes #TamilInstaPoetry #TamilQuoteLovers #InstaKavithai #KadhalInstagram","Save this poem as your little love reminder to brighten your day. If it touched your heart, leave a ❤, and share it with someone who needs to hear this. Let's spread love... save it, share it!

இக்கவிதையை உங்கள் நாளை சிறப்பாக்கும் காதல் நினைவாக சேமியுங்கள். இதன் உணர்வுகள் உங்கள் இதயத்தை தழுவி இருந்தால், ❤ கொடுக்கவும், இதை உணர வேண்டியவருடன் பகிரவும். காதலை பரப்புவோம்... சேமியுங்கள், பகிருங்கள்!",,"Tamil, English",1751459400
2025-07-03 18:00:00,White,KadhalThinamThinam202.png,f:\Quotes\InstaAutomation\KadhalThinamThinamInsta\White\KadhalThinamThinam202.png,https://raw.githubusercontent.com/mr-php20/amiableWrites/refs/heads/main/White/KadhalThinamThinam202.png,"#amiablewrites #kadhalthinamthinam #meendumorkadhalmazhai #karpanaiyokadhalvasam #peachhouseperson #Arivalan

#TamilKavithai #TamilPoetry #TamilLovePoems #KadhalKavithai #RomanticKavithai #TamilKadhal #TamilQuotes #TamilKadhalKavithaigal #RomanticQuotes #TamilKavithaigal #TamilLoveQuotes #TamilSadQuotes #TamilThathuvangal #TamilKavidhai #TamilPoems #TamilKavithaikal #TamilLoveStory #PoetryInTamil #LoveInTamil #TamilRomanticQuotes #TamilInstaPoetry #TamilQuoteLovers #InstaKavithai #KadhalInstagram","Save this poem as your little love reminder to brighten your day. If it touched your heart, leave a ❤, and share it with someone who needs to hear this. Let's spread love... save it, share it!

இக்கவிதையை உங்கள் நாளை சிறப்பாக்கும் காதல் நினைவாக சேமியுங்கள். இதன் உணர்வுகள் உங்கள் இதயத்தை தழுவி இருந்தால், ❤ கொடுக்கவும், இதை உணர வேண்டியவருடன் பகிரவும். காதலை பரப்புவோம்... சேமியுங்கள், பகிருங்கள்!",,"Tamil, English",1751545800
2025-07-04 18:00:00,Black,KadhalThinamThinam223.png,f:\Quotes\InstaAutomation\KadhalThinamThinamInsta\Black\KadhalThinamThinam223.png,https://raw.githubusercontent.com/mr-php20/amiableWrites/refs/heads/main/Black/KadhalThinamThinam223.png,"#amiablewrites #kadhalthinamthinam #meendumorkadhalmazhai #karpanaiyokadhalvasam #peachhouseperson #Arivalan

#TamilKavithai #TamilPoetry #TamilLovePoems #KadhalKavithai #RomanticKavithai #TamilKadhal #TamilQuotes #TamilKadhalKavithaigal #RomanticQuotes #TamilKavithaigal #TamilLoveQuotes #TamilSadQuotes #TamilThathuvangal #TamilKavidhai #TamilPoems #TamilKavithaikal #TamilLoveStory #PoetryInTamil #LoveInTamil #TamilRomanticQuotes #TamilInstaPoetry #TamilQuoteLovers #InstaKavithai #KadhalInstagram","Save this poem as your little love reminder to brighten your day. If it touched your heart, leave a ❤, and share it with someone who needs to hear this. Let's spread love... save it, share it!

இக்கவிதையை உங்கள் நாளை சிறப்பாக்கும் காதல் நினைவாக சேமியுங்கள். இதன் உணர்வுகள் உங்கள் இதயத்தை தழுவி இருந்தால், ❤ கொடுக்கவும், இதை உணர வேண்டியவருடன் பகிரவும். காதலை பரப்புவோம்... சேமியுங்கள், பகிருங்கள்!",,"Tamil, English",1751632200
2025-07-05 18:00:00,Color,0036_Blue_KadhalThinamThinam358.png,f:\Quotes\InstaAutomation\KadhalThinamThinamInsta\Spectrum\0036_Blue_KadhalThinamThinam358.png,https://raw.githubusercontent.com/mr-php20/amiableWrites/refs/heads/main/Spectrum/0036_Blue_KadhalThinamThinam358.png,"#amiablewrites #kadhalthinamthinam #meendumorkadhalmazhai #karpanaiyokadhalvasam #peachhouseperson #Arivalan

#TamilKavithai #TamilPoetry #TamilLovePoems #KadhalKavithai #RomanticKavithai #TamilKadhal #TamilQuotes #TamilKadhalKavithaigal #RomanticQuotes #TamilKavithaigal #TamilLoveQuotes #TamilSadQuotes #TamilThathuvangal #TamilKavidhai #TamilPoems #TamilKavithaikal #TamilLoveStory #PoetryInTamil #LoveInTamil #TamilRomanticQuotes #TamilInstaPoetry #TamilQuoteLovers #InstaKavithai #KadhalInstagram","Save this poem as your little love reminder to brighten your day. If it touched your heart, leave a ❤, and share it with someone who needs to hear this. Let's spread love... save it, share it!

இக்கவிதையை உங்கள் நாளை சிறப்பாக்கும் காதல் நினைவாக சேமியுங்கள். இதன் உணர்வுகள் உங்கள் இதயத்தை தழுவி இருந்தால், ❤ கொடுக்கவும், இதை உணர வேண்டியவருடன் பகிரவும். காதலை பரப்புவோம்... சேமியுங்கள், பகிருங்கள்!",,"Tamil, English",1751718600
2025-07-06 18:00:00,White,KadhalThinamThinam206.png,f:\Quotes\InstaAutomation\KadhalThinamThinamInsta\White\KadhalThinamThinam206.png,https://raw.githubusercontent.com/mr-php20/amiableWrites/refs/heads/main/White/KadhalThinamThinam206.png,"#amiablewrites #kadhalthinamthinam #meendumorkadhalmazhai #karpanaiyokadhalvasam #peachhouseperson #Arivalan

#TamilKavithai #TamilPoetry #TamilLovePoems #KadhalKavithai #RomanticKavithai #TamilKadhal #TamilQuotes #TamilKadhalKavithaigal #RomanticQuotes #TamilKavithaigal #TamilLoveQuotes #TamilSadQuotes #TamilThathuvangal #TamilKavidhai #TamilPoems #TamilKavithaikal #TamilLoveStory #PoetryInTamil #LoveInTamil #TamilRomanticQuotes #TamilInstaPoetry #TamilQuoteLovers #InstaKavithai #KadhalInstagram","Save this poem as your little love reminder to brighten your day. If it touched your heart, leave a ❤, and share it with someone who needs to hear this. Let's spread love... save it, share it!

இக்கவிதையை உங்கள் நாளை சிறப்பாக்கும் காதல் நினைவாக சேமியுங்கள். இதன் உணர்வுகள் உங்கள் இதயத்தை தழுவி இருந்தால், ❤ கொடுக்கவும், இதை உணர வேண்டியவருடன் பகிரவும். காதலை பரப்புவோம்... சேமியுங்கள், பகிருங்கள்!",,"Tamil, English",1751805000
2025-07-07 18:00:00,Black,KadhalThinamThinam225.png,f:\Quotes\InstaAutomation\KadhalThinamThinamInsta\Black\KadhalThinamThinam225.png,https://raw.githubusercontent.com/mr-php20/amiableWrites/refs/heads/main/Black/KadhalThinamThinam225.png,"#amiablewrites #kadhalthinamthinam #meendumorkadhalmazhai #karpanaiyokadhalvasam #peachhouseperson #Arivalan

#TamilKavithai #TamilPoetry #TamilLovePoems #KadhalKavithai #RomanticKavithai #TamilKadhal #TamilQuotes #TamilKadhalKavithaigal #RomanticQuotes #TamilKavithaigal #TamilLoveQuotes #TamilSadQuotes #TamilThathuvangal #TamilKavidhai #TamilPoems #TamilKavithaikal #TamilLoveStory #PoetryInTamil #LoveInTamil #TamilRomanticQuotes #TamilInstaPoetry #TamilQuoteLovers #InstaKavithai #KadhalInstagram","Save this poem as your little love reminder to brighten your day. If it touched your heart, leave a ❤, and share it with someone who needs to hear this. Let's spread love... save it, share it!

இக்கவிதையை உங்கள் நாளை சிறப்பாக்கும் காதல் நினைவாக சேமியுங்கள். இதன் உணர்வுகள் உங்கள் இதயத்தை தழுவி இருந்தால், ❤ கொடுக்கவும், இதை உணர வேண்டியவருடன் பகிரவும். காதலை பரப்புவோம்... சேமியுங்கள், பகிருங்கள்!",,"Tamil, English",1751891400
2025-07-08 18:00:00,Color,0037_Blue_KadhalThinamThinam317.png,f:\Quotes\InstaAutomation\KadhalThinamThinamInsta\Spectrum\0037_Blue_KadhalThinamThinam317.png,https://raw.githubusercontent.com/mr-php20/amiableWrites/refs/heads/main/Spectrum/0037_Blue_KadhalThinamThinam317.png,"#amiablewrites #kadhalthinamthinam #meendumorkadhalmazhai #karpanaiyokadhalvasam #peachhouseperson #Arivalan

#TamilKavithai #TamilPoetry #TamilLovePoems #KadhalKavithai #RomanticKavithai #TamilKadhal #TamilQuotes #TamilKadhalKavithaigal #RomanticQuotes #TamilKavithaigal #TamilLoveQuotes #TamilSadQuotes #TamilThathuvangal #TamilKavidhai #TamilPoems #TamilKavithaikal #TamilLoveStory #PoetryInTamil #LoveInTamil #TamilRomanticQuotes #TamilInstaPoetry #TamilQuoteLovers #InstaKavithai #KadhalInstagram","Save this poem as your little love reminder to brighten your day. If it touched your heart, leave a ❤, and share it with someone who needs to hear this. Let's spread love... save it, share it!

இக்கவிதையை உங்கள் நாளை சிறப்பாக்கும் காதல் நினைவாக சேமியுங்கள். இதன் உணர்வுகள் உங்கள் இதயத்தை தழுவி இருந்தால், ❤ கொடுக்கவும், இதை உணர வேண்டியவருடன் பகிரவும். காதலை பரப்புவோம்... சேமியுங்கள், பகிருங்கள்!",,"Tamil, English",1751977800
2025-07-09 18:00:00,White,KadhalThinamThinam209.png,f:\Quotes\InstaAutomation\KadhalThinamThinamInsta\White\KadhalThinamThinam209.png,https://raw.githubusercontent.com/mr-php20/amiableWrites/refs/heads/main/White/KadhalThinamThinam209.png,"#amiablewrites #kadhalthinamthinam #meendumorkadhalmazhai #karpanaiyokadhalvasam #peachhouseperson #Arivalan

#TamilKavithai #TamilPoetry #TamilLovePoems #KadhalKavithai #RomanticKavithai #TamilKadhal #TamilQuotes #TamilKadhalKavithaigal #RomanticQuotes #TamilKavithaigal #TamilLoveQuotes #TamilSadQuotes #TamilThathuvangal #TamilKavidhai #TamilPoems #TamilKavithaikal #TamilLoveStory #PoetryInTamil #LoveInTamil #TamilRomanticQuotes #TamilInstaPoetry #TamilQuoteLovers #InstaKavithai #KadhalInstagram","Save this poem as your little love reminder to brighten your day. If it touched your heart, leave a ❤, and share it with someone who needs to hear this. Let's spread love... save it, share it!

இக்கவிதையை உங்கள் நாளை சிறப்பாக்கும் காதல் நினைவாக சேமியுங்கள். இதன் உணர்வுகள் உங்கள் இதயத்தை தழுவி இருந்தால், ❤ கொடுக்கவும், இதை உணர வேண்டியவருடன் பகிரவும். காதலை பரப்புவோம்... சேமியுங்கள், பகிருங்கள்!",,"Tamil, English",1752064200
2025-07-10 18:00:00,Black,KadhalThinamThinam226.png,f:\Quotes\InstaAutomation\KadhalThinamThinamInsta\Black\KadhalThinamThinam226.png,https://raw.githubusercontent.com/mr-php20/amiableWrites/refs/heads/main/Black/KadhalThinamThinam226.png,"#amiablewrites #kadhalthinamthinam #meendumorkadhalmazhai #karpanaiyokadhalvasam #peachhouseperson #Arivalan

#TamilKavithai #TamilPoetry #TamilLovePoems #KadhalKavithai #RomanticKavithai #TamilKadhal #TamilQuotes #TamilKadhalKavithaigal #RomanticQuotes #TamilKavithaigal #TamilLoveQuotes #TamilSadQuotes #TamilThathuvangal #TamilKavidhai #TamilPoems #TamilKavithaikal #TamilLoveStory #PoetryInTamil #LoveInTamil #TamilRomanticQuotes #TamilInstaPoetry #TamilQuoteLovers #InstaKavithai #KadhalInstagram","Save this poem as your little love reminder to brighten your day. If it touched your heart, leave a ❤, and share it with someone who needs to hear this. Let's spread love... save it, share it!

இக்கவிதையை உங்கள் நாளை சிறப்பாக்கும் காதல் நினைவாக சேமியுங்கள். இதன் உணர்வுகள் உங்கள் இதயத்தை தழுவி இருந்தால், ❤ கொடுக்கவும், இதை உணர வேண்டியவருடன் பகிரவும். காதலை பரப்புவோம்... சேமியுங்கள், பகிருங்கள்!",,"Tamil, English",1752150600
2025-07-11 18:00:00,Color,0038_Blue_KadhalThinamThinam235.png,f:\Quotes\InstaAutomation\KadhalThinamThinamInsta\Spectrum\0038_Blue_KadhalThinamThinam235.png,https://raw.githubusercontent.com/mr-php20/amiableWrites/refs/heads/main/Spectrum/0038_Blue_KadhalThinamThinam235.png,"#amiablewrites #kadhalthinamthinam #meendumorkadhalmazhai #karpanaiyokadhalvasam #peachhouseperson #Arivalan

#TamilKavithai #TamilPoetry #TamilLovePoems #KadhalKavithai #RomanticKavithai #TamilKadhal #TamilQuotes #TamilKadhalKavithaigal #RomanticQuotes #TamilKavithaigal #TamilLoveQuotes #TamilSadQuotes #TamilThathuvangal #TamilKavidhai #TamilPoems #TamilKavithaikal #TamilLoveStory #PoetryInTamil #LoveInTamil #TamilRomanticQuotes #TamilInstaPoetry #TamilQuoteLovers #InstaKavithai #KadhalInstagram","Save this poem as your little love reminder to brighten your day. If it touched your heart, leave a ❤, and share it with someone who needs to hear this. Let's spread love... save it, share it!

இக்கவிதையை உங்கள் நாளை சிறப்பாக்கும் காதல் நினைவாக சேமியுங்கள். இதன் உணர்வுகள் உங்கள் இதயத்தை தழுவி இருந்தால், ❤ கொடுக்கவும், இதை உணர வேண்டியவருடன் பகிரவும். காதலை பரப்புவோம்... சேமியுங்கள், பகிருங்கள்!",,"Tamil, English",1752237000
2025-07-12 18:00:00,White,KadhalThinamThinam210.png,f:\Quotes\InstaAutomation\KadhalThinamThinamInsta\White\KadhalThinamThinam210.png,https://raw.githubusercontent.com/mr-php20/amiableWrites/refs/heads/main/White/KadhalThinamThinam210.png,"#amiablewrites #kadhalthinamthinam #meendumorkadhalmazhai #karpanaiyokadhalvasam #peachhouseperson #Arivalan

#TamilKavithai #TamilPoetry #TamilLovePoems #KadhalKavithai #RomanticKavithai #TamilKadhal #TamilQuotes #TamilKadhalKavithaigal #RomanticQuotes #TamilKavithaigal #TamilLoveQuotes #TamilSadQuotes #TamilThathuvangal #TamilKavidhai #TamilPoems #TamilKavithaikal #TamilLoveStory #PoetryInTamil #LoveInTamil #TamilRomanticQuotes #TamilInstaPoetry #TamilQuoteLovers #InstaKavithai #KadhalInstagram","Save this poem as your little love reminder to brighten your day. If it touched your heart, leave a ❤, and share it with someone who needs to hear this. Let's spread love... save it, share it!

இக்கவிதையை உங்கள் நாளை சிறப்பாக்கும் காதல் நினைவாக சேமியுங்கள். இதன் உணர்வுகள் உங்கள் இதயத்தை தழுவி இருந்தால், ❤ கொடுக்கவும், இதை உணர வேண்டியவருடன் பகிரவும். காதலை பரப்புவோம்... சேமியுங்கள், பகிருங்கள்!",,"Tamil, English",1752323400
2025-07-13 18:00:00,Black,KadhalThinamThinam229.png,f:\Quotes\InstaAutomation\KadhalThinamThinamInsta\Black\KadhalThinamThinam229.png,https://raw.githubusercontent.com/mr-php20/amiableWrites/refs/heads/main/Black/KadhalThinamThinam229.png,"#amiablewrites #kadhalthinamthinam #meendumorkadhalmazhai #karpanaiyokadhalvasam #peachhouseperson #Arivalan

#TamilKavithai #TamilPoetry #TamilLovePoems #KadhalKavithai #RomanticKavithai #TamilKadhal #TamilQuotes #TamilKadhalKavithaigal #RomanticQuotes #TamilKavithaigal #TamilLoveQuotes #TamilSadQuotes #TamilThathuvangal #TamilKavidhai #TamilPoems #TamilKavithaikal #TamilLoveStory #PoetryInTamil #LoveInTamil #TamilRomanticQuotes #TamilInstaPoetry #TamilQuoteLovers #InstaKavithai #KadhalInstagram","Save this poem as your little love reminder to brighten your day. If it touched your heart, leave a ❤, and share it with someone who needs to hear this. Let's spread love... save it, share it!

இக்கவிதையை உங்கள் நாளை சிறப்பாக்கும் காதல் நினைவாக சேமியுங்கள். இதன் உணர்வுகள் உங்கள் இதயத்தை தழுவி இருந்தால், ❤ கொடுக்கவும், இதை உணர வேண்டியவருடன் பகிரவும். காதலை பரப்புவோம்... சேமியுங்கள், பகிருங்கள்!",,"Tamil, English",1752409800
2025-07-14 18:00:00,Color,0039_Blue_KadhalThinamThinam284.png,f:\Quotes\InstaAutomation\KadhalThinamThinamInsta\Spectrum\0039_Blue_KadhalThinamThinam284.png,https://raw.githubusercontent.com/mr-php20/amiableWrites/refs/heads/main/Spectrum/0039_Blue_KadhalThinamThinam284.png,"#amiablewrites #kadhalthinamthinam #meendumorkadhalmazhai #karpanaiyokadhalvasam #peachhouseperson #Arivalan

#TamilKavithai #TamilPoetry #TamilLovePoems #KadhalKavithai #RomanticKavithai #TamilKadhal #TamilQuotes #TamilKadhalKavithaigal #RomanticQuotes #TamilKavithaigal #TamilLoveQuotes #TamilSadQuotes #TamilThathuvangal #TamilKavidhai #TamilPoems #TamilKavithaikal #TamilLoveStory #PoetryInTamil #LoveInTamil #TamilRomanticQuotes #TamilInstaPoetry #TamilQuoteLovers #InstaKavithai #KadhalInstagram","Save this poem as your little love reminder to brighten your day. If it touched your heart, leave a ❤, and share it with someone who needs to hear this. Let's spread love... save it, share it!

இக்கவிதையை உங்கள் நாளை சிறப்பாக்கும் காதல் நினைவாக சேமியுங்கள். இதன் உணர்வுகள் உங்கள் இதயத்தை தழுவி இருந்தால், ❤ கொடுக்கவும், இதை உணர வேண்டியவருடன் பகிரவும். காதலை பரப்புவோம்... சேமியுங்கள், பகிருங்கள்!",,"Tamil, English",1752496200
2025-07-15 18:00:00,White,KadhalThinamThinam218.png,f:\Quotes\InstaAutomation\KadhalThinamThinamInsta\White\KadhalThinamThinam218.png,https://raw.githubusercontent.com/mr-php20/amiableWrites/refs/heads/main/White/KadhalThinamThinam218.png,"#amiablewrites #kadhalthinamthinam #meendumorkadhalmazhai #karpanaiyokadhalvasam #peachhouseperson #Arivalan

#TamilKavithai #TamilPoetry #TamilLovePoems #KadhalKavithai #RomanticKavithai #TamilKadhal #TamilQuotes #TamilKadhalKavithaigal #RomanticQuotes #TamilKavithaigal #TamilLoveQuotes #TamilSadQuotes #TamilThathuvangal #TamilKavidhai #TamilPoems #TamilKavithaikal #TamilLoveStory #PoetryInTamil #LoveInTamil #TamilRomanticQuotes #TamilInstaPoetry #TamilQuoteLovers #InstaKavithai #KadhalInstagram","Save this poem as your little love reminder to brighten your day. If it touched your heart, leave a ❤, and share it with someone who needs to hear this. Let's spread love... save it, share it!

இக்கவிதையை உங்கள் நாளை சிறப்பாக்கும் காதல் நினைவாக சேமியுங்கள். இதன் உணர்வுகள் உங்கள் இதயத்தை தழுவி இருந்தால், ❤ கொடுக்கவும், இதை உணர வேண்டியவருடன் பகிரவும். காதலை பரப்புவோம்... சேமியுங்கள், பகிருங்கள்!",,"Tamil, English",1752582600
2025-07-16 18:00:00,Black,KadhalThinamThinam230.png,f:\Quotes\InstaAutomation\KadhalThinamThinamInsta\Black\KadhalThinamThinam230.png,https://raw.githubusercontent.com/mr-php20/amiableWrites/refs/heads/main/Black/KadhalThinamThinam230.png,"#amiablewrites #kadhalthinamthinam #meendumorkadhalmazhai #karpanaiyokadhalvasam #peachhouseperson #Arivalan

#TamilKavithai #TamilPoetry #TamilLovePoems #KadhalKavithai #RomanticKavithai #TamilKadhal #TamilQuotes #TamilKadhalKavithaigal #RomanticQuotes #TamilKavithaigal #TamilLoveQuotes #TamilSadQuotes #TamilThathuvangal #TamilKavidhai #TamilPoems #TamilKavithaikal #TamilLoveStory #PoetryInTamil #LoveInTamil #TamilRomanticQuotes #TamilInstaPoetry #TamilQuoteLovers #InstaKavithai #KadhalInstagram","Save this poem as your little love reminder to brighten your day. If it touched your heart, leave a ❤, and share it with someone who needs to hear this. Let's spread love... save it, share it!

இக்கவிதையை உங்கள் நாளை சிறப்பாக்கும் காதல் நினைவாக சேமியுங்கள். இதன் உணர்வுகள் உங்கள் இதயத்தை தழுவி இருந்தால், ❤ கொடுக்கவும், இதை உணர வேண்டியவருடன் பகிரவும். காதலை பரப்புவோம்... சேமியுங்கள், பகிருங்கள்!",,"Tamil, English",1752669000
2025-07-17 18:00:00,Color,0040_Blue_KadhalThinamThinam132.png,f:\Quotes\InstaAutomation\KadhalThinamThinamInsta\Spectrum\0040_Blue_KadhalThinamThinam132.png,https://raw.githubusercontent.com/mr-php20/amiableWrites/refs/heads/main/Spectrum/0040_Blue_KadhalThinamThinam132.png,"#amiablewrites #kadhalthinamthinam #meendumorkadhalmazhai #karpanaiyokadhalvasam #peachhouseperson #Arivalan

#TamilKavithai #TamilPoetry #TamilLovePoems #KadhalKavithai #RomanticKavithai #TamilKadhal #TamilQuotes #TamilKadhalKavithaigal #RomanticQuotes #TamilKavithaigal #TamilLoveQuotes #TamilSadQuotes #TamilThathuvangal #TamilKavidhai #TamilPoems #TamilKavithaikal #TamilLoveStory #PoetryInTamil #LoveInTamil #TamilRomanticQuotes #TamilInstaPoetry #TamilQuoteLovers #InstaKavithai #KadhalInstagram","Save this poem as your little love reminder to brighten your day. If it touched your heart, leave a ❤, and share it with someone who needs to hear this. Let's spread love... save it, share it!

இக்கவிதையை உங்கள் நாளை சிறப்பாக்கும் காதல் நினைவாக சேமியுங்கள். இதன் உணர்வுகள் உங்கள் இதயத்தை தழுவி இருந்தால், ❤ கொடுக்கவும், இதை உணர வேண்டியவருடன் பகிரவும். காதலை பரப்புவோம்... சேமியுங்கள், பகிருங்கள்!",,"Tamil, English",1752755400
2025-07-18 18:00:00,White,KadhalThinamThinam219.png,f:\Quotes\InstaAutomation\KadhalThinamThinamInsta\White\KadhalThinamThinam219.png,https://raw.githubusercontent.com/mr-php20/amiableWrites/refs/heads/main/White/KadhalThinamThinam219.png,"#amiablewrites #kadhalthinamthinam #meendumorkadhalmazhai #karpanaiyokadhalvasam #peachhouseperson #Arivalan

#TamilKavithai #TamilPoetry #TamilLovePoems #KadhalKavithai #RomanticKavithai #TamilKadhal #TamilQuotes #TamilKadhalKavithaigal #RomanticQuotes #TamilKavithaigal #TamilLoveQuotes #TamilSadQuotes #TamilThathuvangal #TamilKavidhai #TamilPoems #TamilKavithaikal #TamilLoveStory #PoetryInTamil #LoveInTamil #TamilRomanticQuotes #TamilInstaPoetry #TamilQuoteLovers #InstaKavithai #KadhalInstagram","Save this poem as your little love reminder to brighten your day. If it touched your heart, leave a ❤, and share it with someone who needs to hear this. Let's spread love... save it, share it!

இக்கவிதையை உங்கள் நாளை சிறப்பாக்கும் காதல் நினைவாக சேமியுங்கள். இதன் உணர்வுகள் உங்கள் இதயத்தை தழுவி இருந்தால், ❤ கொடுக்கவும், இதை உணர வேண்டியவருடன் பகிரவும். காதலை பரப்புவோம்... சேமியுங்கள், பகிருங்கள்!",,"Tamil, English",1752841800
2025-07-19 18:00:00,Black,KadhalThinamThinam231.png,f:\Quotes\InstaAutomation\KadhalThinamThinamInsta\Black\KadhalThinamThinam231.png,https://raw.githubusercontent.com/mr-php20/amiableWrites/refs/heads/main/Black/KadhalThinamThinam231.png,"#amiablewrites #kadhalthinamthinam #meendumorkadhalmazhai #karpanaiyokadhalvasam #peachhouseperson #Arivalan

#TamilKavithai #TamilPoetry #TamilLovePoems #KadhalKavithai #RomanticKavithai #TamilKadhal #TamilQuotes #TamilKadhalKavithaigal #RomanticQuotes #TamilKavithaigal #TamilLoveQuotes #TamilSadQuotes #TamilThathuvangal #TamilKavidhai #TamilPoems #TamilKavithaikal #TamilLoveStory #PoetryInTamil #LoveInTamil #TamilRomanticQuotes #TamilInstaPoetry #TamilQuoteLovers #InstaKavithai #KadhalInstagram","Save this poem as your little love reminder to brighten your day. If it touched your heart, leave a ❤, and share it with someone who needs to hear this. Let's spread love... save it, share it!

இக்கவிதையை உங்கள் நாளை சிறப்பாக்கும் காதல் நினைவாக சேமியுங்கள். இதன் உணர்வுகள் உங்கள் இதயத்தை தழுவி இருந்தால், ❤ கொடுக்கவும், இதை உணர வேண்டியவருடன் பகிரவும். காதலை பரப்புவோம்... சேமியுங்கள், பகிருங்கள்!",,"Tamil, English",1752928200
2025-07-20 18:00:00,Color,0041_Blue_KadhalThinamThinam259.png,f:\Quotes\InstaAutomation\KadhalThinamThinamInsta\Spectrum\0041_Blue_KadhalThinamThinam259.png,https://raw.githubusercontent.com/mr-php20/amiableWrites/refs/heads/main/Spectrum/0041_Blue_KadhalThinamThinam259.png,"#amiablewrites #kadhalthinamthinam #meendumorkadhalmazhai #karpanaiyokadhalvasam #peachhouseperson #Arivalan

#TamilKavithai #TamilPoetry #TamilLovePoems #KadhalKavithai #RomanticKavithai #TamilKadhal #TamilQuotes #TamilKadhalKavithaigal #RomanticQuotes #TamilKavithaigal #TamilLoveQuotes #TamilSadQuotes #TamilThathuvangal #TamilKavidhai #TamilPoems #TamilKavithaikal #TamilLoveStory #PoetryInTamil #LoveInTamil #TamilRomanticQuotes #TamilInstaPoetry #TamilQuoteLovers #InstaKavithai #KadhalInstagram","Save this poem as your little love reminder to brighten your day. If it touched your heart, leave a ❤, and share it with someone who needs to hear this. Let's spread love... save it, share it!

இக்கவிதையை உங்கள் நாளை சிறப்பாக்கும் காதல் நினைவாக சேமியுங்கள். இதன் உணர்வுகள் உங்கள் இதயத்தை தழுவி இருந்தால், ❤ கொடுக்கவும், இதை உணர வேண்டியவருடன் பகிரவும். காதலை பரப்புவோம்... சேமியுங்கள், பகிருங்கள்!",,"Tamil, English",1753014600
2025-07-21 18:00:00,White,KadhalThinamThinam221.png,f:\Quotes\InstaAutomation\KadhalThinamThinamInsta\White\KadhalThinamThinam221.png,https://raw.githubusercontent.com/mr-php20/amiableWrites/refs/heads/main/White/KadhalThinamThinam221.png,"#amiablewrites #kadhalthinamthinam #meendumorkadhalmazhai #karpanaiyokadhalvasam #peachhouseperson #Arivalan

#TamilKavithai #TamilPoetry #TamilLovePoems #KadhalKavithai #RomanticKavithai #TamilKadhal #TamilQuotes #TamilKadhalKavithaigal #RomanticQuotes #TamilKavithaigal #TamilLoveQuotes #TamilSadQuotes #TamilThathuvangal #TamilKavidhai #TamilPoems #TamilKavithaikal #TamilLoveStory #PoetryInTamil #LoveInTamil #TamilRomanticQuotes #TamilInstaPoetry #TamilQuoteLovers #InstaKavithai #KadhalInstagram","Save this poem as your little love reminder to brighten your day. If it touched your heart, leave a ❤, and share it with someone who needs to hear this. Let's spread love... save it, share it!

இக்கவிதையை உங்கள் நாளை சிறப்பாக்கும் காதல் நினைவாக சேமியுங்கள். இதன் உணர்வுகள் உங்கள் இதயத்தை தழுவி இருந்தால், ❤ கொடுக்கவும், இதை உணர வேண்டியவருடன் பகிரவும். காதலை பரப்புவோம்... சேமியுங்கள், பகிருங்கள்!",,"Tamil, English",1753101000
2025-07-22 18:00:00,Black,KadhalThinamThinam243.png,f:\Quotes\InstaAutomation\KadhalThinamThinamInsta\Black\KadhalThinamThinam243.png,https://raw.githubusercontent.com/mr-php20/amiableWrites/refs/heads/main/Black/KadhalThinamThinam243.png,"#amiablewrites #kadhalthinamthinam #meendumorkadhalmazhai #karpanaiyokadhalvasam #peachhouseperson #Arivalan

#TamilKavithai #TamilPoetry #TamilLovePoems #KadhalKavithai #RomanticKavithai #TamilKadhal #TamilQuotes #TamilKadhalKavithaigal #RomanticQuotes #TamilKavithaigal #TamilLoveQuotes #TamilSadQuotes #TamilThathuvangal #TamilKavidhai #TamilPoems #TamilKavithaikal #TamilLoveStory #PoetryInTamil #LoveInTamil #TamilRomanticQuotes #TamilInstaPoetry #TamilQuoteLovers #InstaKavithai #KadhalInstagram","Save this poem as your little love reminder to brighten your day. If it touched your heart, leave a ❤, and share it with someone who needs to hear this. Let's spread love... save it, share it!

இக்கவிதையை உங்கள் நாளை சிறப்பாக்கும் காதல் நினைவாக சேமியுங்கள். இதன் உணர்வுகள் உங்கள் இதயத்தை தழுவி இருந்தால், ❤ கொடுக்கவும், இதை உணர வேண்டியவருடன் பகிரவும். காதலை பரப்புவோம்... சேமியுங்கள், பகிருங்கள்!",,"Tamil, English",1753187400
2025-07-23 18:00:00,Color,0042_Blue_KadhalThinamThinam264.png,f:\Quotes\InstaAutomation\KadhalThinamThinamInsta\Spectrum\0042_Blue_KadhalThinamThinam264.png,https://raw.githubusercontent.com/mr-php20/amiableWrites/refs/heads/main/Spectrum/0042_Blue_KadhalThinamThinam264.png,"#amiablewrites #kadhalthinamthinam #meendumorkadhalmazhai #karpanaiyokadhalvasam #peachhouseperson #Arivalan

#TamilKavithai #TamilPoetry #TamilLovePoems #KadhalKavithai #RomanticKavithai #TamilKadhal #TamilQuotes #TamilKadhalKavithaigal #RomanticQuotes #TamilKavithaigal #TamilLoveQuotes #TamilSadQuotes #TamilThathuvangal #TamilKavidhai #TamilPoems #TamilKavithaikal #TamilLoveStory #PoetryInTamil #LoveInTamil #TamilRomanticQuotes #TamilInstaPoetry #TamilQuoteLovers #InstaKavithai #KadhalInstagram","Save this poem as your little love reminder to brighten your day. If it touched your heart, leave a ❤, and share it with someone who needs to hear this. Let's spread love... save it, share it!

இக்கவிதையை உங்கள் நாளை சிறப்பாக்கும் காதல் நினைவாக சேமியுங்கள். இதன் உணர்வுகள் உங்கள் இதயத்தை தழுவி இருந்தால், ❤ கொடுக்கவும், இதை உணர வேண்டியவருடன் பகிரவும். காதலை பரப்புவோம்... சேமியுங்கள், பகிருங்கள்!",,"Tamil, English",1753273800
2025-07-24 18:00:00,White,KadhalThinamThinam222.png,f:\Quotes\InstaAutomation\KadhalThinamThinamInsta\White\KadhalThinamThinam222.png,https://raw.githubusercontent.com/mr-php20/amiableWrites/refs/heads/main/White/KadhalThinamThinam222.png,"#amiablewrites #kadhalthinamthinam #meendumorkadhalmazhai #karpanaiyokadhalvasam #peachhouseperson #Arivalan

#TamilKavithai #TamilPoetry #TamilLovePoems #KadhalKavithai #RomanticKavithai #TamilKadhal #TamilQuotes #TamilKadhalKavithaigal #RomanticQuotes #TamilKavithaigal #TamilLoveQuotes #TamilSadQuotes #TamilThathuvangal #TamilKavidhai #TamilPoems #TamilKavithaikal #TamilLoveStory #PoetryInTamil #LoveInTamil #TamilRomanticQuotes #TamilInstaPoetry #TamilQuoteLovers #InstaKavithai #KadhalInstagram","Save this poem as your little love reminder to brighten your day. If it touched your heart, leave a ❤, and share it with someone who needs to hear this. Let's spread love... save it, share it!

இக்கவிதையை உங்கள் நாளை சிறப்பாக்கும் காதல் நினைவாக சேமியுங்கள். இதன் உணர்வுகள் உங்கள் இதயத்தை தழுவி இருந்தால், ❤ கொடுக்கவும், இதை உணர வேண்டியவருடன் பகிரவும். காதலை பரப்புவோம்... சேமியுங்கள், பகிருங்கள்!",,"Tamil, English",1753360200
2025-07-25 18:00:00,Black,KadhalThinamThinam244.png,f:\Quotes\InstaAutomation\KadhalThinamThinamInsta\Black\KadhalThinamThinam244.png,https://raw.githubusercontent.com/mr-php20/amiableWrites/refs/heads/main/Black/KadhalThinamThinam244.png,"#amiablewrites #kadhalthinamthinam #meendumorkadhalmazhai #karpanaiyokadhalvasam #peachhouseperson #Arivalan

#TamilKavithai #TamilPoetry #TamilLovePoems #KadhalKavithai #RomanticKavithai #TamilKadhal #TamilQuotes #TamilKadhalKavithaigal #RomanticQuotes #TamilKavithaigal #TamilLoveQuotes #TamilSadQuotes #TamilThathuvangal #TamilKavidhai #TamilPoems #TamilKavithaikal #TamilLoveStory #PoetryInTamil #LoveInTamil #TamilRomanticQuotes #TamilInstaPoetry #TamilQuoteLovers #InstaKavithai #KadhalInstagram","Save this poem as your little love reminder to brighten your day. If it touched your heart, leave a ❤, and share it with someone who needs to hear this. Let's spread love... save it, share it!

இக்கவிதையை உங்கள் நாளை சிறப்பாக்கும் காதல் நினைவாக சேமியுங்கள். இதன் உணர்வுகள் உங்கள் இதயத்தை தழுவி இருந்தால், ❤ கொடுக்கவும், இதை உணர வேண்டியவருடன் பகிரவும். காதலை பரப்புவோம்... சேமியுங்கள், பகிருங்கள்!",,"Tamil, English",1753446600
2025-07-26 18:00:00,Color,0043_Blue_KadhalThinamThinam323.png,f:\Quotes\InstaAutomation\KadhalThinamThinamInsta\Spectrum\0043_Blue_KadhalThinamThinam323.png,https://raw.githubusercontent.com/mr-php20/amiableWrites/refs/heads/main/Spectrum/0043_Blue_KadhalThinamThinam323.png,"#amiablewrites #kadhalthinamthinam #meendumorkadhalmazhai #karpanaiyokadhalvasam #peachhouseperson #Arivalan

#TamilKavithai #TamilPoetry #TamilLovePoems #KadhalKavithai #RomanticKavithai #TamilKadhal #TamilQuotes #TamilKadhalKavithaigal #RomanticQuotes #TamilKavithaigal #TamilLoveQuotes #TamilSadQuotes #TamilThathuvangal #TamilKavidhai #TamilPoems #TamilKavithaikal #TamilLoveStory #PoetryInTamil #LoveInTamil #TamilRomanticQuotes #TamilInstaPoetry #TamilQuoteLovers #InstaKavithai #KadhalInstagram","Save this poem as your little love reminder to brighten your day. If it touched your heart, leave a ❤, and share it with someone who needs to hear this. Let's spread love... save it, share it!

இக்கவிதையை உங்கள் நாளை சிறப்பாக்கும் காதல் நினைவாக சேமியுங்கள். இதன் உணர்வுகள் உங்கள் இதயத்தை தழுவி இருந்தால், ❤ கொடுக்கவும், இதை உணர வேண்டியவருடன் பகிரவும். காதலை பரப்புவோம்... சேமியுங்கள், பகிருங்கள்!",,"Tamil, English",1753533000
2025-07-27 18:00:00,White,KadhalThinamThinam232.png,f:\Quotes\InstaAutomation\KadhalThinamThinamInsta\White\KadhalThinamThinam232.png,https://raw.githubusercontent.com/mr-php20/amiableWrites/refs/heads/main/White/KadhalThinamThinam232.png,"#amiablewrites #kadhalthinamthinam #meendumorkadhalmazhai #karpanaiyokadhalvasam #peachhouseperson #Arivalan

#TamilKavithai #TamilPoetry #TamilLovePoems #KadhalKavithai #RomanticKavithai #TamilKadhal #TamilQuotes #TamilKadhalKavithaigal #RomanticQuotes #TamilKavithaigal #TamilLoveQuotes #TamilSadQuotes #TamilThathuvangal #TamilKavidhai #TamilPoems #TamilKavithaikal #TamilLoveStory #PoetryInTamil #LoveInTamil #TamilRomanticQuotes #TamilInstaPoetry #TamilQuoteLovers #InstaKavithai #KadhalInstagram","Save this poem as your little love reminder to brighten your day. If it touched your heart, leave a ❤, and share it with someone who needs to hear this. Let's spread love... save it, share it!

இக்கவிதையை உங்கள் நாளை சிறப்பாக்கும் காதல் நினைவாக சேமியுங்கள். இதன் உணர்வுகள் உங்கள் இதயத்தை தழுவி இருந்தால், ❤ கொடுக்கவும், இதை உணர வேண்டியவருடன் பகிரவும். காதலை பரப்புவோம்... சேமியுங்கள், பகிருங்கள்!",,"Tamil, English",1753619400
2025-07-28 18:00:00,Black,KadhalThinamThinam246.png,f:\Quotes\InstaAutomation\KadhalThinamThinamInsta\Black\KadhalThinamThinam246.png,https://raw.githubusercontent.com/mr-php20/amiableWrites/refs/heads/main/Black/KadhalThinamThinam246.png,"#amiablewrites #kadhalthinamthinam #meendumorkadhalmazhai #karpanaiyokadhalvasam #peachhouseperson #Arivalan

#TamilKavithai #TamilPoetry #TamilLovePoems #KadhalKavithai #RomanticKavithai #TamilKadhal #TamilQuotes #TamilKadhalKavithaigal #RomanticQuotes #TamilKavithaigal #TamilLoveQuotes #TamilSadQuotes #TamilThathuvangal #TamilKavidhai #TamilPoems #TamilKavithaikal #TamilLoveStory #PoetryInTamil #LoveInTamil #TamilRomanticQuotes #TamilInstaPoetry #TamilQuoteLovers #InstaKavithai #KadhalInstagram","Save this poem as your little love reminder to brighten your day. If it touched your heart, leave a ❤, and share it with someone who needs to hear this. Let's spread love... save it, share it!

இக்கவிதையை உங்கள் நாளை சிறப்பாக்கும் காதல் நினைவாக சேமியுங்கள். இதன் உணர்வுகள் உங்கள் இதயத்தை தழுவி இருந்தால், ❤ கொடுக்கவும், இதை உணர வேண்டியவருடன் பகிரவும். காதலை பரப்புவோம்... சேமியுங்கள், பகிருங்கள்!",,"Tamil, English",1753705800
2025-07-29 18:00:00,Color,0044_Blue_KadhalThinamThinam145.png,f:\Quotes\InstaAutomation\KadhalThinamThinamInsta\Spectrum\0044_Blue_KadhalThinamThinam145.png,https://raw.githubusercontent.com/mr-php20/amiableWrites/refs/heads/main/Spectrum/0044_Blue_KadhalThinamThinam145.png,"#amiablewrites #kadhalthinamthinam #meendumorkadhalmazhai #karpanaiyokadhalvasam #peachhouseperson #Arivalan

#TamilKavithai #TamilPoetry #TamilLovePoems #KadhalKavithai #RomanticKavithai #TamilKadhal #TamilQuotes #TamilKadhalKavithaigal #RomanticQuotes #TamilKavithaigal #TamilLoveQuotes #TamilSadQuotes #TamilThathuvangal #TamilKavidhai #TamilPoems #TamilKavithaikal #TamilLoveStory #PoetryInTamil #LoveInTamil #TamilRomanticQuotes #TamilInstaPoetry #TamilQuoteLovers #InstaKavithai #KadhalInstagram","Save this poem as your little love reminder to brighten your day. If it touched your heart, leave a ❤, and share it with someone who needs to hear this. Let's spread love... save it, share it!

இக்கவிதையை உங்கள் நாளை சிறப்பாக்கும் காதல் நினைவாக சேமியுங்கள். இதன் உணர்வுகள் உங்கள் இதயத்தை தழுவி இருந்தால், ❤ கொடுக்கவும், இதை உணர வேண்டியவருடன் பகிரவும். காதலை பரப்புவோம்... சேமியுங்கள், பகிருங்கள்!",,"Tamil, English",1753792200
2025-07-30 18:00:00,White,KadhalThinamThinam234.png,f:\Quotes\InstaAutomation\KadhalThinamThinamInsta\White\KadhalThinamThinam234.png,https://raw.githubusercontent.com/mr-php20/amiableWrites/refs/heads/main/White/KadhalThinamThinam234.png,"#amiablewrites #kadhalthinamthinam #meendumorkadhalmazhai #karpanaiyokadhalvasam #peachhouseperson #Arivalan

#TamilKavithai #TamilPoetry #TamilLovePoems #KadhalKavithai #RomanticKavithai #TamilKadhal #TamilQuotes #TamilKadhalKavithaigal #RomanticQuotes #TamilKavithaigal #TamilLoveQuotes #TamilSadQuotes #TamilThathuvangal #TamilKavidhai #TamilPoems #TamilKavithaikal #TamilLoveStory #PoetryInTamil #LoveInTamil #TamilRomanticQuotes #TamilInstaPoetry #TamilQuoteLovers #InstaKavithai #KadhalInstagram","Save this poem as your little love reminder to brighten your day. If it touched your heart, leave a ❤, and share it with someone who needs to hear this. Let's spread love... save it, share it!

இக்கவிதையை உங்கள் நாளை சிறப்பாக்கும் காதல் நினைவாக சேமியுங்கள். இதன் உணர்வுகள் உங்கள் இதயத்தை தழுவி இருந்தால், ❤ கொடுக்கவும், இதை உணர வேண்டியவருடன் பகிரவும். காதலை பரப்புவோம்... சேமியுங்கள், பகிருங்கள்!",,"Tamil, English",1753878600
2025-07-31 18:00:00,Black,KadhalThinamThinam248.png,f:\Quotes\InstaAutomation\KadhalThinamThinamInsta\Black\KadhalThinamThinam248.png,https://raw.githubusercontent.com/mr-php20/amiableWrites/refs/heads/main/Black/KadhalThinamThinam248.png,"#amiablewrites #kadhalthinamthinam #meendumorkadhalmazhai #karpanaiyokadhalvasam #peachhouseperson #Arivalan

#TamilKavithai #TamilPoetry #TamilLovePoems #KadhalKavithai #RomanticKavithai #TamilKadhal #TamilQuotes #TamilKadhalKavithaigal #RomanticQuotes #TamilKavithaigal #TamilLoveQuotes #TamilSadQuotes #TamilThathuvangal #TamilKavidhai #TamilPoems #TamilKavithaikal #TamilLoveStory #PoetryInTamil #LoveInTamil #TamilRomanticQuotes #TamilInstaPoetry #TamilQuoteLovers #InstaKavithai #KadhalInstagram","Save this poem as your little love reminder to brighten your day. If it touched your heart, leave a ❤, and share it with someone who needs to hear this. Let's spread love... save it, share it!

இக்கவிதையை உங்கள் நாளை சிறப்பாக்கும் காதல் நினைவாக சேமியுங்கள். இதன் உணர்வுகள் உங்கள் இதயத்தை தழுவி இருந்தால், ❤ கொடுக்கவும், இதை உணர வேண்டியவருடன் பகிரவும். காதலை பரப்புவோம்... சேமியுங்கள், பகிருங்கள்!",,"Tamil, English",1753965000
2025-08-01 18:00:00,Color,0045_Blue_KadhalThinamThinam325.png,f:\Quotes\InstaAutomation\KadhalThinamThinamInsta\Spectrum\0045_Blue_KadhalThinamThinam325.png,https://raw.githubusercontent.com/mr-php20/amiableWrites/refs/heads/main/Spectrum/0045_Blue_KadhalThinamThinam325.png,"#amiablewrites #kadhalthinamthinam #meendumorkadhalmazhai #karpanaiyokadhalvasam #peachhouseperson #Arivalan

#TamilKavithai #TamilPoetry #TamilLovePoems #KadhalKavithai #RomanticKavithai #TamilKadhal #TamilQuotes #TamilKadhalKavithaigal #RomanticQuotes #TamilKavithaigal #TamilLoveQuotes #TamilSadQuotes #TamilThathuvangal #TamilKavidhai #TamilPoems #TamilKavithaikal #TamilLoveStory #PoetryInTamil #LoveInTamil #TamilRomanticQuotes #TamilInstaPoetry #TamilQuoteLovers #InstaKavithai #KadhalInstagram","Save this poem as your little love reminder to brighten your day. If it touched your heart, leave a ❤, and share it with someone who needs to hear this. Let's spread love... save it, share it!

இக்கவிதையை உங்கள் நாளை சிறப்பாக்கும் காதல் நினைவாக சேமியுங்கள். இதன் உணர்வுகள் உங்கள் இதயத்தை தழுவி இருந்தால், ❤ கொடுக்கவும், இதை உணர வேண்டியவருடன் பகிரவும். காதலை பரப்புவோம்... சேமியுங்கள், பகிருங்கள்!",,"Tamil, English",1754051400
2025-08-02 18:00:00,White,KadhalThinamThinam236.png,f:\Quotes\InstaAutomation\KadhalThinamThinamInsta\White\KadhalThinamThinam236.png,https://raw.githubusercontent.com/mr-php20/amiableWrites/refs/heads/main/White/KadhalThinamThinam236.png,"#amiablewrites #kadhalthinamthinam #meendumorkadhalmazhai #karpanaiyokadhalvasam #peachhouseperson #Arivalan

#TamilKavithai #TamilPoetry #TamilLovePoems #KadhalKavithai #RomanticKavithai #TamilKadhal #TamilQuotes #TamilKadhalKavithaigal #RomanticQuotes #TamilKavithaigal #TamilLoveQuotes #TamilSadQuotes #TamilThathuvangal #TamilKavidhai #TamilPoems #TamilKavithaikal #TamilLoveStory #PoetryInTamil #LoveInTamil #TamilRomanticQuotes #TamilInstaPoetry #TamilQuoteLovers #InstaKavithai #KadhalInstagram","Save this poem as your little love reminder to brighten your day. If it touched your heart, leave a ❤, and share it with someone who needs to hear this. Let's spread love... save it, share it!

இக்கவிதையை உங்கள் நாளை சிறப்பாக்கும் காதல் நினைவாக சேமியுங்கள். இதன் உணர்வுகள் உங்கள் இதயத்தை தழுவி இருந்தால், ❤ கொடுக்கவும், இதை உணர வேண்டியவருடன் பகிரவும். காதலை பரப்புவோம்... சேமியுங்கள், பகிருங்கள்!",,"Tamil, English",1754137800
2025-08-03 18:00:00,Black,KadhalThinamThinam249.png,f:\Quotes\InstaAutomation\KadhalThinamThinamInsta\Black\KadhalThinamThinam249.png,https://raw.githubusercontent.com/mr-php20/amiableWrites/refs/heads/main/Black/KadhalThinamThinam249.png,"#amiablewrites #kadhalthinamthinam #meendumorkadhalmazhai #karpanaiyokadhalvasam #peachhouseperson #Arivalan

#TamilKavithai #TamilPoetry #TamilLovePoems #KadhalKavithai #RomanticKavithai #TamilKadhal #TamilQuotes #TamilKadhalKavithaigal #RomanticQuotes #TamilKavithaigal #TamilLoveQuotes #TamilSadQuotes #TamilThathuvangal #TamilKavidhai #TamilPoems #TamilKavithaikal #TamilLoveStory #PoetryInTamil #LoveInTamil #TamilRomanticQuotes #TamilInstaPoetry #TamilQuoteLovers #InstaKavithai #KadhalInstagram","Save this poem as your little love reminder to brighten your day. If it touched your heart, leave a ❤, and share it with someone who needs to hear this. Let's spread love... save it, share it!

இக்கவிதையை உங்கள் நாளை சிறப்பாக்கும் காதல் நினைவாக சேமியுங்கள். இதன் உணர்வுகள் உங்கள் இதயத்தை தழுவி இருந்தால், ❤ கொடுக்கவும், இதை உணர வேண்டியவருடன் பகிரவும். காதலை பரப்புவோம்... சேமியுங்கள், பகிருங்கள்!",,"Tamil, English",1754224200
2025-08-04 18:00:00,Color,0046_Blue_KadhalThinamThinam135.png,f:\Quotes\InstaAutomation\KadhalThinamThinamInsta\Spectrum\0046_Blue_KadhalThinamThinam135.png,https://raw.githubusercontent.com/mr-php20/amiableWrites/refs/heads/main/Spectrum/0046_Blue_KadhalThinamThinam135.png,"#amiablewrites #kadhalthinamthinam #meendumorkadhalmazhai #karpanaiyokadhalvasam #peachhouseperson #Arivalan

#TamilKavithai #TamilPoetry #TamilLovePoems #KadhalKavithai #RomanticKavithai #TamilKadhal #TamilQuotes #TamilKadhalKavithaigal #RomanticQuotes #TamilKavithaigal #TamilLoveQuotes #TamilSadQuotes #TamilThathuvangal #TamilKavidhai #TamilPoems #TamilKavithaikal #TamilLoveStory #PoetryInTamil #LoveInTamil #TamilRomanticQuotes #TamilInstaPoetry #TamilQuoteLovers #InstaKavithai #KadhalInstagram","Save this poem as your little love reminder to brighten your day. If it touched your heart, leave a ❤, and share it with someone who needs to hear this. Let's spread love... save it, share it!

இக்கவிதையை உங்கள் நாளை சிறப்பாக்கும் காதல் நினைவாக சேமியுங்கள். இதன் உணர்வுகள் உங்கள் இதயத்தை தழுவி இருந்தால், ❤ கொடுக்கவும், இதை உணர வேண்டியவருடன் பகிரவும். காதலை பரப்புவோம்... சேமியுங்கள், பகிருங்கள்!",,"Tamil, English",1754310600
2025-08-05 18:00:00,White,KadhalThinamThinam238.png,f:\Quotes\InstaAutomation\KadhalThinamThinamInsta\White\KadhalThinamThinam238.png,https://raw.githubusercontent.com/mr-php20/amiableWrites/refs/heads/main/White/KadhalThinamThinam238.png,"#amiablewrites #kadhalthinamthinam #meendumorkadhalmazhai #karpanaiyokadhalvasam #peachhouseperson #Arivalan

#TamilKavithai #TamilPoetry #TamilLovePoems #KadhalKavithai #RomanticKavithai #TamilKadhal #TamilQuotes #TamilKadhalKavithaigal #RomanticQuotes #TamilKavithaigal #TamilLoveQuotes #TamilSadQuotes #TamilThathuvangal #TamilKavidhai #TamilPoems #TamilKavithaikal #TamilLoveStory #PoetryInTamil #LoveInTamil #TamilRomanticQuotes #TamilInstaPoetry #TamilQuoteLovers #InstaKavithai #KadhalInstagram","Save this poem as your little love reminder to brighten your day. If it touched your heart, leave a ❤, and share it with someone who needs to hear this. Let's spread love... save it, share it!

இக்கவிதையை உங்கள் நாளை சிறப்பாக்கும் காதல் நினைவாக சேமியுங்கள். இதன் உணர்வுகள் உங்கள் இதயத்தை தழுவி இருந்தால், ❤ கொடுக்கவும், இதை உணர வேண்டியவருடன் பகிரவும். காதலை பரப்புவோம்... சேமியுங்கள், பகிருங்கள்!",,"Tamil, English",1754397000
2025-08-06 18:00:00,Black,KadhalThinamThinam254.png,f:\Quotes\InstaAutomation\KadhalThinamThinamInsta\Black\KadhalThinamThinam254.png,https://raw.githubusercontent.com/mr-php20/amiableWrites/refs/heads/main/Black/KadhalThinamThinam254.png,"#amiablewrites #kadhalthinamthinam #meendumorkadhalmazhai #karpanaiyokadhalvasam #peachhouseperson #Arivalan

#TamilKavithai #TamilPoetry #TamilLovePoems #KadhalKavithai #RomanticKavithai #TamilKadhal #TamilQuotes #TamilKadhalKavithaigal #RomanticQuotes #TamilKavithaigal #TamilLoveQuotes #TamilSadQuotes #TamilThathuvangal #TamilKavidhai #TamilPoems #TamilKavithaikal #TamilLoveStory #PoetryInTamil #LoveInTamil #TamilRomanticQuotes #TamilInstaPoetry #TamilQuoteLovers #InstaKavithai #KadhalInstagram","Save this poem as your little love reminder to brighten your day. If it touched your heart, leave a ❤, and share it with someone who needs to hear this. Let's spread love... save it, share it!

இக்கவிதையை உங்கள் நாளை சிறப்பாக்கும் காதல் நினைவாக சேமியுங்கள். இதன் உணர்வுகள் உங்கள் இதயத்தை தழுவி இருந்தால், ❤ கொடுக்கவும், இதை உணர வேண்டியவருடன் பகிரவும். காதலை பரப்புவோம்... சேமியுங்கள், பகிருங்கள்!",,"Tamil, English",1754483400
2025-08-07 18:00:00,Color,0047_Blue_KadhalThinamThinam307.png,f:\Quotes\InstaAutomation\KadhalThinamThinamInsta\Spectrum\0047_Blue_KadhalThinamThinam307.png,https://raw.githubusercontent.com/mr-php20/amiableWrites/refs/heads/main/Spectrum/0047_Blue_KadhalThinamThinam307.png,"#amiablewrites #kadhalthinamthinam #meendumorkadhalmazhai #karpanaiyokadhalvasam #peachhouseperson #Arivalan

#TamilKavithai #TamilPoetry #TamilLovePoems #KadhalKavithai #RomanticKavithai #TamilKadhal #TamilQuotes #TamilKadhalKavithaigal #RomanticQuotes #TamilKavithaigal #TamilLoveQuotes #TamilSadQuotes #TamilThathuvangal #TamilKavidhai #TamilPoems #TamilKavithaikal #TamilLoveStory #PoetryInTamil #LoveInTamil #TamilRomanticQuotes #TamilInstaPoetry #TamilQuoteLovers #InstaKavithai #KadhalInstagram","Save this poem as your little love reminder to brighten your day. If it touched your heart, leave a ❤, and share it with someone who needs to hear this. Let's spread love... save it, share it!

இக்கவிதையை உங்கள் நாளை சிறப்பாக்கும் காதல் நினைவாக சேமியுங்கள். இதன் உணர்வுகள் உங்கள் இதயத்தை தழுவி இருந்தால், ❤ கொடுக்கவும், இதை உணர வேண்டியவருடன் பகிரவும். காதலை பரப்புவோம்... சேமியுங்கள், பகிருங்கள்!",,"Tamil, English",1754569800
2025-08-08 18:00:00,White,KadhalThinamThinam239.png,f:\Quotes\InstaAutomation\KadhalThinamThinamInsta\White\KadhalThinamThinam239.png,https://raw.githubusercontent.com/mr-php20/amiableWrites/refs/heads/main/White/KadhalThinamThinam239.png,"#amiablewrites #kadhalthinamthinam #meendumorkadhalmazhai #karpanaiyokadhalvasam #peachhouseperson #Arivalan

#TamilKavithai #TamilPoetry #TamilLovePoems #KadhalKavithai #RomanticKavithai #TamilKadhal #TamilQuotes #TamilKadhalKavithaigal #RomanticQuotes #TamilKavithaigal #TamilLoveQuotes #TamilSadQuotes #TamilThathuvangal #TamilKavidhai #TamilPoems #TamilKavithaikal #TamilLoveStory #PoetryInTamil #LoveInTamil #TamilRomanticQuotes #TamilInstaPoetry #TamilQuoteLovers #InstaKavithai #KadhalInstagram","Save this poem as your little love reminder to brighten your day. If it touched your heart, leave a ❤, and share it with someone who needs to hear this. Let's spread love... save it, share it!

இக்கவிதையை உங்கள் நாளை சிறப்பாக்கும் காதல் நினைவாக சேமியுங்கள். இதன் உணர்வுகள் உங்கள் இதயத்தை தழுவி இருந்தால், ❤ கொடுக்கவும், இதை உணர வேண்டியவருடன் பகிரவும். காதலை பரப்புவோம்... சேமியுங்கள், பகிருங்கள்!",,"Tamil, English",1754656200
2025-08-09 18:00:00,Black,KadhalThinamThinam262.png,f:\Quotes\InstaAutomation\KadhalThinamThinamInsta\Black\KadhalThinamThinam262.png,https://raw.githubusercontent.com/mr-php20/amiableWrites/refs/heads/main/Black/KadhalThinamThinam262.png,"#amiablewrites #kadhalthinamthinam #meendumorkadhalmazhai #karpanaiyokadhalvasam #peachhouseperson #Arivalan

#TamilKavithai #TamilPoetry #TamilLovePoems #KadhalKavithai #RomanticKavithai #TamilKadhal #TamilQuotes #TamilKadhalKavithaigal #RomanticQuotes #TamilKavithaigal #TamilLoveQuotes #TamilSadQuotes #TamilThathuvangal #TamilKavidhai #TamilPoems #TamilKavithaikal #TamilLoveStory #PoetryInTamil #LoveInTamil #TamilRomanticQuotes #TamilInstaPoetry #TamilQuoteLovers #InstaKavithai #KadhalInstagram","Save this poem as your little love reminder to brighten your day. If it touched your heart, leave a ❤, and share it with someone who needs to hear this. Let's spread love... save it, share it!

இக்கவிதையை உங்கள் நாளை சிறப்பாக்கும் காதல் நினைவாக சேமியுங்கள். இதன் உணர்வுகள் உங்கள் இதயத்தை தழுவி இருந்தால், ❤ கொடுக்கவும், இதை உணர வேண்டியவருடன் பகிரவும். காதலை பரப்புவோம்... சேமியுங்கள், பகிருங்கள்!",,"Tamil, English",1754742600
2025-08-10 18:00:00,Color,0048_Blue_KadhalThinamThinam306.png,f:\Quotes\InstaAutomation\KadhalThinamThinamInsta\Spectrum\0048_Blue_KadhalThinamThinam306.png,https://raw.githubusercontent.com/mr-php20/amiableWrites/refs/heads/main/Spectrum/0048_Blue_KadhalThinamThinam306.png,"#amiablewrites #kadhalthinamthinam #meendumorkadhalmazhai #karpanaiyokadhalvasam #peachhouseperson #Arivalan

#TamilKavithai #TamilPoetry #TamilLovePoems #KadhalKavithai #RomanticKavithai #TamilKadhal #TamilQuotes #TamilKadhalKavithaigal #RomanticQuotes #TamilKavithaigal #TamilLoveQuotes #TamilSadQuotes #TamilThathuvangal #TamilKavidhai #TamilPoems #TamilKavithaikal #TamilLoveStory #PoetryInTamil #LoveInTamil #TamilRomanticQuotes #TamilInstaPoetry #TamilQuoteLovers #InstaKavithai #KadhalInstagram","Save this poem as your little love reminder to brighten your day. If it touched your heart, leave a ❤, and share it with someone who needs to hear this. Let's spread love... save it, share it!

இக்கவிதையை உங்கள் நாளை சிறப்பாக்கும் காதல் நினைவாக சேமியுங்கள். இதன் உணர்வுகள் உங்கள் இதயத்தை தழுவி இருந்தால், ❤ கொடுக்கவும், இதை உணர வேண்டியவருடன் பகிரவும். காதலை பரப்புவோம்... சேமியுங்கள், பகிருங்கள்!",,"Tamil, English",1754829000
2025-08-11 18:00:00,White,KadhalThinamThinam240.png,f:\Quotes\InstaAutomation\KadhalThinamThinamInsta\White\KadhalThinamThinam240.png,https://raw.githubusercontent.com/mr-php20/amiableWrites/refs/heads/main/White/KadhalThinamThinam240.png,"#amiablewrites #kadhalthinamthinam #meendumorkadhalmazhai #karpanaiyokadhalvasam #peachhouseperson #Arivalan

#TamilKavithai #TamilPoetry #TamilLovePoems #KadhalKavithai #RomanticKavithai #TamilKadhal #TamilQuotes #TamilKadhalKavithaigal #RomanticQuotes #TamilKavithaigal #TamilLoveQuotes #TamilSadQuotes #TamilThathuvangal #TamilKavidhai #TamilPoems #TamilKavithaikal #TamilLoveStory #PoetryInTamil #LoveInTamil #TamilRomanticQuotes #TamilInstaPoetry #TamilQuoteLovers #InstaKavithai #KadhalInstagram","Save this poem as your little love reminder to brighten your day. If it touched your heart, leave a ❤, and share it with someone who needs to hear this. Let's spread love... save it, share it!

இக்கவிதையை உங்கள் நாளை சிறப்பாக்கும் காதல் நினைவாக சேமியுங்கள். இதன் உணர்வுகள் உங்கள் இதயத்தை தழுவி இருந்தால், ❤ கொடுக்கவும், இதை உணர வேண்டியவருடன் பகிரவும். காதலை பரப்புவோம்... சேமியுங்கள், பகிருங்கள்!",,"Tamil, English",1754915400
2025-08-12 18:00:00,Black,KadhalThinamThinam263.png,f:\Quotes\InstaAutomation\KadhalThinamThinamInsta\Black\KadhalThinamThinam263.png,https://raw.githubusercontent.com/mr-php20/amiableWrites/refs/heads/main/Black/KadhalThinamThinam263.png,"#amiablewrites #kadhalthinamthinam #meendumorkadhalmazhai #karpanaiyokadhalvasam #peachhouseperson #Arivalan

#TamilKavithai #TamilPoetry #TamilLovePoems #KadhalKavithai #RomanticKavithai #TamilKadhal #TamilQuotes #TamilKadhalKavithaigal #RomanticQuotes #TamilKavithaigal #TamilLoveQuotes #TamilSadQuotes #TamilThathuvangal #TamilKavidhai #TamilPoems #TamilKavithaikal #TamilLoveStory #PoetryInTamil #LoveInTamil #TamilRomanticQuotes #TamilInstaPoetry #TamilQuoteLovers #InstaKavithai #KadhalInstagram","Save this poem as your little love reminder to brighten your day. If it touched your heart, leave a ❤, and share it with someone who needs to hear this. Let's spread love... save it, share it!

இக்கவிதையை உங்கள் நாளை சிறப்பாக்கும் காதல் நினைவாக சேமியுங்கள். இதன் உணர்வுகள் உங்கள் இதயத்தை தழுவி இருந்தால், ❤ கொடுக்கவும், இதை உணர வேண்டியவருடன் பகிரவும். காதலை பரப்புவோம்... சேமியுங்கள், பகிருங்கள்!",,"Tamil, English",1755001800
2025-08-13 18:00:00,Color,0049_Blue_KadhalThinamThinam154.png,f:\Quotes\InstaAutomation\KadhalThinamThinamInsta\Spectrum\0049_Blue_KadhalThinamThinam154.png,https://raw.githubusercontent.com/mr-php20/amiableWrites/refs/heads/main/Spectrum/0049_Blue_KadhalThinamThinam154.png,"#amiablewrites #kadhalthinamthinam #meendumorkadhalmazhai #karpanaiyokadhalvasam #peachhouseperson #Arivalan

#TamilKavithai #TamilPoetry #TamilLovePoems #KadhalKavithai #RomanticKavithai #TamilKadhal #TamilQuotes #TamilKadhalKavithaigal #RomanticQuotes #TamilKavithaigal #TamilLoveQuotes #TamilSadQuotes #TamilThathuvangal #TamilKavidhai #TamilPoems #TamilKavithaikal #TamilLoveStory #PoetryInTamil #LoveInTamil #TamilRomanticQuotes #TamilInstaPoetry #TamilQuoteLovers #InstaKavithai #KadhalInstagram","Save this poem as your little love reminder to brighten your day. If it touched your heart, leave a ❤, and share it with someone who needs to hear this. Let's spread love... save it, share it!

இக்கவிதையை உங்கள் நாளை சிறப்பாக்கும் காதல் நினைவாக சேமியுங்கள். இதன் உணர்வுகள் உங்கள் இதயத்தை தழுவி இருந்தால், ❤ கொடுக்கவும், இதை உணர வேண்டியவருடன் பகிரவும். காதலை பரப்புவோம்... சேமியுங்கள், பகிருங்கள்!",,"Tamil, English",1755088200
2025-08-14 18:00:00,White,KadhalThinamThinam242.png,f:\Quotes\InstaAutomation\KadhalThinamThinamInsta\White\KadhalThinamThinam242.png,https://raw.githubusercontent.com/mr-php20/amiableWrites/refs/heads/main/White/KadhalThinamThinam242.png,"#amiablewrites #kadhalthinamthinam #meendumorkadhalmazhai #karpanaiyokadhalvasam #peachhouseperson #Arivalan

#TamilKavithai #TamilPoetry #TamilLovePoems #KadhalKavithai #RomanticKavithai #TamilKadhal #TamilQuotes #TamilKadhalKavithaigal #RomanticQuotes #TamilKavithaigal #TamilLoveQuotes #TamilSadQuotes #TamilThathuvangal #TamilKavidhai #TamilPoems #TamilKavithaikal #TamilLoveStory #PoetryInTamil #LoveInTamil #TamilRomanticQuotes #TamilInstaPoetry #TamilQuoteLovers #InstaKavithai #KadhalInstagram","Save this poem as your little love reminder to brighten your day. If it touched your heart, leave a ❤, and share it with someone who needs to hear this. Let's spread love... save it, share it!

இக்கவிதையை உங்கள் நாளை சிறப்பாக்கும் காதல் நினைவாக சேமியுங்கள். இதன் உணர்வுகள் உங்கள் இதயத்தை தழுவி இருந்தால், ❤ கொடுக்கவும், இதை உணர வேண்டியவருடன் பகிரவும். காதலை பரப்புவோம்... சேமியுங்கள், பகிருங்கள்!",,"Tamil, English",1755174600
2025-08-15 18:00:00,Black,KadhalThinamThinam275.png,f:\Quotes\InstaAutomation\KadhalThinamThinamInsta\Black\KadhalThinamThinam275.png,https://raw.githubusercontent.com/mr-php20/amiableWrites/refs/heads/main/Black/KadhalThinamThinam275.png,"#amiablewrites #kadhalthinamthinam #meendumorkadhalmazhai #karpanaiyokadhalvasam #peachhouseperson #Arivalan

#TamilKavithai #TamilPoetry #TamilLovePoems #KadhalKavithai #RomanticKavithai #TamilKadhal #TamilQuotes #TamilKadhalKavithaigal #RomanticQuotes #TamilKavithaigal #TamilLoveQuotes #TamilSadQuotes #TamilThathuvangal #TamilKavidhai #TamilPoems #TamilKavithaikal #TamilLoveStory #PoetryInTamil #LoveInTamil #TamilRomanticQuotes #TamilInstaPoetry #TamilQuoteLovers #InstaKavithai #KadhalInstagram","Save this poem as your little love reminder to brighten your day. If it touched your heart, leave a ❤, and share it with someone who needs to hear this. Let's spread love... save it, share it!

இக்கவிதையை உங்கள் நாளை சிறப்பாக்கும் காதல் நினைவாக சேமியுங்கள். இதன் உணர்வுகள் உங்கள் இதயத்தை தழுவி இருந்தால், ❤ கொடுக்கவும், இதை உணர வேண்டியவருடன் பகிரவும். காதலை பரப்புவோம்... சேமியுங்கள், பகிருங்கள்!",,"Tamil, English",1755261000
2025-08-16 18:00:00,Color,0050_Blue_KadhalThinamThinam336.png,f:\Quotes\InstaAutomation\KadhalThinamThinamInsta\Spectrum\0050_Blue_KadhalThinamThinam336.png,https://raw.githubusercontent.com/mr-php20/amiableWrites/refs/heads/main/Spectrum/0050_Blue_KadhalThinamThinam336.png,"#amiablewrites #kadhalthinamthinam #meendumorkadhalmazhai #karpanaiyokadhalvasam #peachhouseperson #Arivalan

#TamilKavithai #TamilPoetry #TamilLovePoems #KadhalKavithai #RomanticKavithai #TamilKadhal #TamilQuotes #TamilKadhalKavithaigal #RomanticQuotes #TamilKavithaigal #TamilLoveQuotes #TamilSadQuotes #TamilThathuvangal #TamilKavidhai #TamilPoems #TamilKavithaikal #TamilLoveStory #PoetryInTamil #LoveInTamil #TamilRomanticQuotes #TamilInstaPoetry #TamilQuoteLovers #InstaKavithai #KadhalInstagram","Save this poem as your little love reminder to brighten your day. If it touched your heart, leave a ❤, and share it with someone who needs to hear this. Let's spread love... save it, share it!

இக்கவிதையை உங்கள் நாளை சிறப்பாக்கும் காதல் நினைவாக சேமியுங்கள். இதன் உணர்வுகள் உங்கள் இதயத்தை தழுவி இருந்தால், ❤ கொடுக்கவும், இதை உணர வேண்டியவருடன் பகிரவும். காதலை பரப்புவோம்... சேமியுங்கள், பகிருங்கள்!",,"Tamil, English",1755347400
2025-08-17 18:00:00,White,KadhalThinamThinam250.png,f:\Quotes\InstaAutomation\KadhalThinamThinamInsta\White\KadhalThinamThinam250.png,https://raw.githubusercontent.com/mr-php20/amiableWrites/refs/heads/main/White/KadhalThinamThinam250.png,"#amiablewrites #kadhalthinamthinam #meendumorkadhalmazhai #karpanaiyokadhalvasam #peachhouseperson #Arivalan

#TamilKavithai #TamilPoetry #TamilLovePoems #KadhalKavithai #RomanticKavithai #TamilKadhal #TamilQuotes #TamilKadhalKavithaigal #RomanticQuotes #TamilKavithaigal #TamilLoveQuotes #TamilSadQuotes #TamilThathuvangal #TamilKavidhai #TamilPoems #TamilKavithaikal #TamilLoveStory #PoetryInTamil #LoveInTamil #TamilRomanticQuotes #TamilInstaPoetry #TamilQuoteLovers #InstaKavithai #KadhalInstagram","Save this poem as your little love reminder to brighten your day. If it touched your heart, leave a ❤, and share it with someone who needs to hear this. Let's spread love... save it, share it!

இக்கவிதையை உங்கள் நாளை சிறப்பாக்கும் காதல் நினைவாக சேமியுங்கள். இதன் உணர்வுகள் உங்கள் இதயத்தை தழுவி இருந்தால், ❤ கொடுக்கவும், இதை உணர வேண்டியவருடன் பகிரவும். காதலை பரப்புவோம்... சேமியுங்கள், பகிருங்கள்!",,"Tamil, English",1755433800
2025-08-18 18:00:00,Black,KadhalThinamThinam279.png,f:\Quotes\InstaAutomation\KadhalThinamThinamInsta\Black\KadhalThinamThinam279.png,https://raw.githubusercontent.com/mr-php20/amiableWrites/refs/heads/main/Black/KadhalThinamThinam279.png,"#amiablewrites #kadhalthinamthinam #meendumorkadhalmazhai #karpanaiyokadhalvasam #peachhouseperson #Arivalan

#TamilKavithai #TamilPoetry #TamilLovePoems #KadhalKavithai #RomanticKavithai #TamilKadhal #TamilQuotes #TamilKadhalKavithaigal #RomanticQuotes #TamilKavithaigal #TamilLoveQuotes #TamilSadQuotes #TamilThathuvangal #TamilKavidhai #TamilPoems #TamilKavithaikal #TamilLoveStory #PoetryInTamil #LoveInTamil #TamilRomanticQuotes #TamilInstaPoetry #TamilQuoteLovers #InstaKavithai #KadhalInstagram","Save this poem as your little love reminder to brighten your day. If it touched your heart, leave a ❤, and share it with someone who needs to hear this. Let's spread love... save it, share it!

இக்கவிதையை உங்கள் நாளை சிறப்பாக்கும் காதல் நினைவாக சேமியுங்கள். இதன் உணர்வுகள் உங்கள் இதயத்தை தழுவி இருந்தால், ❤ கொடுக்கவும், இதை உணர வேண்டியவருடன் பகிரவும். காதலை பரப்புவோம்... சேமியுங்கள், பகிருங்கள்!",,"Tamil, English",1755520200
2025-08-19 18:00:00,Color,0051_Blue_KadhalThinamThinam282.png,f:\Quotes\InstaAutomation\KadhalThinamThinamInsta\Spectrum\0051_Blue_KadhalThinamThinam282.png,https://raw.githubusercontent.com/mr-php20/amiableWrites/refs/heads/main/Spectrum/0051_Blue_KadhalThinamThinam282.png,"#amiablewrites #kadhalthinamthinam #meendumorkadhalmazhai #karpanaiyokadhalvasam #peachhouseperson #Arivalan

#TamilKavithai #TamilPoetry #TamilLovePoems #KadhalKavithai #RomanticKavithai #TamilKadhal #TamilQuotes #TamilKadhalKavithaigal #RomanticQuotes #TamilKavithaigal #TamilLoveQuotes #TamilSadQuotes #TamilThathuvangal #TamilKavidhai #TamilPoems #TamilKavithaikal #TamilLoveStory #PoetryInTamil #LoveInTamil #TamilRomanticQuotes #TamilInstaPoetry #TamilQuoteLovers #InstaKavithai #KadhalInstagram","Save this poem as your little love reminder to brighten your day. If it touched your heart, leave a ❤, and share it with someone who needs to hear this. Let's spread love... save it, share it!

இக்கவிதையை உங்கள் நாளை சிறப்பாக்கும் காதல் நினைவாக சேமியுங்கள். இதன் உணர்வுகள் உங்கள் இதயத்தை தழுவி இருந்தால், ❤ கொடுக்கவும், இதை உணர வேண்டியவருடன் பகிரவும். காதலை பரப்புவோம்... சேமியுங்கள், பகிருங்கள்!",,"Tamil, English",1755606600
2025-08-20 18:00:00,White,KadhalThinamThinam252.png,f:\Quotes\InstaAutomation\KadhalThinamThinamInsta\White\KadhalThinamThinam252.png,https://raw.githubusercontent.com/mr-php20/amiableWrites/refs/heads/main/White/KadhalThinamThinam252.png,"#amiablewrites #kadhalthinamthinam #meendumorkadhalmazhai #karpanaiyokadhalvasam #peachhouseperson #Arivalan

#TamilKavithai #TamilPoetry #TamilLovePoems #KadhalKavithai #RomanticKavithai #TamilKadhal #TamilQuotes #TamilKadhalKavithaigal #RomanticQuotes #TamilKavithaigal #TamilLoveQuotes #TamilSadQuotes #TamilThathuvangal #TamilKavidhai #TamilPoems #TamilKavithaikal #TamilLoveStory #PoetryInTamil #LoveInTamil #TamilRomanticQuotes #TamilInstaPoetry #TamilQuoteLovers #InstaKavithai #KadhalInstagram","Save this poem as your little love reminder to brighten your day. If it touched your heart, leave a ❤, and share it with someone who needs to hear this. Let's spread love... save it, share it!

இக்கவிதையை உங்கள் நாளை சிறப்பாக்கும் காதல் நினைவாக சேமியுங்கள். இதன் உணர்வுகள் உங்கள் இதயத்தை தழுவி இருந்தால், ❤ கொடுக்கவும், இதை உணர வேண்டியவருடன் பகிரவும். காதலை பரப்புவோம்... சேமியுங்கள், பகிருங்கள்!",,"Tamil, English",1755693000
2025-08-21 18:00:00,Black,KadhalThinamThinam293.png,f:\Quotes\InstaAutomation\KadhalThinamThinamInsta\Black\KadhalThinamThinam293.png,https://raw.githubusercontent.com/mr-php20/amiableWrites/refs/heads/main/Black/KadhalThinamThinam293.png,"#amiablewrites #kadhalthinamthinam #meendumorkadhalmazhai #karpanaiyokadhalvasam #peachhouseperson #Arivalan

#TamilKavithai #TamilPoetry #TamilLovePoems #KadhalKavithai #RomanticKavithai #TamilKadhal #TamilQuotes #TamilKadhalKavithaigal #RomanticQuotes #TamilKavithaigal #TamilLoveQuotes #TamilSadQuotes #TamilThathuvangal #TamilKavidhai #TamilPoems #TamilKavithaikal #TamilLoveStory #PoetryInTamil #LoveInTamil #TamilRomanticQuotes #TamilInstaPoetry #TamilQuoteLovers #InstaKavithai #KadhalInstagram","Save this poem as your little love reminder to brighten your day. If it touched your heart, leave a ❤, and share it with someone who needs to hear this. Let's spread love... save it, share it!

இக்கவிதையை உங்கள் நாளை சிறப்பாக்கும் காதல் நினைவாக சேமியுங்கள். இதன் உணர்வுகள் உங்கள் இதயத்தை தழுவி இருந்தால், ❤ கொடுக்கவும், இதை உணர வேண்டியவருடன் பகிரவும். காதலை பரப்புவோம்... சேமியுங்கள், பகிருங்கள்!",,"Tamil, English",1755779400
2025-08-22 18:00:00,Color,0052_Blue_KadhalThinamThinam116.png,f:\Quotes\InstaAutomation\KadhalThinamThinamInsta\Spectrum\0052_Blue_KadhalThinamThinam116.png,https://raw.githubusercontent.com/mr-php20/amiableWrites/refs/heads/main/Spectrum/0052_Blue_KadhalThinamThinam116.png,"#amiablewrites #kadhalthinamthinam #meendumorkadhalmazhai #karpanaiyokadhalvasam #peachhouseperson #Arivalan

#TamilKavithai #TamilPoetry #TamilLovePoems #KadhalKavithai #RomanticKavithai #TamilKadhal #TamilQuotes #TamilKadhalKavithaigal #RomanticQuotes #TamilKavithaigal #TamilLoveQuotes #TamilSadQuotes #TamilThathuvangal #TamilKavidhai #TamilPoems #TamilKavithaikal #TamilLoveStory #PoetryInTamil #LoveInTamil #TamilRomanticQuotes #TamilInstaPoetry #TamilQuoteLovers #InstaKavithai #KadhalInstagram","Save this poem as your little love reminder to brighten your day. If it touched your heart, leave a ❤, and share it with someone who needs to hear this. Let's spread love... save it, share it!

இக்கவிதையை உங்கள் நாளை சிறப்பாக்கும் காதல் நினைவாக சேமியுங்கள். இதன் உணர்வுகள் உங்கள் இதயத்தை தழுவி இருந்தால், ❤ கொடுக்கவும், இதை உணர வேண்டியவருடன் பகிரவும். காதலை பரப்புவோம்... சேமியுங்கள், பகிருங்கள்!",,"Tamil, English",1755865800
2025-08-23 18:00:00,White,KadhalThinamThinam260.png,f:\Quotes\InstaAutomation\KadhalThinamThinamInsta\White\KadhalThinamThinam260.png,https://raw.githubusercontent.com/mr-php20/amiableWrites/refs/heads/main/White/KadhalThinamThinam260.png,"#amiablewrites #kadhalthinamthinam #meendumorkadhalmazhai #karpanaiyokadhalvasam #peachhouseperson #Arivalan

#TamilKavithai #TamilPoetry #TamilLovePoems #KadhalKavithai #RomanticKavithai #TamilKadhal #TamilQuotes #TamilKadhalKavithaigal #RomanticQuotes #TamilKavithaigal #TamilLoveQuotes #TamilSadQuotes #TamilThathuvangal #TamilKavidhai #TamilPoems #TamilKavithaikal #TamilLoveStory #PoetryInTamil #LoveInTamil #TamilRomanticQuotes #TamilInstaPoetry #TamilQuoteLovers #InstaKavithai #KadhalInstagram","Save this poem as your little love reminder to brighten your day. If it touched your heart, leave a ❤, and share it with someone who needs to hear this. Let's spread love... save it, share it!

இக்கவிதையை உங்கள் நாளை சிறப்பாக்கும் காதல் நினைவாக சேமியுங்கள். இதன் உணர்வுகள் உங்கள் இதயத்தை தழுவி இருந்தால், ❤ கொடுக்கவும், இதை உணர வேண்டியவருடன் பகிரவும். காதலை பரப்புவோம்... சேமியுங்கள், பகிருங்கள்!",,"Tamil, English",1755952200
2025-08-24 18:00:00,Black,KadhalThinamThinam294.png,f:\Quotes\InstaAutomation\KadhalThinamThinamInsta\Black\KadhalThinamThinam294.png,https://raw.githubusercontent.com/mr-php20/amiableWrites/refs/heads/main/Black/KadhalThinamThinam294.png,"#amiablewrites #kadhalthinamthinam #meendumorkadhalmazhai #karpanaiyokadhalvasam #peachhouseperson #Arivalan

#TamilKavithai #TamilPoetry #TamilLovePoems #KadhalKavithai #RomanticKavithai #TamilKadhal #TamilQuotes #TamilKadhalKavithaigal #RomanticQuotes #TamilKavithaigal #TamilLoveQuotes #TamilSadQuotes #TamilThathuvangal #TamilKavidhai #TamilPoems #TamilKavithaikal #TamilLoveStory #PoetryInTamil #LoveInTamil #TamilRomanticQuotes #TamilInstaPoetry #TamilQuoteLovers #InstaKavithai #KadhalInstagram","Save this poem as your little love reminder to brighten your day. If it touched your heart, leave a ❤, and share it with someone who needs to hear this. Let's spread love... save it, share it!

இக்கவிதையை உங்கள் நாளை சிறப்பாக்கும் காதல் நினைவாக சேமியுங்கள். இதன் உணர்வுகள் உங்கள் இதயத்தை தழுவி இருந்தால், ❤ கொடுக்கவும், இதை உணர வேண்டியவருடன் பகிரவும். காதலை பரப்புவோம்... சேமியுங்கள், பகிருங்கள்!",,"Tamil, English",1756038600
2025-08-25 18:00:00,Color,0053_Blue_KadhalThinamThinam311.png,f:\Quotes\InstaAutomation\KadhalThinamThinamInsta\Spectrum\0053_Blue_KadhalThinamThinam311.png,https://raw.githubusercontent.com/mr-php20/amiableWrites/refs/heads/main/Spectrum/0053_Blue_KadhalThinamThinam311.png,"#amiablewrites #kadhalthinamthinam #meendumorkadhalmazhai #karpanaiyokadhalvasam #peachhouseperson #Arivalan

#TamilKavithai #TamilPoetry #TamilLovePoems #KadhalKavithai #RomanticKavithai #TamilKadhal #TamilQuotes #TamilKadhalKavithaigal #RomanticQuotes #TamilKavithaigal #TamilLoveQuotes #TamilSadQuotes #TamilThathuvangal #TamilKavidhai #TamilPoems #TamilKavithaikal #TamilLoveStory #PoetryInTamil #LoveInTamil #TamilRomanticQuotes #TamilInstaPoetry #TamilQuoteLovers #InstaKavithai #KadhalInstagram","Save this poem as your little love reminder to brighten your day. If it touched your heart, leave a ❤, and share it with someone who needs to hear this. Let's spread love... save it, share it!

இக்கவிதையை உங்கள் நாளை சிறப்பாக்கும் காதல் நினைவாக சேமியுங்கள். இதன் உணர்வுகள் உங்கள் இதயத்தை தழுவி இருந்தால், ❤ கொடுக்கவும், இதை உணர வேண்டியவருடன் பகிரவும். காதலை பரப்புவோம்... சேமியுங்கள், பகிருங்கள்!",,"Tamil, English",1756125000
2025-08-26 18:00:00,White,KadhalThinamThinam265.png,f:\Quotes\InstaAutomation\KadhalThinamThinamInsta\White\KadhalThinamThinam265.png,https://raw.githubusercontent.com/mr-php20/amiableWrites/refs/heads/main/White/KadhalThinamThinam265.png,"#amiablewrites #kadhalthinamthinam #meendumorkadhalmazhai #karpanaiyokadhalvasam #peachhouseperson #Arivalan

#TamilKavithai #TamilPoetry #TamilLovePoems #KadhalKavithai #RomanticKavithai #TamilKadhal #TamilQuotes #TamilKadhalKavithaigal #RomanticQuotes #TamilKavithaigal #TamilLoveQuotes #TamilSadQuotes #TamilThathuvangal #TamilKavidhai #TamilPoems #TamilKavithaikal #TamilLoveStory #PoetryInTamil #LoveInTamil #TamilRomanticQuotes #TamilInstaPoetry #TamilQuoteLovers #InstaKavithai #KadhalInstagram","Save this poem as your little love reminder to brighten your day. If it touched your heart, leave a ❤, and share it with someone who needs to hear this. Let's spread love... save it, share it!

இக்கவிதையை உங்கள் நாளை சிறப்பாக்கும் காதல் நினைவாக சேமியுங்கள். இதன் உணர்வுகள் உங்கள் இதயத்தை தழுவி இருந்தால், ❤ கொடுக்கவும், இதை உணர வேண்டியவருடன் பகிரவும். காதலை பரப்புவோம்... சேமியுங்கள், பகிருங்கள்!",,"Tamil, English",1756211400
2025-08-27 18:00:00,Black,KadhalThinamThinam296.png,f:\Quotes\InstaAutomation\KadhalThinamThinamInsta\Black\KadhalThinamThinam296.png,https://raw.githubusercontent.com/mr-php20/amiableWrites/refs/heads/main/Black/KadhalThinamThinam296.png,"#amiablewrites #kadhalthinamthinam #meendumorkadhalmazhai #karpanaiyokadhalvasam #peachhouseperson #Arivalan

#TamilKavithai #TamilPoetry #TamilLovePoems #KadhalKavithai #RomanticKavithai #TamilKadhal #TamilQuotes #TamilKadhalKavithaigal #RomanticQuotes #TamilKavithaigal #TamilLoveQuotes #TamilSadQuotes #TamilThathuvangal #TamilKavidhai #TamilPoems #TamilKavithaikal #TamilLoveStory #PoetryInTamil #LoveInTamil #TamilRomanticQuotes #TamilInstaPoetry #TamilQuoteLovers #InstaKavithai #KadhalInstagram","Save this poem as your little love reminder to brighten your day. If it touched your heart, leave a ❤, and share it with someone who needs to hear this. Let's spread love... save it, share it!

இக்கவிதையை உங்கள் நாளை சிறப்பாக்கும் காதல் நினைவாக சேமியுங்கள். இதன் உணர்வுகள் உங்கள் இதயத்தை தழுவி இருந்தால், ❤ கொடுக்கவும், இதை உணர வேண்டியவருடன் பகிரவும். காதலை பரப்புவோம்... சேமியுங்கள், பகிருங்கள்!",,"Tamil, English",1756297800
2025-08-28 18:00:00,Color,0054_Blue_KadhalThinamThinam134.png,f:\Quotes\InstaAutomation\KadhalThinamThinamInsta\Spectrum\0054_Blue_KadhalThinamThinam134.png,https://raw.githubusercontent.com/mr-php20/amiableWrites/refs/heads/main/Spectrum/0054_Blue_KadhalThinamThinam134.png,"#amiablewrites #kadhalthinamthinam #meendumorkadhalmazhai #karpanaiyokadhalvasam #peachhouseperson #Arivalan

#TamilKavithai #TamilPoetry #TamilLovePoems #KadhalKavithai #RomanticKavithai #TamilKadhal #TamilQuotes #TamilKadhalKavithaigal #RomanticQuotes #TamilKavithaigal #TamilLoveQuotes #TamilSadQuotes #TamilThathuvangal #TamilKavidhai #TamilPoems #TamilKavithaikal #TamilLoveStory #PoetryInTamil #LoveInTamil #TamilRomanticQuotes #TamilInstaPoetry #TamilQuoteLovers #InstaKavithai #KadhalInstagram","Save this poem as your little love reminder to brighten your day. If it touched your heart, leave a ❤, and share it with someone who needs to hear this. Let's spread love... save it, share it!

இக்கவிதையை உங்கள் நாளை சிறப்பாக்கும் காதல் நினைவாக சேமியுங்கள். இதன் உணர்வுகள் உங்கள் இதயத்தை தழுவி இருந்தால், ❤ கொடுக்கவும், இதை உணர வேண்டியவருடன் பகிரவும். காதலை பரப்புவோம்... சேமியுங்கள், பகிருங்கள்!",,"Tamil, English",1756384200
2025-08-29 18:00:00,White,KadhalThinamThinam268.png,f:\Quotes\InstaAutomation\KadhalThinamThinamInsta\White\KadhalThinamThinam268.png,https://raw.githubusercontent.com/mr-php20/amiableWrites/refs/heads/main/White/KadhalThinamThinam268.png,"#amiablewrites #kadhalthinamthinam #meendumorkadhalmazhai #karpanaiyokadhalvasam #peachhouseperson #Arivalan

#TamilKavithai #TamilPoetry #TamilLovePoems #KadhalKavithai #RomanticKavithai #TamilKadhal #TamilQuotes #TamilKadhalKavithaigal #RomanticQuotes #TamilKavithaigal #TamilLoveQuotes #TamilSadQuotes #TamilThathuvangal #TamilKavidhai #TamilPoems #TamilKavithaikal #TamilLoveStory #PoetryInTamil #LoveInTamil #TamilRomanticQuotes #TamilInstaPoetry #TamilQuoteLovers #InstaKavithai #KadhalInstagram","Save this poem as your little love reminder to brighten your day. If it touched your heart, leave a ❤, and share it with someone who needs to hear this. Let's spread love... save it, share it!

இக்கவிதையை உங்கள் நாளை சிறப்பாக்கும் காதல் நினைவாக சேமியுங்கள். இதன் உணர்வுகள் உங்கள் இதயத்தை தழுவி இருந்தால், ❤ கொடுக்கவும், இதை உணர வேண்டியவருடன் பகிரவும். காதலை பரப்புவோம்... சேமியுங்கள், பகிருங்கள்!",,"Tamil, English",1756470600
2025-08-30 18:00:00,Black,KadhalThinamThinam303.png,f:\Quotes\InstaAutomation\KadhalThinamThinamInsta\Black\KadhalThinamThinam303.png,https://raw.githubusercontent.com/mr-php20/amiableWrites/refs/heads/main/Black/KadhalThinamThinam303.png,"#amiablewrites #kadhalthinamthinam #meendumorkadhalmazhai #karpanaiyokadhalvasam #peachhouseperson #Arivalan

#TamilKavithai #TamilPoetry #TamilLovePoems #KadhalKavithai #RomanticKavithai #TamilKadhal #TamilQuotes #TamilKadhalKavithaigal #RomanticQuotes #TamilKavithaigal #TamilLoveQuotes #TamilSadQuotes #TamilThathuvangal #TamilKavidhai #TamilPoems #TamilKavithaikal #TamilLoveStory #PoetryInTamil #LoveInTamil #TamilRomanticQuotes #TamilInstaPoetry #TamilQuoteLovers #InstaKavithai #KadhalInstagram","Save this poem as your little love reminder to brighten your day. If it touched your heart, leave a ❤, and share it with someone who needs to hear this. Let's spread love... save it, share it!

இக்கவிதையை உங்கள் நாளை சிறப்பாக்கும் காதல் நினைவாக சேமியுங்கள். இதன் உணர்வுகள் உங்கள் இதயத்தை தழுவி இருந்தால், ❤ கொடுக்கவும், இதை உணர வேண்டியவருடன் பகிரவும். காதலை பரப்புவோம்... சேமியுங்கள், பகிருங்கள்!",,"Tamil, English",1756557000
2025-08-31 18:00:00,Color,0054a_Indigo_KadhalThinamThinam318.png,f:\Quotes\InstaAutomation\KadhalThinamThinamInsta\Spectrum\0054a_Indigo_KadhalThinamThinam318.png,https://raw.githubusercontent.com/mr-php20/amiableWrites/refs/heads/main/Spectrum/0054a_Indigo_KadhalThinamThinam318.png,"#amiablewrites #kadhalthinamthinam #meendumorkadhalmazhai #karpanaiyokadhalvasam #peachhouseperson #Arivalan

#TamilKavithai #TamilPoetry #TamilLovePoems #KadhalKavithai #RomanticKavithai #TamilKadhal #TamilQuotes #TamilKadhalKavithaigal #RomanticQuotes #TamilKavithaigal #TamilLoveQuotes #TamilSadQuotes #TamilThathuvangal #TamilKavidhai #TamilPoems #TamilKavithaikal #TamilLoveStory #PoetryInTamil #LoveInTamil #TamilRomanticQuotes #TamilInstaPoetry #TamilQuoteLovers #InstaKavithai #KadhalInstagram","Save this poem as your little love reminder to brighten your day. If it touched your heart, leave a ❤, and share it with someone who needs to hear this. Let's spread love... save it, share it!

இக்கவிதையை உங்கள் நாளை சிறப்பாக்கும் காதல் நினைவாக சேமியுங்கள். இதன் உணர்வுகள் உங்கள் இதயத்தை தழுவி இருந்தால், ❤ கொடுக்கவும், இதை உணர வேண்டியவருடன் பகிரவும். காதலை பரப்புவோம்... சேமியுங்கள், பகிருங்கள்!",,"Tamil, English",1756643400
2025-09-01 18:00:00,White,KadhalThinamThinam269.png,f:\Quotes\InstaAutomation\KadhalThinamThinamInsta\White\KadhalThinamThinam269.png,https://raw.githubusercontent.com/mr-php20/amiableWrites/refs/heads/main/White/KadhalThinamThinam269.png,"#amiablewrites #kadhalthinamthinam #meendumorkadhalmazhai #karpanaiyokadhalvasam #peachhouseperson #Arivalan

#TamilKavithai #TamilPoetry #TamilLovePoems #KadhalKavithai #RomanticKavithai #TamilKadhal #TamilQuotes #TamilKadhalKavithaigal #RomanticQuotes #TamilKavithaigal #TamilLoveQuotes #TamilSadQuotes #TamilThathuvangal #TamilKavidhai #TamilPoems #TamilKavithaikal #TamilLoveStory #PoetryInTamil #LoveInTamil #TamilRomanticQuotes #TamilInstaPoetry #TamilQuoteLovers #InstaKavithai #KadhalInstagram","Save this poem as your little love reminder to brighten your day. If it touched your heart, leave a ❤, and share it with someone who needs to hear this. Let's spread love... save it, share it!

இக்கவிதையை உங்கள் நாளை சிறப்பாக்கும் காதல் நினைவாக சேமியுங்கள். இதன் உணர்வுகள் உங்கள் இதயத்தை தழுவி இருந்தால், ❤ கொடுக்கவும், இதை உணர வேண்டியவருடன் பகிரவும். காதலை பரப்புவோம்... சேமியுங்கள், பகிருங்கள்!",,"Tamil, English",1756729800
2025-09-02 18:00:00,Black,KadhalThinamThinam310.png,f:\Quotes\InstaAutomation\KadhalThinamThinamInsta\Black\KadhalThinamThinam310.png,https://raw.githubusercontent.com/mr-php20/amiableWrites/refs/heads/main/Black/KadhalThinamThinam310.png,"#amiablewrites #kadhalthinamthinam #meendumorkadhalmazhai #karpanaiyokadhalvasam #peachhouseperson #Arivalan

#TamilKavithai #TamilPoetry #TamilLovePoems #KadhalKavithai #RomanticKavithai #TamilKadhal #TamilQuotes #TamilKadhalKavithaigal #RomanticQuotes #TamilKavithaigal #TamilLoveQuotes #TamilSadQuotes #TamilThathuvangal #TamilKavidhai #TamilPoems #TamilKavithaikal #TamilLoveStory #PoetryInTamil #LoveInTamil #TamilRomanticQuotes #TamilInstaPoetry #TamilQuoteLovers #InstaKavithai #KadhalInstagram","Save this poem as your little love reminder to brighten your day. If it touched your heart, leave a ❤, and share it with someone who needs to hear this. Let's spread love... save it, share it!

இக்கவிதையை உங்கள் நாளை சிறப்பாக்கும் காதல் நினைவாக சேமியுங்கள். இதன் உணர்வுகள் உங்கள் இதயத்தை தழுவி இருந்தால், ❤ கொடுக்கவும், இதை உணர வேண்டியவருடன் பகிரவும். காதலை பரப்புவோம்... சேமியுங்கள், பகிருங்கள்!",,"Tamil, English",1756816200
2025-09-03 18:00:00,Color,0055_Blue_KadhalThinamThinam103.png,f:\Quotes\InstaAutomation\KadhalThinamThinamInsta\Spectrum\0055_Blue_KadhalThinamThinam103.png,https://raw.githubusercontent.com/mr-php20/amiableWrites/refs/heads/main/Spectrum/0055_Blue_KadhalThinamThinam103.png,"#amiablewrites #kadhalthinamthinam #meendumorkadhalmazhai #karpanaiyokadhalvasam #peachhouseperson #Arivalan

#TamilKavithai #TamilPoetry #TamilLovePoems #KadhalKavithai #RomanticKavithai #TamilKadhal #TamilQuotes #TamilKadhalKavithaigal #RomanticQuotes #TamilKavithaigal #TamilLoveQuotes #TamilSadQuotes #TamilThathuvangal #TamilKavidhai #TamilPoems #TamilKavithaikal #TamilLoveStory #PoetryInTamil #LoveInTamil #TamilRomanticQuotes #TamilInstaPoetry #TamilQuoteLovers #InstaKavithai #KadhalInstagram","Save this poem as your little love reminder to brighten your day. If it touched your heart, leave a ❤, and share it with someone who needs to hear this. Let's spread love... save it, share it!

இக்கவிதையை உங்கள் நாளை சிறப்பாக்கும் காதல் நினைவாக சேமியுங்கள். இதன் உணர்வுகள் உங்கள் இதயத்தை தழுவி இருந்தால், ❤ கொடுக்கவும், இதை உணர வேண்டியவருடன் பகிரவும். காதலை பரப்புவோம்... சேமியுங்கள், பகிருங்கள்!",,"Tamil, English",1756902600
2025-09-04 18:00:00,White,KadhalThinamThinam271.png,f:\Quotes\InstaAutomation\KadhalThinamThinamInsta\White\KadhalThinamThinam271.png,https://raw.githubusercontent.com/mr-php20/amiableWrites/refs/heads/main/White/KadhalThinamThinam271.png,"#amiablewrites #kadhalthinamthinam #meendumorkadhalmazhai #karpanaiyokadhalvasam #peachhouseperson #Arivalan

#TamilKavithai #TamilPoetry #TamilLovePoems #KadhalKavithai #RomanticKavithai #TamilKadhal #TamilQuotes #TamilKadhalKavithaigal #RomanticQuotes #TamilKavithaigal #TamilLoveQuotes #TamilSadQuotes #TamilThathuvangal #TamilKavidhai #TamilPoems #TamilKavithaikal #TamilLoveStory #PoetryInTamil #LoveInTamil #TamilRomanticQuotes #TamilInstaPoetry #TamilQuoteLovers #InstaKavithai #KadhalInstagram","Save this poem as your little love reminder to brighten your day. If it touched your heart, leave a ❤, and share it with someone who needs to hear this. Let's spread love... save it, share it!

இக்கவிதையை உங்கள் நாளை சிறப்பாக்கும் காதல் நினைவாக சேமியுங்கள். இதன் உணர்வுகள் உங்கள் இதயத்தை தழுவி இருந்தால், ❤ கொடுக்கவும், இதை உணர வேண்டியவருடன் பகிரவும். காதலை பரப்புவோம்... சேமியுங்கள், பகிருங்கள்!",,"Tamil, English",1756989000
2025-09-05 18:00:00,Black,KadhalThinamThinam314.png,f:\Quotes\InstaAutomation\KadhalThinamThinamInsta\Black\KadhalThinamThinam314.png,https://raw.githubusercontent.com/mr-php20/amiableWrites/refs/heads/main/Black/KadhalThinamThinam314.png,"#amiablewrites #kadhalthinamthinam #meendumorkadhalmazhai #karpanaiyokadhalvasam #peachhouseperson #Arivalan

#TamilKavithai #TamilPoetry #TamilLovePoems #KadhalKavithai #RomanticKavithai #TamilKadhal #TamilQuotes #TamilKadhalKavithaigal #RomanticQuotes #TamilKavithaigal #TamilLoveQuotes #TamilSadQuotes #TamilThathuvangal #TamilKavidhai #TamilPoems #TamilKavithaikal #TamilLoveStory #PoetryInTamil #LoveInTamil #TamilRomanticQuotes #TamilInstaPoetry #TamilQuoteLovers #InstaKavithai #KadhalInstagram","Save this poem as your little love reminder to brighten your day. If it touched your heart, leave a ❤, and share it with someone who needs to hear this. Let's spread love... save it, share it!

இக்கவிதையை உங்கள் நாளை சிறப்பாக்கும் காதல் நினைவாக சேமியுங்கள். இதன் உணர்வுகள் உங்கள் இதயத்தை தழுவி இருந்தால், ❤ கொடுக்கவும், இதை உணர வேண்டியவருடன் பகிரவும். காதலை பரப்புவோம்... சேமியுங்கள், பகிருங்கள்!",,"Tamil, English",1757075400
2025-09-06 18:00:00,Color,0056_Green_KadhalThinamThinam313.png,f:\Quotes\InstaAutomation\KadhalThinamThinamInsta\Spectrum\0056_Green_KadhalThinamThinam313.png,https://raw.githubusercontent.com/mr-php20/amiableWrites/refs/heads/main/Spectrum/0056_Green_KadhalThinamThinam313.png,"#amiablewrites #kadhalthinamthinam #meendumorkadhalmazhai #karpanaiyokadhalvasam #peachhouseperson #Arivalan

#TamilKavithai #TamilPoetry #TamilLovePoems #KadhalKavithai #RomanticKavithai #TamilKadhal #TamilQuotes #TamilKadhalKavithaigal #RomanticQuotes #TamilKavithaigal #TamilLoveQuotes #TamilSadQuotes #TamilThathuvangal #TamilKavidhai #TamilPoems #TamilKavithaikal #TamilLoveStory #PoetryInTamil #LoveInTamil #TamilRomanticQuotes #TamilInstaPoetry #TamilQuoteLovers #InstaKavithai #KadhalInstagram","Save this poem as your little love reminder to brighten your day. If it touched your heart, leave a ❤, and share it with someone who needs to hear this. Let's spread love... save it, share it!

இக்கவிதையை உங்கள் நாளை சிறப்பாக்கும் காதல் நினைவாக சேமியுங்கள். இதன் உணர்வுகள் உங்கள் இதயத்தை தழுவி இருந்தால், ❤ கொடுக்கவும், இதை உணர வேண்டியவருடன் பகிரவும். காதலை பரப்புவோம்... சேமியுங்கள், பகிருங்கள்!",,"Tamil, English",1757161800
2025-09-07 18:00:00,White,KadhalThinamThinam274.png,f:\Quotes\InstaAutomation\KadhalThinamThinamInsta\White\KadhalThinamThinam274.png,https://raw.githubusercontent.com/mr-php20/amiableWrites/refs/heads/main/White/KadhalThinamThinam274.png,"#amiablewrites #kadhalthinamthinam #meendumorkadhalmazhai #karpanaiyokadhalvasam #peachhouseperson #Arivalan

#TamilKavithai #TamilPoetry #TamilLovePoems #KadhalKavithai #RomanticKavithai #TamilKadhal #TamilQuotes #TamilKadhalKavithaigal #RomanticQuotes #TamilKavithaigal #TamilLoveQuotes #TamilSadQuotes #TamilThathuvangal #TamilKavidhai #TamilPoems #TamilKavithaikal #TamilLoveStory #PoetryInTamil #LoveInTamil #TamilRomanticQuotes #TamilInstaPoetry #TamilQuoteLovers #InstaKavithai #KadhalInstagram","Save this poem as your little love reminder to brighten your day. If it touched your heart, leave a ❤, and share it with someone who needs to hear this. Let's spread love... save it, share it!

இக்கவிதையை உங்கள் நாளை சிறப்பாக்கும் காதல் நினைவாக சேமியுங்கள். இதன் உணர்வுகள் உங்கள் இதயத்தை தழுவி இருந்தால், ❤ கொடுக்கவும், இதை உணர வேண்டியவருடன் பகிரவும். காதலை பரப்புவோம்... சேமியுங்கள், பகிருங்கள்!",,"Tamil, English",1757248200
2025-09-08 18:00:00,Black,KadhalThinamThinam316.png,f:\Quotes\InstaAutomation\KadhalThinamThinamInsta\Black\KadhalThinamThinam316.png,https://raw.githubusercontent.com/mr-php20/amiableWrites/refs/heads/main/Black/KadhalThinamThinam316.png,"#amiablewrites #kadhalthinamthinam #meendumorkadhalmazhai #karpanaiyokadhalvasam #peachhouseperson #Arivalan

#TamilKavithai #TamilPoetry #TamilLovePoems #KadhalKavithai #RomanticKavithai #TamilKadhal #TamilQuotes #TamilKadhalKavithaigal #RomanticQuotes #TamilKavithaigal #TamilLoveQuotes #TamilSadQuotes #TamilThathuvangal #TamilKavidhai #TamilPoems #TamilKavithaikal #TamilLoveStory #PoetryInTamil #LoveInTamil #TamilRomanticQuotes #TamilInstaPoetry #TamilQuoteLovers #InstaKavithai #KadhalInstagram","Save this poem as your little love reminder to brighten your day. If it touched your heart, leave a ❤, and share it with someone who needs to hear this. Let's spread love... save it, share it!

இக்கவிதையை உங்கள் நாளை சிறப்பாக்கும் காதல் நினைவாக சேமியுங்கள். இதன் உணர்வுகள் உங்கள் இதயத்தை தழுவி இருந்தால், ❤ கொடுக்கவும், இதை உணர வேண்டியவருடன் பகிரவும். காதலை பரப்புவோம்... சேமியுங்கள், பகிருங்கள்!",,"Tamil, English",1757334600
2025-09-09 18:00:00,Color,0057_Green_KadhalThinamThinam227.png,f:\Quotes\InstaAutomation\KadhalThinamThinamInsta\Spectrum\0057_Green_KadhalThinamThinam227.png,https://raw.githubusercontent.com/mr-php20/amiableWrites/refs/heads/main/Spectrum/0057_Green_KadhalThinamThinam227.png,"#amiablewrites #kadhalthinamthinam #meendumorkadhalmazhai #karpanaiyokadhalvasam #peachhouseperson #Arivalan

#TamilKavithai #TamilPoetry #TamilLovePoems #KadhalKavithai #RomanticKavithai #TamilKadhal #TamilQuotes #TamilKadhalKavithaigal #RomanticQuotes #TamilKavithaigal #TamilLoveQuotes #TamilSadQuotes #TamilThathuvangal #TamilKavidhai #TamilPoems #TamilKavithaikal #TamilLoveStory #PoetryInTamil #LoveInTamil #TamilRomanticQuotes #TamilInstaPoetry #TamilQuoteLovers #InstaKavithai #KadhalInstagram","Save this poem as your little love reminder to brighten your day. If it touched your heart, leave a ❤, and share it with someone who needs to hear this. Let's spread love... save it, share it!

இக்கவிதையை உங்கள் நாளை சிறப்பாக்கும் காதல் நினைவாக சேமியுங்கள். இதன் உணர்வுகள் உங்கள் இதயத்தை தழுவி இருந்தால், ❤ கொடுக்கவும், இதை உணர வேண்டியவருடன் பகிரவும். காதலை பரப்புவோம்... சேமியுங்கள், பகிருங்கள்!",,"Tamil, English",1757421000
2025-09-10 18:00:00,White,KadhalThinamThinam277.png,f:\Quotes\InstaAutomation\KadhalThinamThinamInsta\White\KadhalThinamThinam277.png,https://raw.githubusercontent.com/mr-php20/amiableWrites/refs/heads/main/White/KadhalThinamThinam277.png,"#amiablewrites #kadhalthinamthinam #meendumorkadhalmazhai #karpanaiyokadhalvasam #peachhouseperson #Arivalan

#TamilKavithai #TamilPoetry #TamilLovePoems #KadhalKavithai #RomanticKavithai #TamilKadhal #TamilQuotes #TamilKadhalKavithaigal #RomanticQuotes #TamilKavithaigal #TamilLoveQuotes #TamilSadQuotes #TamilThathuvangal #TamilKavidhai #TamilPoems #TamilKavithaikal #TamilLoveStory #PoetryInTamil #LoveInTamil #TamilRomanticQuotes #TamilInstaPoetry #TamilQuoteLovers #InstaKavithai #KadhalInstagram","Save this poem as your little love reminder to brighten your day. If it touched your heart, leave a ❤, and share it with someone who needs to hear this. Let's spread love... save it, share it!

இக்கவிதையை உங்கள் நாளை சிறப்பாக்கும் காதல் நினைவாக சேமியுங்கள். இதன் உணர்வுகள் உங்கள் இதயத்தை தழுவி இருந்தால், ❤ கொடுக்கவும், இதை உணர வேண்டியவருடன் பகிரவும். காதலை பரப்புவோம்... சேமியுங்கள், பகிருங்கள்!",,"Tamil, English",1757507400
2025-09-11 18:00:00,Black,KadhalThinamThinam331.png,f:\Quotes\InstaAutomation\KadhalThinamThinamInsta\Black\KadhalThinamThinam331.png,https://raw.githubusercontent.com/mr-php20/amiableWrites/refs/heads/main/Black/KadhalThinamThinam331.png,"#amiablewrites #kadhalthinamthinam #meendumorkadhalmazhai #karpanaiyokadhalvasam #peachhouseperson #Arivalan

#TamilKavithai #TamilPoetry #TamilLovePoems #KadhalKavithai #RomanticKavithai #TamilKadhal #TamilQuotes #TamilKadhalKavithaigal #RomanticQuotes #TamilKavithaigal #TamilLoveQuotes #TamilSadQuotes #TamilThathuvangal #TamilKavidhai #TamilPoems #TamilKavithaikal #TamilLoveStory #PoetryInTamil #LoveInTamil #TamilRomanticQuotes #TamilInstaPoetry #TamilQuoteLovers #InstaKavithai #KadhalInstagram","Save this poem as your little love reminder to brighten your day. If it touched your heart, leave a ❤, and share it with someone who needs to hear this. Let's spread love... save it, share it!

இக்கவிதையை உங்கள் நாளை சிறப்பாக்கும் காதல் நினைவாக சேமியுங்கள். இதன் உணர்வுகள் உங்கள் இதயத்தை தழுவி இருந்தால், ❤ கொடுக்கவும், இதை உணர வேண்டியவருடன் பகிரவும். காதலை பரப்புவோம்... சேமியுங்கள், பகிருங்கள்!",,"Tamil, English",1757593800
2025-09-12 18:00:00,Color,0058_Green_KadhalThinamThinam342.png,f:\Quotes\InstaAutomation\KadhalThinamThinamInsta\Spectrum\0058_Green_KadhalThinamThinam342.png,https://raw.githubusercontent.com/mr-php20/amiableWrites/refs/heads/main/Spectrum/0058_Green_KadhalThinamThinam342.png,"#amiablewrites #kadhalthinamthinam #meendumorkadhalmazhai #karpanaiyokadhalvasam #peachhouseperson #Arivalan

#TamilKavithai #TamilPoetry #TamilLovePoems #KadhalKavithai #RomanticKavithai #TamilKadhal #TamilQuotes #TamilKadhalKavithaigal #RomanticQuotes #TamilKavithaigal #TamilLoveQuotes #TamilSadQuotes #TamilThathuvangal #TamilKavidhai #TamilPoems #TamilKavithaikal #TamilLoveStory #PoetryInTamil #LoveInTamil #TamilRomanticQuotes #TamilInstaPoetry #TamilQuoteLovers #InstaKavithai #KadhalInstagram","Save this poem as your little love reminder to brighten your day. If it touched your heart, leave a ❤, and share it with someone who needs to hear this. Let's spread love... save it, share it!

இக்கவிதையை உங்கள் நாளை சிறப்பாக்கும் காதல் நினைவாக சேமியுங்கள். இதன் உணர்வுகள் உங்கள் இதயத்தை தழுவி இருந்தால், ❤ கொடுக்கவும், இதை உணர வேண்டியவருடன் பகிரவும். காதலை பரப்புவோம்... சேமியுங்கள், பகிருங்கள்!",,"Tamil, English",1757680200
2025-09-13 18:00:00,White,KadhalThinamThinam280.png,f:\Quotes\InstaAutomation\KadhalThinamThinamInsta\White\KadhalThinamThinam280.png,https://raw.githubusercontent.com/mr-php20/amiableWrites/refs/heads/main/White/KadhalThinamThinam280.png,"#amiablewrites #kadhalthinamthinam #meendumorkadhalmazhai #karpanaiyokadhalvasam #peachhouseperson #Arivalan

#TamilKavithai #TamilPoetry #TamilLovePoems #KadhalKavithai #RomanticKavithai #TamilKadhal #TamilQuotes #TamilKadhalKavithaigal #RomanticQuotes #TamilKavithaigal #TamilLoveQuotes #TamilSadQuotes #TamilThathuvangal #TamilKavidhai #TamilPoems #TamilKavithaikal #TamilLoveStory #PoetryInTamil #LoveInTamil #TamilRomanticQuotes #TamilInstaPoetry #TamilQuoteLovers #InstaKavithai #KadhalInstagram","Save this poem as your little love reminder to brighten your day. If it touched your heart, leave a ❤, and share it with someone who needs to hear this. Let's spread love... save it, share it!

இக்கவிதையை உங்கள் நாளை சிறப்பாக்கும் காதல் நினைவாக சேமியுங்கள். இதன் உணர்வுகள் உங்கள் இதயத்தை தழுவி இருந்தால், ❤ கொடுக்கவும், இதை உணர வேண்டியவருடன் பகிரவும். காதலை பரப்புவோம்... சேமியுங்கள், பகிருங்கள்!",,"Tamil, English",1757766600
2025-09-14 18:00:00,Black,KadhalThinamThinam333.png,f:\Quotes\InstaAutomation\KadhalThinamThinamInsta\Black\KadhalThinamThinam333.png,https://raw.githubusercontent.com/mr-php20/amiableWrites/refs/heads/main/Black/KadhalThinamThinam333.png,"#amiablewrites #kadhalthinamthinam #meendumorkadhalmazhai #karpanaiyokadhalvasam #peachhouseperson #Arivalan

#TamilKavithai #TamilPoetry #TamilLovePoems #KadhalKavithai #RomanticKavithai #TamilKadhal #TamilQuotes #TamilKadhalKavithaigal #RomanticQuotes #TamilKavithaigal #TamilLoveQuotes #TamilSadQuotes #TamilThathuvangal #TamilKavidhai #TamilPoems #TamilKavithaikal #TamilLoveStory #PoetryInTamil #LoveInTamil #TamilRomanticQuotes #TamilInstaPoetry #TamilQuoteLovers #InstaKavithai #KadhalInstagram","Save this poem as your little love reminder to brighten your day. If it touched your heart, leave a ❤, and share it with someone who needs to hear this. Let's spread love... save it, share it!

இக்கவிதையை உங்கள் நாளை சிறப்பாக்கும் காதல் நினைவாக சேமியுங்கள். இதன் உணர்வுகள் உங்கள் இதயத்தை தழுவி இருந்தால், ❤ கொடுக்கவும், இதை உணர வேண்டியவருடன் பகிரவும். காதலை பரப்புவோம்... சேமியுங்கள், பகிருங்கள்!",,"Tamil, English",1757853000
2025-09-15 18:00:00,Color,0059_Green_KadhalThinamThinam319.png,f:\Quotes\InstaAutomation\KadhalThinamThinamInsta\Spectrum\0059_Green_KadhalThinamThinam319.png,https://raw.githubusercontent.com/mr-php20/amiableWrites/refs/heads/main/Spectrum/0059_Green_KadhalThinamThinam319.png,"#amiablewrites #kadhalthinamthinam #meendumorkadhalmazhai #karpanaiyokadhalvasam #peachhouseperson #Arivalan

#TamilKavithai #TamilPoetry #TamilLovePoems #KadhalKavithai #RomanticKavithai #TamilKadhal #TamilQuotes #TamilKadhalKavithaigal #RomanticQuotes #TamilKavithaigal #TamilLoveQuotes #TamilSadQuotes #TamilThathuvangal #TamilKavidhai #TamilPoems #TamilKavithaikal #TamilLoveStory #PoetryInTamil #LoveInTamil #TamilRomanticQuotes #TamilInstaPoetry #TamilQuoteLovers #InstaKavithai #KadhalInstagram","Save this poem as your little love reminder to brighten your day. If it touched your heart, leave a ❤, and share it with someone who needs to hear this. Let's spread love... save it, share it!

இக்கவிதையை உங்கள் நாளை சிறப்பாக்கும் காதல் நினைவாக சேமியுங்கள். இதன் உணர்வுகள் உங்கள் இதயத்தை தழுவி இருந்தால், ❤ கொடுக்கவும், இதை உணர வேண்டியவருடன் பகிரவும். காதலை பரப்புவோம்... சேமியுங்கள், பகிருங்கள்!",,"Tamil, English",1757939400
2025-09-16 18:00:00,White,KadhalThinamThinam285.png,f:\Quotes\InstaAutomation\KadhalThinamThinamInsta\White\KadhalThinamThinam285.png,https://raw.githubusercontent.com/mr-php20/amiableWrites/refs/heads/main/White/KadhalThinamThinam285.png,"#amiablewrites #kadhalthinamthinam #meendumorkadhalmazhai #karpanaiyokadhalvasam #peachhouseperson #Arivalan

#TamilKavithai #TamilPoetry #TamilLovePoems #KadhalKavithai #RomanticKavithai #TamilKadhal #TamilQuotes #TamilKadhalKavithaigal #RomanticQuotes #TamilKavithaigal #TamilLoveQuotes #TamilSadQuotes #TamilThathuvangal #TamilKavidhai #TamilPoems #TamilKavithaikal #TamilLoveStory #PoetryInTamil #LoveInTamil #TamilRomanticQuotes #TamilInstaPoetry #TamilQuoteLovers #InstaKavithai #KadhalInstagram","Save this poem as your little love reminder to brighten your day. If it touched your heart, leave a ❤, and share it with someone who needs to hear this. Let's spread love... save it, share it!

இக்கவிதையை உங்கள் நாளை சிறப்பாக்கும் காதல் நினைவாக சேமியுங்கள். இதன் உணர்வுகள் உங்கள் இதயத்தை தழுவி இருந்தால், ❤ கொடுக்கவும், இதை உணர வேண்டியவருடன் பகிரவும். காதலை பரப்புவோம்... சேமியுங்கள், பகிருங்கள்!",,"Tamil, English",1758025800
2025-09-17 18:00:00,Black,KadhalThinamThinam340.png,f:\Quotes\InstaAutomation\KadhalThinamThinamInsta\Black\KadhalThinamThinam340.png,https://raw.githubusercontent.com/mr-php20/amiableWrites/refs/heads/main/Black/KadhalThinamThinam340.png,"#amiablewrites #kadhalthinamthinam #meendumorkadhalmazhai #karpanaiyokadhalvasam #peachhouseperson #Arivalan

#TamilKavithai #TamilPoetry #TamilLovePoems #KadhalKavithai #RomanticKavithai #TamilKadhal #TamilQuotes #TamilKadhalKavithaigal #RomanticQuotes #TamilKavithaigal #TamilLoveQuotes #TamilSadQuotes #TamilThathuvangal #TamilKavidhai #TamilPoems #TamilKavithaikal #TamilLoveStory #PoetryInTamil #LoveInTamil #TamilRomanticQuotes #TamilInstaPoetry #TamilQuoteLovers #InstaKavithai #KadhalInstagram","Save this poem as your little love reminder to brighten your day. If it touched your heart, leave a ❤, and share it with someone who needs to hear this. Let's spread love... save it, share it!

இக்கவிதையை உங்கள் நாளை சிறப்பாக்கும் காதல் நினைவாக சேமியுங்கள். இதன் உணர்வுகள் உங்கள் இதயத்தை தழுவி இருந்தால், ❤ கொடுக்கவும், இதை உணர வேண்டியவருடன் பகிரவும். காதலை பரப்புவோம்... சேமியுங்கள், பகிருங்கள்!",,"Tamil, English",1758112200
2025-09-18 18:00:00,Color,0060_Green_KadhalThinamThinam286.png,f:\Quotes\InstaAutomation\KadhalThinamThinamInsta\Spectrum\0060_Green_KadhalThinamThinam286.png,https://raw.githubusercontent.com/mr-php20/amiableWrites/refs/heads/main/Spectrum/0060_Green_KadhalThinamThinam286.png,"#amiablewrites #kadhalthinamthinam #meendumorkadhalmazhai #karpanaiyokadhalvasam #peachhouseperson #Arivalan

#TamilKavithai #TamilPoetry #TamilLovePoems #KadhalKavithai #RomanticKavithai #TamilKadhal #TamilQuotes #TamilKadhalKavithaigal #RomanticQuotes #TamilKavithaigal #TamilLoveQuotes #TamilSadQuotes #TamilThathuvangal #TamilKavidhai #TamilPoems #TamilKavithaikal #TamilLoveStory #PoetryInTamil #LoveInTamil #TamilRomanticQuotes #TamilInstaPoetry #TamilQuoteLovers #InstaKavithai #KadhalInstagram","Save this poem as your little love reminder to brighten your day. If it touched your heart, leave a ❤, and share it with someone who needs to hear this. Let's spread love... save it, share it!

இக்கவிதையை உங்கள் நாளை சிறப்பாக்கும் காதல் நினைவாக சேமியுங்கள். இதன் உணர்வுகள் உங்கள் இதயத்தை தழுவி இருந்தால், ❤ கொடுக்கவும், இதை உணர வேண்டியவருடன் பகிரவும். காதலை பரப்புவோம்... சேமியுங்கள், பகிருங்கள்!",,"Tamil, English",1758198600
2025-09-19 18:00:00,White,KadhalThinamThinam287.png,f:\Quotes\InstaAutomation\KadhalThinamThinamInsta\White\KadhalThinamThinam287.png,https://raw.githubusercontent.com/mr-php20/amiableWrites/refs/heads/main/White/KadhalThinamThinam287.png,"#amiablewrites #kadhalthinamthinam #meendumorkadhalmazhai #karpanaiyokadhalvasam #peachhouseperson #Arivalan

#TamilKavithai #TamilPoetry #TamilLovePoems #KadhalKavithai #RomanticKavithai #TamilKadhal #TamilQuotes #TamilKadhalKavithaigal #RomanticQuotes #TamilKavithaigal #TamilLoveQuotes #TamilSadQuotes #TamilThathuvangal #TamilKavidhai #TamilPoems #TamilKavithaikal #TamilLoveStory #PoetryInTamil #LoveInTamil #TamilRomanticQuotes #TamilInstaPoetry #TamilQuoteLovers #InstaKavithai #KadhalInstagram","Save this poem as your little love reminder to brighten your day. If it touched your heart, leave a ❤, and share it with someone who needs to hear this. Let's spread love... save it, share it!

இக்கவிதையை உங்கள் நாளை சிறப்பாக்கும் காதல் நினைவாக சேமியுங்கள். இதன் உணர்வுகள் உங்கள் இதயத்தை தழுவி இருந்தால், ❤ கொடுக்கவும், இதை உணர வேண்டியவருடன் பகிரவும். காதலை பரப்புவோம்... சேமியுங்கள், பகிருங்கள்!",,"Tamil, English",1758285000
2025-09-20 18:00:00,Black,KadhalThinamThinam341.png,f:\Quotes\InstaAutomation\KadhalThinamThinamInsta\Black\KadhalThinamThinam341.png,https://raw.githubusercontent.com/mr-php20/amiableWrites/refs/heads/main/Black/KadhalThinamThinam341.png,"#amiablewrites #kadhalthinamthinam #meendumorkadhalmazhai #karpanaiyokadhalvasam #peachhouseperson #Arivalan

#TamilKavithai #TamilPoetry #TamilLovePoems #KadhalKavithai #RomanticKavithai #TamilKadhal #TamilQuotes #TamilKadhalKavithaigal #RomanticQuotes #TamilKavithaigal #TamilLoveQuotes #TamilSadQuotes #TamilThathuvangal #TamilKavidhai #TamilPoems #TamilKavithaikal #TamilLoveStory #PoetryInTamil #LoveInTamil #TamilRomanticQuotes #TamilInstaPoetry #TamilQuoteLovers #InstaKavithai #KadhalInstagram","Save this poem as your little love reminder to brighten your day. If it touched your heart, leave a ❤, and share it with someone who needs to hear this. Let's spread love... save it, share it!

இக்கவிதையை உங்கள் நாளை சிறப்பாக்கும் காதல் நினைவாக சேமியுங்கள். இதன் உணர்வுகள் உங்கள் இதயத்தை தழுவி இருந்தால், ❤ கொடுக்கவும், இதை உணர வேண்டியவருடன் பகிரவும். காதலை பரப்புவோம்... சேமியுங்கள், பகிருங்கள்!",,"Tamil, English",1758371400
2025-09-21 18:00:00,Color,0061_Green_KadhalThinamThinam363.png,f:\Quotes\InstaAutomation\KadhalThinamThinamInsta\Spectrum\0061_Green_KadhalThinamThinam363.png,https://raw.githubusercontent.com/mr-php20/amiableWrites/refs/heads/main/Spectrum/0061_Green_KadhalThinamThinam363.png,"#amiablewrites #kadhalthinamthinam #meendumorkadhalmazhai #karpanaiyokadhalvasam #peachhouseperson #Arivalan

#TamilKavithai #TamilPoetry #TamilLovePoems #KadhalKavithai #RomanticKavithai #TamilKadhal #TamilQuotes #TamilKadhalKavithaigal #RomanticQuotes #TamilKavithaigal #TamilLoveQuotes #TamilSadQuotes #TamilThathuvangal #TamilKavidhai #TamilPoems #TamilKavithaikal #TamilLoveStory #PoetryInTamil #LoveInTamil #TamilRomanticQuotes #TamilInstaPoetry #TamilQuoteLovers #InstaKavithai #KadhalInstagram","Save this poem as your little love reminder to brighten your day. If it touched your heart, leave a ❤, and share it with someone who needs to hear this. Let's spread love... save it, share it!

இக்கவிதையை உங்கள் நாளை சிறப்பாக்கும் காதல் நினைவாக சேமியுங்கள். இதன் உணர்வுகள் உங்கள் இதயத்தை தழுவி இருந்தால், ❤ கொடுக்கவும், இதை உணர வேண்டியவருடன் பகிரவும். காதலை பரப்புவோம்... சேமியுங்கள், பகிருங்கள்!",,"Tamil, English",1758457800
2025-09-22 18:00:00,White,KadhalThinamThinam289.png,f:\Quotes\InstaAutomation\KadhalThinamThinamInsta\White\KadhalThinamThinam289.png,https://raw.githubusercontent.com/mr-php20/amiableWrites/refs/heads/main/White/KadhalThinamThinam289.png,"#amiablewrites #kadhalthinamthinam #meendumorkadhalmazhai #karpanaiyokadhalvasam #peachhouseperson #Arivalan

#TamilKavithai #TamilPoetry #TamilLovePoems #KadhalKavithai #RomanticKavithai #TamilKadhal #TamilQuotes #TamilKadhalKavithaigal #RomanticQuotes #TamilKavithaigal #TamilLoveQuotes #TamilSadQuotes #TamilThathuvangal #TamilKavidhai #TamilPoems #TamilKavithaikal #TamilLoveStory #PoetryInTamil #LoveInTamil #TamilRomanticQuotes #TamilInstaPoetry #TamilQuoteLovers #InstaKavithai #KadhalInstagram","Save this poem as your little love reminder to brighten your day. If it touched your heart, leave a ❤, and share it with someone who needs to hear this. Let's spread love... save it, share it!

இக்கவிதையை உங்கள் நாளை சிறப்பாக்கும் காதல் நினைவாக சேமியுங்கள். இதன் உணர்வுகள் உங்கள் இதயத்தை தழுவி இருந்தால், ❤ கொடுக்கவும், இதை உணர வேண்டியவருடன் பகிரவும். காதலை பரப்புவோம்... சேமியுங்கள், பகிருங்கள்!",,"Tamil, English",1758544200
2025-09-23 18:00:00,Black,KadhalThinamThinam343.png,f:\Quotes\InstaAutomation\KadhalThinamThinamInsta\Black\KadhalThinamThinam343.png,https://raw.githubusercontent.com/mr-php20/amiableWrites/refs/heads/main/Black/KadhalThinamThinam343.png,"#amiablewrites #kadhalthinamthinam #meendumorkadhalmazhai #karpanaiyokadhalvasam #peachhouseperson #Arivalan

#TamilKavithai #TamilPoetry #TamilLovePoems #KadhalKavithai #RomanticKavithai #TamilKadhal #TamilQuotes #TamilKadhalKavithaigal #RomanticQuotes #TamilKavithaigal #TamilLoveQuotes #TamilSadQuotes #TamilThathuvangal #TamilKavidhai #TamilPoems #TamilKavithaikal #TamilLoveStory #PoetryInTamil #LoveInTamil #TamilRomanticQuotes #TamilInstaPoetry #TamilQuoteLovers #InstaKavithai #KadhalInstagram","Save this poem as your little love reminder to brighten your day. If it touched your heart, leave a ❤, and share it with someone who needs to hear this. Let's spread love... save it, share it!

இக்கவிதையை உங்கள் நாளை சிறப்பாக்கும் காதல் நினைவாக சேமியுங்கள். இதன் உணர்வுகள் உங்கள் இதயத்தை தழுவி இருந்தால், ❤ கொடுக்கவும், இதை உணர வேண்டியவருடன் பகிரவும். காதலை பரப்புவோம்... சேமியுங்கள், பகிருங்கள்!",,"Tamil, English",1758630600
2025-09-24 18:00:00,Color,0062_Green_KadhalThinamThinam256.png,f:\Quotes\InstaAutomation\KadhalThinamThinamInsta\Spectrum\0062_Green_KadhalThinamThinam256.png,https://raw.githubusercontent.com/mr-php20/amiableWrites/refs/heads/main/Spectrum/0062_Green_KadhalThinamThinam256.png,"#amiablewrites #kadhalthinamthinam #meendumorkadhalmazhai #karpanaiyokadhalvasam #peachhouseperson #Arivalan

#TamilKavithai #TamilPoetry #TamilLovePoems #KadhalKavithai #RomanticKavithai #TamilKadhal #TamilQuotes #TamilKadhalKavithaigal #RomanticQuotes #TamilKavithaigal #TamilLoveQuotes #TamilSadQuotes #TamilThathuvangal #TamilKavidhai #TamilPoems #TamilKavithaikal #TamilLoveStory #PoetryInTamil #LoveInTamil #TamilRomanticQuotes #TamilInstaPoetry #TamilQuoteLovers #InstaKavithai #KadhalInstagram","Save this poem as your little love reminder to brighten your day. If it touched your heart, leave a ❤, and share it with someone who needs to hear this. Let's spread love... save it, share it!

இக்கவிதையை உங்கள் நாளை சிறப்பாக்கும் காதல் நினைவாக சேமியுங்கள். இதன் உணர்வுகள் உங்கள் இதயத்தை தழுவி இருந்தால், ❤ கொடுக்கவும், இதை உணர வேண்டியவருடன் பகிரவும். காதலை பரப்புவோம்... சேமியுங்கள், பகிருங்கள்!",,"Tamil, English",1758717000
2025-09-25 18:00:00,White,KadhalThinamThinam308.png,f:\Quotes\InstaAutomation\KadhalThinamThinamInsta\White\KadhalThinamThinam308.png,https://raw.githubusercontent.com/mr-php20/amiableWrites/refs/heads/main/White/KadhalThinamThinam308.png,"#amiablewrites #kadhalthinamthinam #meendumorkadhalmazhai #karpanaiyokadhalvasam #peachhouseperson #Arivalan

#TamilKavithai #TamilPoetry #TamilLovePoems #KadhalKavithai #RomanticKavithai #TamilKadhal #TamilQuotes #TamilKadhalKavithaigal #RomanticQuotes #TamilKavithaigal #TamilLoveQuotes #TamilSadQuotes #TamilThathuvangal #TamilKavidhai #TamilPoems #TamilKavithaikal #TamilLoveStory #PoetryInTamil #LoveInTamil #TamilRomanticQuotes #TamilInstaPoetry #TamilQuoteLovers #InstaKavithai #KadhalInstagram","Save this poem as your little love reminder to brighten your day. If it touched your heart, leave a ❤, and share it with someone who needs to hear this. Let's spread love... save it, share it!

இக்கவிதையை உங்கள் நாளை சிறப்பாக்கும் காதல் நினைவாக சேமியுங்கள். இதன் உணர்வுகள் உங்கள் இதயத்தை தழுவி இருந்தால், ❤ கொடுக்கவும், இதை உணர வேண்டியவருடன் பகிரவும். காதலை பரப்புவோம்... சேமியுங்கள், பகிருங்கள்!",,"Tamil, English",1758803400
2025-09-26 18:00:00,Black,KadhalThinamThinam346.png,f:\Quotes\InstaAutomation\KadhalThinamThinamInsta\Black\KadhalThinamThinam346.png,https://raw.githubusercontent.com/mr-php20/amiableWrites/refs/heads/main/Black/KadhalThinamThinam346.png,"#amiablewrites #kadhalthinamthinam #meendumorkadhalmazhai #karpanaiyokadhalvasam #peachhouseperson #Arivalan

#TamilKavithai #TamilPoetry #TamilLovePoems #KadhalKavithai #RomanticKavithai #TamilKadhal #TamilQuotes #TamilKadhalKavithaigal #RomanticQuotes #TamilKavithaigal #TamilLoveQuotes #TamilSadQuotes #TamilThathuvangal #TamilKavidhai #TamilPoems #TamilKavithaikal #TamilLoveStory #PoetryInTamil #LoveInTamil #TamilRomanticQuotes #TamilInstaPoetry #TamilQuoteLovers #InstaKavithai #KadhalInstagram","Save this poem as your little love reminder to brighten your day. If it touched your heart, leave a ❤, and share it with someone who needs to hear this. Let's spread love... save it, share it!

இக்கவிதையை உங்கள் நாளை சிறப்பாக்கும் காதல் நினைவாக சேமியுங்கள். இதன் உணர்வுகள் உங்கள் இதயத்தை தழுவி இருந்தால், ❤ கொடுக்கவும், இதை உணர வேண்டியவருடன் பகிரவும். காதலை பரப்புவோம்... சேமியுங்கள், பகிருங்கள்!",,"Tamil, English",1758889800
2025-09-27 18:00:00,Color,0063_Green_KadhalThinamThinam95.png,f:\Quotes\InstaAutomation\KadhalThinamThinamInsta\Spectrum\0063_Green_KadhalThinamThinam95.png,https://raw.githubusercontent.com/mr-php20/amiableWrites/refs/heads/main/Spectrum/0063_Green_KadhalThinamThinam95.png,"#amiablewrites #kadhalthinamthinam #meendumorkadhalmazhai #karpanaiyokadhalvasam #peachhouseperson #Arivalan

#TamilKavithai #TamilPoetry #TamilLovePoems #KadhalKavithai #RomanticKavithai #TamilKadhal #TamilQuotes #TamilKadhalKavithaigal #RomanticQuotes #TamilKavithaigal #TamilLoveQuotes #TamilSadQuotes #TamilThathuvangal #TamilKavidhai #TamilPoems #TamilKavithaikal #TamilLoveStory #PoetryInTamil #LoveInTamil #TamilRomanticQuotes #TamilInstaPoetry #TamilQuoteLovers #InstaKavithai #KadhalInstagram","Save this poem as your little love reminder to brighten your day. If it touched your heart, leave a ❤, and share it with someone who needs to hear this. Let's spread love... save it, share it!

இக்கவிதையை உங்கள் நாளை சிறப்பாக்கும் காதல் நினைவாக சேமியுங்கள். இதன் உணர்வுகள் உங்கள் இதயத்தை தழுவி இருந்தால், ❤ கொடுக்கவும், இதை உணர வேண்டியவருடன் பகிரவும். காதலை பரப்புவோம்... சேமியுங்கள், பகிருங்கள்!",,"Tamil, English",1758976200
2025-09-28 18:00:00,White,KadhalThinamThinam320.png,f:\Quotes\InstaAutomation\KadhalThinamThinamInsta\White\KadhalThinamThinam320.png,https://raw.githubusercontent.com/mr-php20/amiableWrites/refs/heads/main/White/KadhalThinamThinam320.png,"#amiablewrites #kadhalthinamthinam #meendumorkadhalmazhai #karpanaiyokadhalvasam #peachhouseperson #Arivalan

#TamilKavithai #TamilPoetry #TamilLovePoems #KadhalKavithai #RomanticKavithai #TamilKadhal #TamilQuotes #TamilKadhalKavithaigal #RomanticQuotes #TamilKavithaigal #TamilLoveQuotes #TamilSadQuotes #TamilThathuvangal #TamilKavidhai #TamilPoems #TamilKavithaikal #TamilLoveStory #PoetryInTamil #LoveInTamil #TamilRomanticQuotes #TamilInstaPoetry #TamilQuoteLovers #InstaKavithai #KadhalInstagram","Save this poem as your little love reminder to brighten your day. If it touched your heart, leave a ❤, and share it with someone who needs to hear this. Let's spread love... save it, share it!

இக்கவிதையை உங்கள் நாளை சிறப்பாக்கும் காதல் நினைவாக சேமியுங்கள். இதன் உணர்வுகள் உங்கள் இதயத்தை தழுவி இருந்தால், ❤ கொடுக்கவும், இதை உணர வேண்டியவருடன் பகிரவும். காதலை பரப்புவோம்... சேமியுங்கள், பகிருங்கள்!",,"Tamil, English",1759062600
2025-09-29 18:00:00,Black,KadhalThinamThinam353.png,f:\Quotes\InstaAutomation\KadhalThinamThinamInsta\Black\KadhalThinamThinam353.png,https://raw.githubusercontent.com/mr-php20/amiableWrites/refs/heads/main/Black/KadhalThinamThinam353.png,"#amiablewrites #kadhalthinamthinam #meendumorkadhalmazhai #karpanaiyokadhalvasam #peachhouseperson #Arivalan

#TamilKavithai #TamilPoetry #TamilLovePoems #KadhalKavithai #RomanticKavithai #TamilKadhal #TamilQuotes #TamilKadhalKavithaigal #RomanticQuotes #TamilKavithaigal #TamilLoveQuotes #TamilSadQuotes #TamilThathuvangal #TamilKavidhai #TamilPoems #TamilKavithaikal #TamilLoveStory #PoetryInTamil #LoveInTamil #TamilRomanticQuotes #TamilInstaPoetry #TamilQuoteLovers #InstaKavithai #KadhalInstagram","Save this poem as your little love reminder to brighten your day. If it touched your heart, leave a ❤, and share it with someone who needs to hear this. Let's spread love... save it, share it!

இக்கவிதையை உங்கள் நாளை சிறப்பாக்கும் காதல் நினைவாக சேமியுங்கள். இதன் உணர்வுகள் உங்கள் இதயத்தை தழுவி இருந்தால், ❤ கொடுக்கவும், இதை உணர வேண்டியவருடன் பகிரவும். காதலை பரப்புவோம்... சேமியுங்கள், பகிருங்கள்!",,"Tamil, English",1759149000
2025-09-30 18:00:00,Color,0064_Green_KadhalThinamThinam297.png,f:\Quotes\InstaAutomation\KadhalThinamThinamInsta\Spectrum\0064_Green_KadhalThinamThinam297.png,https://raw.githubusercontent.com/mr-php20/amiableWrites/refs/heads/main/Spectrum/0064_Green_KadhalThinamThinam297.png,"#amiablewrites #kadhalthinamthinam #meendumorkadhalmazhai #karpanaiyokadhalvasam #peachhouseperson #Arivalan

#TamilKavithai #TamilPoetry #TamilLovePoems #KadhalKavithai #RomanticKavithai #TamilKadhal #TamilQuotes #TamilKadhalKavithaigal #RomanticQuotes #TamilKavithaigal #TamilLoveQuotes #TamilSadQuotes #TamilThathuvangal #TamilKavidhai #TamilPoems #TamilKavithaikal #TamilLoveStory #PoetryInTamil #LoveInTamil #TamilRomanticQuotes #TamilInstaPoetry #TamilQuoteLovers #InstaKavithai #KadhalInstagram","Save this poem as your little love reminder to brighten your day. If it touched your heart, leave a ❤, and share it with someone who needs to hear this. Let's spread love... save it, share it!

இக்கவிதையை உங்கள் நாளை சிறப்பாக்கும் காதல் நினைவாக சேமியுங்கள். இதன் உணர்வுகள் உங்கள் இதயத்தை தழுவி இருந்தால், ❤ கொடுக்கவும், இதை உணர வேண்டியவருடன் பகிரவும். காதலை பரப்புவோம்... சேமியுங்கள், பகிருங்கள்!",,"Tamil, English",1759235400
2025-10-01 18:00:00,White,KadhalThinamThinam329.png,f:\Quotes\InstaAutomation\KadhalThinamThinamInsta\White\KadhalThinamThinam329.png,https://raw.githubusercontent.com/mr-php20/amiableWrites/refs/heads/main/White/KadhalThinamThinam329.png,"#amiablewrites #kadhalthinamthinam #meendumorkadhalmazhai #karpanaiyokadhalvasam #peachhouseperson #Arivalan

#TamilKavithai #TamilPoetry #TamilLovePoems #KadhalKavithai #RomanticKavithai #TamilKadhal #TamilQuotes #TamilKadhalKavithaigal #RomanticQuotes #TamilKavithaigal #TamilLoveQuotes #TamilSadQuotes #TamilThathuvangal #TamilKavidhai #TamilPoems #TamilKavithaikal #TamilLoveStory #PoetryInTamil #LoveInTamil #TamilRomanticQuotes #TamilInstaPoetry #TamilQuoteLovers #InstaKavithai #KadhalInstagram","Save this poem as your little love reminder to brighten your day. If it touched your heart, leave a ❤, and share it with someone who needs to hear this. Let's spread love... save it, share it!

இக்கவிதையை உங்கள் நாளை சிறப்பாக்கும் காதல் நினைவாக சேமியுங்கள். இதன் உணர்வுகள் உங்கள் இதயத்தை தழுவி இருந்தால், ❤ கொடுக்கவும், இதை உணர வேண்டியவருடன் பகிரவும். காதலை பரப்புவோம்... சேமியுங்கள், பகிருங்கள்!",,"Tamil, English",1759321800
2025-10-02 18:00:00,Black,KadhalThinamThinam355.png,f:\Quotes\InstaAutomation\KadhalThinamThinamInsta\Black\KadhalThinamThinam355.png,https://raw.githubusercontent.com/mr-php20/amiableWrites/refs/heads/main/Black/KadhalThinamThinam355.png,"#amiablewrites #kadhalthinamthinam #meendumorkadhalmazhai #karpanaiyokadhalvasam #peachhouseperson #Arivalan

#TamilKavithai #TamilPoetry #TamilLovePoems #KadhalKavithai #RomanticKavithai #TamilKadhal #TamilQuotes #TamilKadhalKavithaigal #RomanticQuotes #TamilKavithaigal #TamilLoveQuotes #TamilSadQuotes #TamilThathuvangal #TamilKavidhai #TamilPoems #TamilKavithaikal #TamilLoveStory #PoetryInTamil #LoveInTamil #TamilRomanticQuotes #TamilInstaPoetry #TamilQuoteLovers #InstaKavithai #KadhalInstagram","Save this poem as your little love reminder to brighten your day. If it touched your heart, leave a ❤, and share it with someone who needs to hear this. Let's spread love... save it, share it!

இக்கவிதையை உங்கள் நாளை சிறப்பாக்கும் காதல் நினைவாக சேமியுங்கள். இதன் உணர்வுகள் உங்கள் இதயத்தை தழுவி இருந்தால், ❤ கொடுக்கவும், இதை உணர வேண்டியவருடன் பகிரவும். காதலை பரப்புவோம்... சேமியுங்கள், பகிருங்கள்!",,"Tamil, English",1759408200
2025-10-03 18:00:00,Color,0065_Green_KadhalThinamThinam193.png,f:\Quotes\InstaAutomation\KadhalThinamThinamInsta\Spectrum\0065_Green_KadhalThinamThinam193.png,https://raw.githubusercontent.com/mr-php20/amiableWrites/refs/heads/main/Spectrum/0065_Green_KadhalThinamThinam193.png,"#amiablewrites #kadhalthinamthinam #meendumorkadhalmazhai #karpanaiyokadhalvasam #peachhouseperson #Arivalan

#TamilKavithai #TamilPoetry #TamilLovePoems #KadhalKavithai #RomanticKavithai #TamilKadhal #TamilQuotes #TamilKadhalKavithaigal #RomanticQuotes #TamilKavithaigal #TamilLoveQuotes #TamilSadQuotes #TamilThathuvangal #TamilKavidhai #TamilPoems #TamilKavithaikal #TamilLoveStory #PoetryInTamil #LoveInTamil #TamilRomanticQuotes #TamilInstaPoetry #TamilQuoteLovers #InstaKavithai #KadhalInstagram","Save this poem as your little love reminder to brighten your day. If it touched your heart, leave a ❤, and share it with someone who needs to hear this. Let's spread love... save it, share it!

இக்கவிதையை உங்கள் நாளை சிறப்பாக்கும் காதல் நினைவாக சேமியுங்கள். இதன் உணர்வுகள் உங்கள் இதயத்தை தழுவி இருந்தால், ❤ கொடுக்கவும், இதை உணர வேண்டியவருடன் பகிரவும். காதலை பரப்புவோம்... சேமியுங்கள், பகிருங்கள்!",,"Tamil, English",1759494600
2025-10-04 18:00:00,White,KadhalThinamThinam335.png,f:\Quotes\InstaAutomation\KadhalThinamThinamInsta\White\KadhalThinamThinam335.png,https://raw.githubusercontent.com/mr-php20/amiableWrites/refs/heads/main/White/KadhalThinamThinam335.png,"#amiablewrites #kadhalthinamthinam #meendumorkadhalmazhai #karpanaiyokadhalvasam #peachhouseperson #Arivalan

#TamilKavithai #TamilPoetry #TamilLovePoems #KadhalKavithai #RomanticKavithai #TamilKadhal #TamilQuotes #TamilKadhalKavithaigal #RomanticQuotes #TamilKavithaigal #TamilLoveQuotes #TamilSadQuotes #TamilThathuvangal #TamilKavidhai #TamilPoems #TamilKavithaikal #TamilLoveStory #PoetryInTamil #LoveInTamil #TamilRomanticQuotes #TamilInstaPoetry #TamilQuoteLovers #InstaKavithai #KadhalInstagram","Save this poem as your little love reminder to brighten your day. If it touched your heart, leave a ❤, and share it with someone who needs to hear this. Let's spread love... save it, share it!

இக்கவிதையை உங்கள் நாளை சிறப்பாக்கும் காதல் நினைவாக சேமியுங்கள். இதன் உணர்வுகள் உங்கள் இதயத்தை தழுவி இருந்தால், ❤ கொடுக்கவும், இதை உணர வேண்டியவருடன் பகிரவும். காதலை பரப்புவோம்... சேமியுங்கள், பகிருங்கள்!",,"Tamil, English",1759581000
2025-10-05 18:00:00,Black,KadhalThinamThinam362.png,f:\Quotes\InstaAutomation\KadhalThinamThinamInsta\Black\KadhalThinamThinam362.png,https://raw.githubusercontent.com/mr-php20/amiableWrites/refs/heads/main/Black/KadhalThinamThinam362.png,"#amiablewrites #kadhalthinamthinam #meendumorkadhalmazhai #karpanaiyokadhalvasam #peachhouseperson #Arivalan

#TamilKavithai #TamilPoetry #TamilLovePoems #KadhalKavithai #RomanticKavithai #TamilKadhal #TamilQuotes #TamilKadhalKavithaigal #RomanticQuotes #TamilKavithaigal #TamilLoveQuotes #TamilSadQuotes #TamilThathuvangal #TamilKavidhai #TamilPoems #TamilKavithaikal #TamilLoveStory #PoetryInTamil #LoveInTamil #TamilRomanticQuotes #TamilInstaPoetry #TamilQuoteLovers #InstaKavithai #KadhalInstagram","Save this poem as your little love reminder to brighten your day. If it touched your heart, leave a ❤, and share it with someone who needs to hear this. Let's spread love... save it, share it!

இக்கவிதையை உங்கள் நாளை சிறப்பாக்கும் காதல் நினைவாக சேமியுங்கள். இதன் உணர்வுகள் உங்கள் இதயத்தை தழுவி இருந்தால், ❤ கொடுக்கவும், இதை உணர வேண்டியவருடன் பகிரவும். காதலை பரப்புவோம்... சேமியுங்கள், பகிருங்கள்!",,"Tamil, English",1759667400
2025-10-06 18:00:00,Color,0066_Green_KadhalThinamThinam173.png,f:\Quotes\InstaAutomation\KadhalThinamThinamInsta\Spectrum\0066_Green_KadhalThinamThinam173.png,https://raw.githubusercontent.com/mr-php20/amiableWrites/refs/heads/main/Spectrum/0066_Green_KadhalThinamThinam173.png,"#amiablewrites #kadhalthinamthinam #meendumorkadhalmazhai #karpanaiyokadhalvasam #peachhouseperson #Arivalan

#TamilKavithai #TamilPoetry #TamilLovePoems #KadhalKavithai #RomanticKavithai #TamilKadhal #TamilQuotes #TamilKadhalKavithaigal #RomanticQuotes #TamilKavithaigal #TamilLoveQuotes #TamilSadQuotes #TamilThathuvangal #TamilKavidhai #TamilPoems #TamilKavithaikal #TamilLoveStory #PoetryInTamil #LoveInTamil #TamilRomanticQuotes #TamilInstaPoetry #TamilQuoteLovers #InstaKavithai #KadhalInstagram","Save this poem as your little love reminder to brighten your day. If it touched your heart, leave a ❤, and share it with someone who needs to hear this. Let's spread love... save it, share it!

இக்கவிதையை உங்கள் நாளை சிறப்பாக்கும் காதல் நினைவாக சேமியுங்கள். இதன் உணர்வுகள் உங்கள் இதயத்தை தழுவி இருந்தால், ❤ கொடுக்கவும், இதை உணர வேண்டியவருடன் பகிரவும். காதலை பரப்புவோம்... சேமியுங்கள், பகிருங்கள்!",,"Tamil, English",1759753800
2025-10-07 18:00:00,White,KadhalThinamThinam344.png,f:\Quotes\InstaAutomation\KadhalThinamThinamInsta\White\KadhalThinamThinam344.png,https://raw.githubusercontent.com/mr-php20/amiableWrites/refs/heads/main/White/KadhalThinamThinam344.png,"#amiablewrites #kadhalthinamthinam #meendumorkadhalmazhai #karpanaiyokadhalvasam #peachhouseperson #Arivalan

#TamilKavithai #TamilPoetry #TamilLovePoems #KadhalKavithai #RomanticKavithai #TamilKadhal #TamilQuotes #TamilKadhalKavithaigal #RomanticQuotes #TamilKavithaigal #TamilLoveQuotes #TamilSadQuotes #TamilThathuvangal #TamilKavidhai #TamilPoems #TamilKavithaikal #TamilLoveStory #PoetryInTamil #LoveInTamil #TamilRomanticQuotes #TamilInstaPoetry #TamilQuoteLovers #InstaKavithai #KadhalInstagram","Save this poem as your little love reminder to brighten your day. If it touched your heart, leave a ❤, and share it with someone who needs to hear this. Let's spread love... save it, share it!

இக்கவிதையை உங்கள் நாளை சிறப்பாக்கும் காதல் நினைவாக சேமியுங்கள். இதன் உணர்வுகள் உங்கள் இதயத்தை தழுவி இருந்தால், ❤ கொடுக்கவும், இதை உணர வேண்டியவருடன் பகிரவும். காதலை பரப்புவோம்... சேமியுங்கள், பகிருங்கள்!",,"Tamil, English",1759840200
2025-10-08 18:00:00,Black,KadhalThinamThinam365.png,f:\Quotes\InstaAutomation\KadhalThinamThinamInsta\Black\KadhalThinamThinam365.png,https://raw.githubusercontent.com/mr-php20/amiableWrites/refs/heads/main/Black/KadhalThinamThinam365.png,"#amiablewrites #kadhalthinamthinam #meendumorkadhalmazhai #karpanaiyokadhalvasam #peachhouseperson #Arivalan

#TamilKavithai #TamilPoetry #TamilLovePoems #KadhalKavithai #RomanticKavithai #TamilKadhal #TamilQuotes #TamilKadhalKavithaigal #RomanticQuotes #TamilKavithaigal #TamilLoveQuotes #TamilSadQuotes #TamilThathuvangal #TamilKavidhai #TamilPoems #TamilKavithaikal #TamilLoveStory #PoetryInTamil #LoveInTamil #TamilRomanticQuotes #TamilInstaPoetry #TamilQuoteLovers #InstaKavithai #KadhalInstagram","Save this poem as your little love reminder to brighten your day. If it touched your heart, leave a ❤, and share it with someone who needs to hear this. Let's spread love... save it, share it!

இக்கவிதையை உங்கள் நாளை சிறப்பாக்கும் காதல் நினைவாக சேமியுங்கள். இதன் உணர்வுகள் உங்கள் இதயத்தை தழுவி இருந்தால், ❤ கொடுக்கவும், இதை உணர வேண்டியவருடன் பகிரவும். காதலை பரப்புவோம்... சேமியுங்கள், பகிருங்கள்!",,"Tamil, English",1759926600
2025-10-09 18:00:00,Color,0067_Yellow_KadhalThinamThinam211.png,f:\Quotes\InstaAutomation\KadhalThinamThinamInsta\Spectrum\0067_Yellow_KadhalThinamThinam211.png,https://raw.githubusercontent.com/mr-php20/amiableWrites/refs/heads/main/Spectrum/0067_Yellow_KadhalThinamThinam211.png,"#amiablewrites #kadhalthinamthinam #meendumorkadhalmazhai #karpanaiyokadhalvasam #peachhouseperson #Arivalan

#TamilKavithai #TamilPoetry #TamilLovePoems #KadhalKavithai #RomanticKavithai #TamilKadhal #TamilQuotes #TamilKadhalKavithaigal #RomanticQuotes #TamilKavithaigal #TamilLoveQuotes #TamilSadQuotes #TamilThathuvangal #TamilKavidhai #TamilPoems #TamilKavithaikal #TamilLoveStory #PoetryInTamil #LoveInTamil #TamilRomanticQuotes #TamilInstaPoetry #TamilQuoteLovers #InstaKavithai #KadhalInstagram","Save this poem as your little love reminder to brighten your day. If it touched your heart, leave a ❤, and share it with someone who needs to hear this. Let's spread love... save it, share it!

இக்கவிதையை உங்கள் நாளை சிறப்பாக்கும் காதல் நினைவாக சேமியுங்கள். இதன் உணர்வுகள் உங்கள் இதயத்தை தழுவி இருந்தால், ❤ கொடுக்கவும், இதை உணர வேண்டியவருடன் பகிரவும். காதலை பரப்புவோம்... சேமியுங்கள், பகிருங்கள்!",,"Tamil, English",1760013000
